0,1,2,3,4,5,6,7,8,9,10
A3GALT2,1.0,FALSE,1,0.0,0.0,1.0,1.0,1.0,0.0,Diverged_in_single-cell
AAAS,1.0,FALSE,1,0.0,0.0,1.0,0.334190073821024,1.0,0.0,Diverged_in_single-cell
AACS,1.0,FALSE,0,0.0,1.0,1.0,1.0,1.0,0.0,Diverged_in_single-cell
AAMP,1.0,FALSE,1,0.0,1.0,1.0,0.92782176570168,1.0,0.0,Diverged_in_single-cell
AARS2,1.0,FALSE,0,0.0,1.0,1.0,1.0,1.0,0.0,Diverged_in_single-cell
AASDH,1.0,FALSE,1,0.0,0.0,1.0,1.0,1.0,0.0,Diverged_in_single-cell
AASDHPPT,1.0,FALSE,0,0.0,1.0,1.0,1.0,1.0,0.0,Diverged_in_single-cell
ABCA4,1.0,FALSE,1,0.0,0.0,1.0,1.0,1.0,0.0,Diverged_in_single-cell
ABCA8,1.0,FALSE,0,1.0,0.0,1.0,1.0,1.0,0.0,Diverged_in_single-cell
ABCB5,1.0,FALSE,1,0.0,0.0,1.0,0.0008562646458191,0.233326069778998,0.0,Diverged_in_single-cell
ABCB6,1.0,FALSE,0,1.0,0.0,1.0,5.44e-06,1.0,0.0,Diverged_in_single-cell
ABCC10,1.0,FALSE,1,0.0,1.0,1.0,0.370200599534537,1.0,0.0,Diverged_in_single-cell
ABCC2,1.0,FALSE,0,0.0,1.0,1.0,0.851646089619574,1.0,0.0,Diverged_in_single-cell
ABCD1,1.0,FALSE,1,0.0,0.0,1.0,1.0,1.0,0.0,Diverged_in_single-cell
ABCF1,1.0,FALSE,1,0.0,0.0,1.0,1.79e-05,0.0001319490692451,1.0,Diverged_in_both
ABCF3,1.0,FALSE,0,0.0,1.0,1.0,1.0,1.0,0.0,Diverged_in_single-cell
ABCG8,1.0,FALSE,0,0.0,1.0,1.0,0.0007895685440251,0.0001229041733694,1.0,Diverged_in_both
ABHD1,1.0,FALSE,0,0.0,1.0,1.0,1.0,1.0,0.0,Diverged_in_single-cell
ABHD16A,1.0,FALSE,0,1.0,0.0,1.0,8.26e-06,0.0008155614867651,1.0,Diverged_in_both
ABHD5,1.0,FALSE,0,0.0,1.0,1.0,1.0,1.0,0.0,Diverged_in_single-cell
ABRACL,1.0,FALSE,0,0.0,1.0,1.0,0.502229604579631,1.0,0.0,Diverged_in_single-cell
ABT1,1.0,FALSE,0,1.0,0.0,1.0,0.968844621819293,1.0,0.0,Diverged_in_single-cell
ACAD11,1.0,FALSE,1,1.0,1.0,1.0,8.28e-06,2.49e-06,1.0,Diverged_in_both
ACAD8,1.0,FALSE,0,0.0,1.0,1.0,1.0,1.0,0.0,Diverged_in_single-cell
ACADM,1.0,FALSE,0,0.0,1.0,1.0,0.667600336608655,1.0,0.0,Diverged_in_single-cell
ACAT1,1.0,FALSE,0,0.0,1.0,1.0,1.0,1.0,0.0,Diverged_in_single-cell
ACBD7,1.0,FALSE,0,1.0,0.0,1.0,0.277002670135788,1.0,0.0,Diverged_in_single-cell
ACCSL,1.0,FALSE,0,0.0,1.0,1.0,0.964871809829319,1.0,0.0,Diverged_in_single-cell
ACER1,1.0,FALSE,0,0.0,1.0,1.0,1.0,1.0,0.0,Diverged_in_single-cell
ACIN1,1.0,FALSE,0,1.0,0.0,1.0,0.697158798820581,1.0,0.0,Diverged_in_single-cell
ACKR2,1.0,FALSE,0,1.0,0.0,1.0,0.0012351451741541,0.001915588347856,1.0,Diverged_in_both
ACMSD,1.0,FALSE,1,0.0,1.0,1.0,1.07e-05,5.79e-05,1.0,Diverged_in_both
ACOT11,1.0,FALSE,0,1.0,0.0,1.0,1.0,1.0,0.0,Diverged_in_single-cell
ACOT8,1.0,FALSE,1,0.0,1.0,1.0,0.162858235704099,1.0,0.0,Diverged_in_single-cell
ACOX3,1.0,FALSE,1,0.0,1.0,1.0,0.210572053166759,1.0,0.0,Diverged_in_single-cell
ACP1,1.0,FALSE,0,0.0,1.0,1.0,0.839866790305821,1.0,0.0,Diverged_in_single-cell
ACPP,1.0,FALSE,1,0.0,0.0,1.0,,,0.0,Diverged_in_single-cell
ACRBP,1.0,FALSE,0,1.0,0.0,1.0,,,0.0,Diverged_in_single-cell
ACSBG1,1.0,FALSE,1,0.0,0.0,1.0,0.61321621878922,1.0,0.0,Diverged_in_single-cell
ACSBG2,1.0,FALSE,0,1.0,0.0,1.0,0.0481576782550941,1.0,0.0,Diverged_in_single-cell
ACSM4,1.0,FALSE,0,0.0,1.0,1.0,0.247262337538198,1.0,0.0,Diverged_in_single-cell
ACTA1,1.0,FALSE,0,1.0,1.0,1.0,0.0011484031586276,0.0165930609528529,1.0,Diverged_in_both
ACTG2,1.0,FALSE,1,1.0,0.0,1.0,0.665080594419743,1.0,0.0,Diverged_in_single-cell
ACTL6B,1.0,FALSE,0,0.0,1.0,1.0,1.0,1.0,0.0,Diverged_in_single-cell
ACTN3,1.0,FALSE,0,1.0,0.0,1.0,1.0,1.0,0.0,Diverged_in_single-cell
ACTR1A,1.0,FALSE,0,0.0,1.0,1.0,1.0,1.0,0.0,Diverged_in_single-cell
ACTR5,1.0,FALSE,0,0.0,1.0,1.0,1.0,1.0,0.0,Diverged_in_single-cell
ACTR6,1.0,FALSE,0,1.0,0.0,1.0,0.282610116857323,1.0,0.0,Diverged_in_single-cell
ACTR8,1.0,FALSE,0,1.0,0.0,1.0,0.345642288997096,1.0,0.0,Diverged_in_single-cell
ACVR2B,1.0,FALSE,0,0.0,1.0,1.0,0.411856203745685,1.0,0.0,Diverged_in_single-cell
ADAM21,1.0,FALSE,0,1.0,0.0,1.0,1.0,1.0,0.0,Diverged_in_single-cell
ADAM8,1.0,FALSE,1,1.0,0.0,1.0,1.0,1.0,0.0,Diverged_in_single-cell
ADAMTS12,1.0,FALSE,1,0.0,1.0,1.0,1.0,1.0,0.0,Diverged_in_single-cell
ADAMTS19,1.0,FALSE,0,0.0,1.0,1.0,1.0,1.0,0.0,Diverged_in_single-cell
ADAMTSL1,1.0,FALSE,0,0.0,1.0,1.0,1.0,1.0,0.0,Diverged_in_single-cell
ADCK2,1.0,FALSE,0,0.0,1.0,1.0,0.402881810959526,1.0,0.0,Diverged_in_single-cell
ADCK5,1.0,FALSE,0,0.0,1.0,1.0,1.79e-05,0.513309024687383,0.0,Diverged_in_single-cell
ADCY4,1.0,FALSE,1,1.0,0.0,1.0,8.26e-06,0.17448682390973,0.0,Diverged_in_single-cell
ADCYAP1,1.0,FALSE,0,1.0,0.0,1.0,0.810575592645482,1.0,0.0,Diverged_in_single-cell
ADGRE1,1.0,FALSE,0,0.0,1.0,1.0,1.0,1.0,0.0,Diverged_in_single-cell
ADGRG7,1.0,FALSE,0,1.0,0.0,1.0,1.0,1.0,0.0,Diverged_in_single-cell
ADGRL4,1.0,FALSE,0,1.0,0.0,1.0,1.0,1.0,0.0,Diverged_in_single-cell
ADIPOR1,1.0,FALSE,1,0.0,0.0,1.0,1.0,1.0,0.0,Diverged_in_single-cell
ADIRF,1.0,FALSE,1,1.0,0.0,1.0,1.67e-05,1.0,0.0,Diverged_in_single-cell
ADM,1.0,FALSE,1,0.0,0.0,1.0,1.0,1.0,0.0,Diverged_in_single-cell
ADM5,1.0,FALSE,0,1.0,1.0,1.0,,,0.0,Diverged_in_single-cell
ADPRH,1.0,FALSE,1,0.0,0.0,1.0,1.0,1.0,0.0,Diverged_in_single-cell
ADRA1D,1.0,FALSE,0,0.0,1.0,1.0,1.0,1.0,0.0,Diverged_in_single-cell
ADRA2C,1.0,FALSE,0,0.0,1.0,1.0,0.888393818002233,1.0,0.0,Diverged_in_single-cell
ADRB2,1.0,FALSE,1,1.0,0.0,1.0,0.499977286134878,1.0,0.0,Diverged_in_single-cell
ADRM1,1.0,FALSE,1,0.0,0.0,1.0,1.0,1.0,0.0,Diverged_in_single-cell
ADTRP,1.0,FALSE,0,0.0,1.0,1.0,0.784609554985984,1.0,0.0,Diverged_in_single-cell
AEBP1,1.0,FALSE,1,0.0,0.0,1.0,0.799430745564881,1.0,0.0,Diverged_in_single-cell
AEBP2,1.0,FALSE,1,0.0,0.0,1.0,1.0,1.0,0.0,Diverged_in_single-cell
AFF2,1.0,FALSE,0,0.0,1.0,1.0,1.0,1.0,0.0,Diverged_in_single-cell
AGER,1.0,FALSE,0,1.0,0.0,1.0,0.0017366468014912,1.0,0.0,Diverged_in_single-cell
AGK,1.0,FALSE,0,1.0,0.0,1.0,0.0722330771497585,1.0,0.0,Diverged_in_single-cell
AGPAT5,1.0,FALSE,0,0.0,1.0,1.0,1.79e-05,1.38e-05,1.0,Diverged_in_both
AGR3,1.0,FALSE,0,1.0,1.0,1.0,1.0,1.0,0.0,Diverged_in_single-cell
AGT,1.0,FALSE,1,0.0,0.0,1.0,0.756039157496609,1.0,0.0,Diverged_in_single-cell
AGTRAP,1.0,FALSE,0,0.0,1.0,1.0,0.989498431182434,1.0,0.0,Diverged_in_single-cell
AHCY,1.0,FALSE,1,0.0,0.0,1.0,1.0,1.0,0.0,Diverged_in_single-cell
AHNAK2,1.0,FALSE,0,0.0,1.0,1.0,0.144352870060516,1.0,0.0,Diverged_in_single-cell
AIM2,1.0,FALSE,1,0.0,0.0,1.0,,,0.0,Diverged_in_single-cell
AIP,1.0,FALSE,1,0.0,0.0,1.0,1.0,1.0,0.0,Diverged_in_single-cell
AK6,1.0,FALSE,0,1.0,0.0,1.0,8.28e-06,3.69e-05,1.0,Diverged_in_both
AK9,1.0,FALSE,0,0.0,1.0,1.0,0.143392936850629,1.0,0.0,Diverged_in_single-cell
AKAP17A,1.0,FALSE,0,1.0,1.0,1.0,1.18e-05,0.001706929381068,1.0,Diverged_in_both
AKAP3,1.0,FALSE,1,0.0,0.0,1.0,,,0.0,Diverged_in_single-cell
AKR1C1,1.0,FALSE,0,0.0,1.0,1.0,0.006811944663774,1.0,0.0,Diverged_in_single-cell
AKR1D1,1.0,FALSE,0,0.0,1.0,1.0,0.0856103917409213,1.0,0.0,Diverged_in_single-cell
AKR7A2,1.0,FALSE,0,1.0,0.0,1.0,0.573346814997059,1.0,0.0,Diverged_in_single-cell
ALDH16A1,1.0,FALSE,0,1.0,0.0,1.0,0.542691724973343,1.0,0.0,Diverged_in_single-cell
ALDH1A1,1.0,FALSE,0,1.0,0.0,1.0,1.0,1.0,0.0,Diverged_in_single-cell
ALDH1L1,1.0,FALSE,1,0.0,0.0,1.0,1.0,1.0,0.0,Diverged_in_single-cell
ALDH3B1,1.0,FALSE,1,1.0,0.0,1.0,1.0,1.0,0.0,Diverged_in_single-cell
ALG12,1.0,FALSE,0,0.0,1.0,1.0,0.0003449044031474,1.0,0.0,Diverged_in_single-cell
ALG14,1.0,FALSE,1,0.0,0.0,1.0,1.0,1.0,0.0,Diverged_in_single-cell
ALG2,1.0,FALSE,0,0.0,1.0,1.0,1.0,1.0,0.0,Diverged_in_single-cell
ALG5,1.0,FALSE,0,0.0,1.0,1.0,0.127826491038556,1.0,0.0,Diverged_in_single-cell
ALKBH1,1.0,FALSE,0,0.0,1.0,1.0,0.196618318767766,1.0,0.0,Diverged_in_single-cell
ALKBH2,1.0,FALSE,0,0.0,1.0,1.0,0.669455817085142,1.0,0.0,Diverged_in_single-cell
ALKBH3,1.0,FALSE,0,0.0,1.0,1.0,0.762989515430301,1.0,0.0,Diverged_in_single-cell
ALKBH4,1.0,FALSE,0,0.0,1.0,1.0,0.588945466840042,1.0,0.0,Diverged_in_single-cell
ALKBH7,1.0,FALSE,1,0.0,1.0,1.0,1.0,1.0,0.0,Diverged_in_single-cell
ALLC,1.0,FALSE,0,0.0,1.0,1.0,1.0,1.0,0.0,Diverged_in_single-cell
ALOX5,1.0,FALSE,1,0.0,0.0,1.0,0.178002282244676,1.0,0.0,Diverged_in_single-cell
ALOX5AP,1.0,FALSE,1,1.0,0.0,1.0,0.318938686473212,1.0,0.0,Diverged_in_single-cell
ALOXE3,1.0,FALSE,0,0.0,1.0,1.0,1.0,1.0,0.0,Diverged_in_single-cell
ALPL,1.0,FALSE,0,1.0,0.0,1.0,1.0,1.0,0.0,Diverged_in_single-cell
ALX4,1.0,FALSE,1,0.0,0.0,1.0,0.0323672264735364,0.250483832113362,0.0,Diverged_in_single-cell
AMACR,1.0,FALSE,1,1.0,1.0,1.0,1.0,1.0,0.0,Diverged_in_single-cell
AMBRA1,1.0,FALSE,0,1.0,0.0,1.0,0.187585361435705,1.0,0.0,Diverged_in_single-cell
AMDHD1,1.0,FALSE,0,0.0,1.0,1.0,0.258334035019149,0.27159437834811,0.0,Diverged_in_single-cell
AMER1,1.0,FALSE,1,1.0,1.0,1.0,0.971318191021686,1.0,0.0,Diverged_in_single-cell
AMH,1.0,FALSE,0,0.0,1.0,1.0,1.0,1.0,0.0,Diverged_in_single-cell
AMIGO1,1.0,FALSE,0,0.0,1.0,1.0,0.441958097210261,1.0,0.0,Diverged_in_single-cell
AMTN,1.0,FALSE,1,1.0,0.0,1.0,,,0.0,Diverged_in_single-cell
ANAPC15,1.0,FALSE,1,0.0,0.0,1.0,0.884199354805957,1.0,0.0,Diverged_in_single-cell
ANAPC2,1.0,FALSE,1,0.0,0.0,1.0,0.762989515430301,1.0,0.0,Diverged_in_single-cell
ANAPC4,1.0,FALSE,0,0.0,1.0,1.0,1.0,1.0,0.0,Diverged_in_single-cell
ANAPC7,1.0,FALSE,1,0.0,1.0,1.0,0.502229604579631,1.0,0.0,Diverged_in_single-cell
ANGPT4,1.0,FALSE,1,0.0,0.0,1.0,0.382801227525441,1.0,0.0,Diverged_in_single-cell
ANGPTL3,1.0,FALSE,0,1.0,0.0,1.0,3.81e-05,3.98e-06,1.0,Diverged_in_both
ANGPTL4,1.0,FALSE,0,1.0,0.0,1.0,1.0,1.0,0.0,Diverged_in_single-cell
ANGPTL6,1.0,FALSE,1,0.0,0.0,1.0,1.0,1.0,0.0,Diverged_in_single-cell
ANGPTL7,1.0,FALSE,1,0.0,0.0,1.0,1.0,1.0,0.0,Diverged_in_single-cell
ANKAR,1.0,FALSE,0,0.0,1.0,1.0,1.0,1.0,0.0,Diverged_in_single-cell
ANKLE1,1.0,FALSE,0,0.0,1.0,1.0,0.0397622747886885,1.0,0.0,Diverged_in_single-cell
ANKLE2,1.0,FALSE,1,0.0,0.0,1.0,0.463109201104726,1.0,0.0,Diverged_in_single-cell
ANKMY2,1.0,FALSE,0,0.0,1.0,1.0,1.0,1.0,0.0,Diverged_in_single-cell
ANKRA2,1.0,FALSE,0,0.0,1.0,1.0,1.0,1.0,0.0,Diverged_in_single-cell
ANKRD37,1.0,FALSE,1,0.0,0.0,1.0,1.0,1.0,0.0,Diverged_in_single-cell
ANKRD39,1.0,FALSE,0,1.0,0.0,1.0,0.0006770921899913,1.0,0.0,Diverged_in_single-cell
ANKRD49,1.0,FALSE,0,1.0,0.0,1.0,1.0,1.0,0.0,Diverged_in_single-cell
ANKRD55,1.0,FALSE,1,0.0,0.0,1.0,1.0,1.0,0.0,Diverged_in_single-cell
ANKRD61,1.0,FALSE,0,1.0,1.0,1.0,,,0.0,Diverged_in_single-cell
ANO1,1.0,FALSE,1,0.0,0.0,1.0,1.0,1.0,0.0,Diverged_in_single-cell
ANPEP,1.0,FALSE,1,0.0,0.0,1.0,0.989498431182434,1.0,0.0,Diverged_in_single-cell
ANXA1,1.0,FALSE,0,1.0,0.0,1.0,1.0,1.0,0.0,Diverged_in_single-cell
ANXA13,1.0,FALSE,0,0.0,1.0,1.0,1.0,1.0,0.0,Diverged_in_single-cell
ANXA9,1.0,FALSE,1,1.0,0.0,1.0,1.0,1.0,0.0,Diverged_in_single-cell
AOX1,1.0,FALSE,0,0.0,1.0,1.0,0.600311143195412,1.0,0.0,Diverged_in_single-cell
AP1M1,1.0,FALSE,0,0.0,1.0,1.0,0.530501113369397,1.0,0.0,Diverged_in_single-cell
AP1M2,1.0,FALSE,0,1.0,1.0,1.0,0.0028875082505151,1.0,0.0,Diverged_in_single-cell
AP1S3,1.0,FALSE,0,1.0,1.0,1.0,1.0,1.0,0.0,Diverged_in_single-cell
AP2A2,1.0,FALSE,0,1.0,0.0,1.0,1.0,1.0,0.0,Diverged_in_single-cell
AP2S1,1.0,FALSE,0,0.0,1.0,1.0,0.290126102417994,1.0,0.0,Diverged_in_single-cell
AP3M2,1.0,FALSE,0,0.0,1.0,1.0,0.789049291486693,1.0,0.0,Diverged_in_single-cell
AP3S2,1.0,FALSE,0,0.0,1.0,1.0,0.968844621819293,1.0,0.0,Diverged_in_single-cell
AP4S1,1.0,FALSE,0,0.0,1.0,1.0,0.669455817085142,1.0,0.0,Diverged_in_single-cell
APBA2,1.0,FALSE,0,0.0,1.0,1.0,0.0070144771047151,1.0,0.0,Diverged_in_single-cell
APEX1,1.0,FALSE,1,0.0,0.0,1.0,1.0,1.0,0.0,Diverged_in_single-cell
APH1A,1.0,FALSE,1,0.0,0.0,1.0,0.0011285298270545,1.0,0.0,Diverged_in_single-cell
API5,1.0,FALSE,0,0.0,1.0,1.0,0.159219960069847,1.0,0.0,Diverged_in_single-cell
APIP,1.0,FALSE,0,0.0,1.0,1.0,0.825706055124476,1.0,0.0,Diverged_in_single-cell
APLF,1.0,FALSE,0,0.0,1.0,1.0,1.0,1.0,0.0,Diverged_in_single-cell
APMAP,1.0,FALSE,0,0.0,1.0,1.0,1.0,1.0,0.0,Diverged_in_single-cell
APOA1,1.0,FALSE,0,0.0,1.0,1.0,0.0173981150421635,0.135322778717966,0.0,Diverged_in_single-cell
APOBEC3G,1.0,FALSE,1,1.0,0.0,1.0,,,0.0,Diverged_in_single-cell
APOC1,1.0,FALSE,1,0.0,0.0,1.0,1.0,1.0,0.0,Diverged_in_single-cell
APOM,1.0,FALSE,1,0.0,1.0,1.0,8.26e-06,0.0165352850888097,1.0,Diverged_in_both
APOO,1.0,FALSE,1,0.0,1.0,1.0,1.0,1.0,0.0,Diverged_in_single-cell
APOOL,1.0,FALSE,0,0.0,1.0,1.0,0.0003249589288396,1.0,0.0,Diverged_in_single-cell
APTX,1.0,FALSE,0,0.0,1.0,1.0,1.0,1.0,0.0,Diverged_in_single-cell
AQP1,1.0,FALSE,1,0.0,0.0,1.0,0.0894094565507605,1.0,0.0,Diverged_in_single-cell
AQP7,1.0,FALSE,0,0.0,1.0,1.0,0.558495726463131,1.0,0.0,Diverged_in_single-cell
ARCN1,1.0,FALSE,0,1.0,0.0,1.0,1.0,1.0,0.0,Diverged_in_single-cell
ARF3,1.0,FALSE,0,1.0,1.0,1.0,1.0,1.0,0.0,Diverged_in_single-cell
ARF4,1.0,FALSE,1,0.0,0.0,1.0,1.0,1.0,0.0,Diverged_in_single-cell
ARFGAP1,1.0,FALSE,1,0.0,0.0,1.0,1.0,1.0,0.0,Diverged_in_single-cell
ARFGAP2,1.0,FALSE,1,0.0,0.0,1.0,0.941255465555969,1.0,0.0,Diverged_in_single-cell
ARHGAP19,1.0,FALSE,1,1.0,0.0,1.0,0.0331088515759176,0.702062845711864,0.0,Diverged_in_single-cell
ARHGAP28,1.0,FALSE,0,0.0,1.0,1.0,1.0,1.0,0.0,Diverged_in_single-cell
ARHGAP30,1.0,FALSE,0,1.0,0.0,1.0,,,0.0,Diverged_in_single-cell
ARHGAP40,1.0,FALSE,1,0.0,1.0,1.0,1.0,1.0,0.0,Diverged_in_single-cell
ARHGDIB,1.0,FALSE,0,1.0,0.0,1.0,1.0,1.0,0.0,Diverged_in_single-cell
ARHGEF15,1.0,FALSE,1,0.0,0.0,1.0,1.0,1.0,0.0,Diverged_in_single-cell
ARHGEF19,1.0,FALSE,1,0.0,0.0,1.0,0.824719117969054,1.0,0.0,Diverged_in_single-cell
ARHGEF38,1.0,FALSE,0,1.0,0.0,1.0,0.0059354853748251,0.835929119728155,0.0,Diverged_in_single-cell
ARHGEF39,1.0,FALSE,0,0.0,1.0,1.0,0.334326312088343,1.0,0.0,Diverged_in_single-cell
ARIH2OS,1.0,FALSE,0,0.0,1.0,1.0,,,0.0,Diverged_in_single-cell
ARL14EP,1.0,FALSE,0,1.0,0.0,1.0,1.0,1.0,0.0,Diverged_in_single-cell
ARL 16.00,1.0,FALSE,0,0.0,1.0,1.0,1.0,1.0,0.0,Diverged_in_single-cell
ARL 2.00,1.0,FALSE,0,1.0,1.0,1.0,0.0432263160513202,1.0,0.0,Diverged_in_single-cell
ARL 3.00,1.0,FALSE,1,0.0,0.0,1.0,1.0,1.0,0.0,Diverged_in_single-cell
ARL5C,1.0,FALSE,0,1.0,0.0,1.0,0.413020771566395,1.0,0.0,Diverged_in_single-cell
ARL 9.00,1.0,FALSE,0,1.0,0.0,1.0,1.0,1.0,0.0,Diverged_in_single-cell
ARMC9,1.0,FALSE,0,0.0,1.0,1.0,0.287808345935294,1.0,0.0,Diverged_in_single-cell
ARMCX4,1.0,FALSE,0,0.0,1.0,1.0,1.0,1.0,0.0,Diverged_in_single-cell
ARMCX5,1.0,FALSE,0,0.0,1.0,1.0,0.78582393417339,1.0,0.0,Diverged_in_single-cell
ARPC3,1.0,FALSE,1,0.0,0.0,1.0,1.0,1.0,0.0,Diverged_in_single-cell
ARPC4,1.0,FALSE,0,1.0,0.0,1.0,0.377865425356844,1.0,0.0,Diverged_in_single-cell
ARPC5L,1.0,FALSE,0,0.0,1.0,1.0,1.0,1.0,0.0,Diverged_in_single-cell
ARPIN,1.0,FALSE,0,1.0,1.0,1.0,1.0,1.0,0.0,Diverged_in_single-cell
ARRDC3,1.0,FALSE,0,0.0,1.0,1.0,0.697158798820581,1.0,0.0,Diverged_in_single-cell
ARSA,1.0,FALSE,0,0.0,1.0,1.0,0.0110912340214193,1.0,0.0,Diverged_in_single-cell
ARSE,1.0,FALSE,0,1.0,0.0,1.0,,,0.0,Diverged_in_single-cell
ARSH,1.0,FALSE,0,1.0,0.0,1.0,1.0,1.0,0.0,Diverged_in_single-cell
ART3,1.0,FALSE,0,0.0,1.0,1.0,1.0,1.0,0.0,Diverged_in_single-cell
ARTN,1.0,FALSE,0,1.0,1.0,1.0,1.0,1.0,0.0,Diverged_in_single-cell
ARX,1.0,FALSE,1,0.0,0.0,1.0,0.127603247847454,1.0,0.0,Diverged_in_single-cell
ASB14,1.0,FALSE,1,0.0,0.0,1.0,0.0781197005077375,1.0,0.0,Diverged_in_single-cell
ASB15,1.0,FALSE,1,0.0,0.0,1.0,1.0,1.0,0.0,Diverged_in_single-cell
ASB17,1.0,FALSE,1,1.0,0.0,1.0,,,0.0,Diverged_in_single-cell
ASB3,1.0,FALSE,1,0.0,0.0,1.0,0.0161437633569464,1.0,0.0,Diverged_in_single-cell
ASCC1,1.0,FALSE,1,0.0,0.0,1.0,1.0,1.0,0.0,Diverged_in_single-cell
ASF1A,1.0,FALSE,0,0.0,1.0,1.0,0.346534149269854,1.0,0.0,Diverged_in_single-cell
ASF1B,1.0,FALSE,0,1.0,0.0,1.0,0.0442783675919439,1.0,0.0,Diverged_in_single-cell
ASH2L,1.0,FALSE,0,0.0,1.0,1.0,1.0,1.0,0.0,Diverged_in_single-cell
ASIC3,1.0,FALSE,0,1.0,0.0,1.0,1.0,1.0,0.0,Diverged_in_single-cell
ASIP,1.0,FALSE,0,1.0,0.0,1.0,1.0,1.0,0.0,Diverged_in_single-cell
ASMT,1.0,FALSE,0,0.0,1.0,1.0,1.59e-05,1.0,0.0,Diverged_in_single-cell
ASMTL,1.0,FALSE,0,0.0,1.0,1.0,1.59e-05,0.133345557377986,0.0,Diverged_in_single-cell
ASNA1,1.0,FALSE,1,0.0,0.0,1.0,,,0.0,Diverged_in_single-cell
ASNSD1,1.0,FALSE,0,0.0,1.0,1.0,1.0,1.0,0.0,Diverged_in_single-cell
ASPA,1.0,FALSE,0,1.0,0.0,1.0,1.0,1.0,0.0,Diverged_in_single-cell
ASPM,1.0,FALSE,0,0.0,1.0,1.0,0.536803460981004,1.0,0.0,Diverged_in_single-cell
ASRGL1,1.0,FALSE,0,1.0,0.0,1.0,1.0,1.0,0.0,Diverged_in_single-cell
ASTE1,1.0,FALSE,0,0.0,1.0,1.0,1.0,1.0,0.0,Diverged_in_single-cell
ATAD5,1.0,FALSE,0,0.0,1.0,1.0,1.0,1.0,0.0,Diverged_in_single-cell
ATF3,1.0,FALSE,0,1.0,0.0,1.0,0.720348711252676,1.0,0.0,Diverged_in_single-cell
ATG14,1.0,FALSE,0,1.0,0.0,1.0,1.0,1.0,0.0,Diverged_in_single-cell
ATG4A,1.0,FALSE,0,0.0,1.0,1.0,0.0093705876586878,1.0,0.0,Diverged_in_single-cell
ATOH7,1.0,FALSE,0,0.0,1.0,1.0,1.0,1.0,0.0,Diverged_in_single-cell
ATP10D,1.0,FALSE,0,1.0,0.0,1.0,1.0,1.0,0.0,Diverged_in_single-cell
ATP12A,1.0,FALSE,0,1.0,1.0,1.0,0.575820612543096,1.0,0.0,Diverged_in_single-cell
ATP2B3,1.0,FALSE,0,0.0,1.0,1.0,1.0,1.0,0.0,Diverged_in_single-cell
ATP4A,1.0,FALSE,0,0.0,1.0,1.0,1.0,1.0,0.0,Diverged_in_single-cell
ATP6AP1L,1.0,FALSE,1,0.0,0.0,1.0,1.0,1.0,0.0,Diverged_in_single-cell
ATP6V1C2,1.0,FALSE,0,0.0,1.0,1.0,0.353051568829493,1.0,0.0,Diverged_in_single-cell
ATP6V1D,1.0,FALSE,0,0.0,1.0,1.0,1.0,1.0,0.0,Diverged_in_single-cell
ATP6V1E1,1.0,FALSE,1,0.0,0.0,1.0,1.0,1.0,0.0,Diverged_in_single-cell
ATP6V1G2,1.0,FALSE,0,1.0,1.0,1.0,,,0.0,Diverged_in_single-cell
ATP8B3,1.0,FALSE,0,0.0,1.0,1.0,0.88195070659205,1.0,0.0,Diverged_in_single-cell
ATPAF1,1.0,FALSE,0,0.0,1.0,1.0,0.846317384175654,1.0,0.0,Diverged_in_single-cell
ATRAID,1.0,FALSE,0,0.0,1.0,1.0,0.824719117969054,1.0,0.0,Diverged_in_single-cell
ATRN,1.0,FALSE,1,0.0,0.0,1.0,0.634449154097596,1.0,0.0,Diverged_in_single-cell
ATXN10,1.0,FALSE,0,0.0,1.0,1.0,0.448633006935632,1.0,0.0,Diverged_in_single-cell
ATXN7L3,1.0,FALSE,0,0.0,1.0,1.0,1.0,1.0,0.0,Diverged_in_single-cell
ATXN7L3B,1.0,FALSE,0,0.0,1.0,1.0,1.0,1.0,0.0,Diverged_in_single-cell
AUNIP,1.0,FALSE,0,0.0,1.0,1.0,,,0.0,Diverged_in_single-cell
AUP1,1.0,FALSE,1,0.0,0.0,1.0,1.0,1.0,0.0,Diverged_in_single-cell
AURKA,1.0,FALSE,0,0.0,1.0,1.0,0.929981307225946,1.0,0.0,Diverged_in_single-cell
AURKB,1.0,FALSE,1,1.0,1.0,1.0,1.0,1.0,0.0,Diverged_in_single-cell
AURKC,1.0,FALSE,0,0.0,1.0,1.0,1.0,1.0,0.0,Diverged_in_single-cell
AVP,1.0,FALSE,0,0.0,1.0,1.0,1.0,1.0,0.0,Diverged_in_single-cell
AZI2,1.0,FALSE,0,0.0,1.0,1.0,1.0,1.0,0.0,Diverged_in_single-cell
AZU1,1.0,FALSE,0,0.0,1.0,1.0,0.0138820865260542,1.0,0.0,Diverged_in_single-cell
B4GALNT2,1.0,FALSE,0,1.0,0.0,1.0,1.0,1.0,0.0,Diverged_in_single-cell
B4GALNT3,1.0,FALSE,0,0.0,1.0,1.0,0.694305853068811,1.0,0.0,Diverged_in_single-cell
B4GALT2,1.0,FALSE,0,0.0,1.0,1.0,0.634449154097596,1.0,0.0,Diverged_in_single-cell
B4GALT3,1.0,FALSE,1,1.0,1.0,1.0,0.162858235704099,1.0,0.0,Diverged_in_single-cell
B4GALT4,1.0,FALSE,0,0.0,1.0,1.0,1.0,1.0,0.0,Diverged_in_single-cell
BAAT,1.0,FALSE,0,0.0,1.0,1.0,0.345049815777502,1.0,0.0,Diverged_in_single-cell
BABAM1,1.0,FALSE,0,0.0,1.0,1.0,0.590195007214723,1.0,0.0,Diverged_in_single-cell
BAG4,1.0,FALSE,1,0.0,0.0,1.0,0.595267578085224,1.0,0.0,Diverged_in_single-cell
BAIAP2L1,1.0,FALSE,1,1.0,0.0,1.0,0.0873681470882361,0.482454598068027,0.0,Diverged_in_single-cell
BAMBI,1.0,FALSE,0,1.0,0.0,1.0,1.0,1.0,0.0,Diverged_in_single-cell
BAP1,1.0,FALSE,0,1.0,0.0,1.0,1.0,1.0,0.0,Diverged_in_single-cell
BARD1,1.0,FALSE,0,0.0,1.0,1.0,0.334190073821024,1.0,0.0,Diverged_in_single-cell
BATF2,1.0,FALSE,1,1.0,0.0,1.0,1.0,1.0,0.0,Diverged_in_single-cell
BAX,1.0,FALSE,1,0.0,0.0,1.0,1.0,1.0,0.0,Diverged_in_single-cell
BBC3,1.0,FALSE,0,0.0,1.0,1.0,,,0.0,Diverged_in_single-cell
BBIP1,1.0,FALSE,1,0.0,0.0,1.0,0.0499931090397993,1.0,0.0,Diverged_in_single-cell
BBS1,1.0,FALSE,1,0.0,1.0,1.0,0.443255708616004,1.0,0.0,Diverged_in_single-cell
BBS10,1.0,FALSE,0,0.0,1.0,1.0,1.0,1.0,0.0,Diverged_in_single-cell
BBS12,1.0,FALSE,1,0.0,0.0,1.0,1.0,1.0,0.0,Diverged_in_single-cell
BBS5,1.0,FALSE,1,0.0,1.0,1.0,5.44e-06,2.49e-06,1.0,Diverged_in_both
BCAP31,1.0,FALSE,0,1.0,0.0,1.0,0.271435489694995,1.0,0.0,Diverged_in_single-cell
BCKDHA,1.0,FALSE,1,0.0,1.0,1.0,1.27e-05,5.79e-05,1.0,Diverged_in_both
BCL2A1,1.0,FALSE,1,0.0,0.0,1.0,1.0,1.0,0.0,Diverged_in_single-cell
BCL2L12,1.0,FALSE,0,1.0,0.0,1.0,1.0,1.0,0.0,Diverged_in_single-cell
BCL2L14,1.0,FALSE,0,1.0,0.0,1.0,8.28e-06,2.76e-05,1.0,Diverged_in_both
BCL2L15,1.0,FALSE,0,0.0,1.0,1.0,,,0.0,Diverged_in_single-cell
BDNF,1.0,FALSE,0,1.0,0.0,1.0,1.79e-05,0.297031404878151,0.0,Diverged_in_single-cell
BDP1,1.0,FALSE,1,0.0,0.0,1.0,1.79e-05,1.38e-05,1.0,Diverged_in_both
BECN1,1.0,FALSE,0,0.0,1.0,1.0,1.0,1.0,0.0,Diverged_in_single-cell
BEND5,1.0,FALSE,0,0.0,1.0,1.0,1.0,1.0,0.0,Diverged_in_single-cell
BEST1,1.0,FALSE,0,1.0,0.0,1.0,1.0,1.0,0.0,Diverged_in_single-cell
BEST4,1.0,FALSE,0,0.0,1.0,1.0,1.0,1.0,0.0,Diverged_in_single-cell
BET1L,1.0,FALSE,0,0.0,1.0,1.0,1.0,1.0,0.0,Diverged_in_single-cell
BEX4,1.0,FALSE,0,0.0,1.0,1.0,,,0.0,Diverged_in_single-cell
BEX5,1.0,FALSE,0,0.0,1.0,1.0,,,0.0,Diverged_in_single-cell
BFSP1,1.0,FALSE,0,0.0,1.0,1.0,0.0245414906372923,1.0,0.0,Diverged_in_single-cell
BFSP2,1.0,FALSE,0,0.0,1.0,1.0,0.115048772524415,1.0,0.0,Diverged_in_single-cell
BGN,1.0,FALSE,1,0.0,0.0,1.0,1.0,1.0,0.0,Diverged_in_single-cell
BHLHE22,1.0,FALSE,0,0.0,1.0,1.0,1.0,1.0,0.0,Diverged_in_single-cell
BIK,1.0,FALSE,0,0.0,1.0,1.0,,,0.0,Diverged_in_single-cell
BIN2,1.0,FALSE,1,0.0,0.0,1.0,1.0,1.0,0.0,Diverged_in_single-cell
BIRC2,1.0,FALSE,0,0.0,1.0,1.0,1.0,1.0,0.0,Diverged_in_single-cell
BLOC1S1,1.0,FALSE,0,1.0,1.0,1.0,1.0,1.0,0.0,Diverged_in_single-cell
BLOC1S2,1.0,FALSE,0,0.0,1.0,1.0,1.0,1.0,0.0,Diverged_in_single-cell
BLOC1S4,1.0,FALSE,1,0.0,1.0,1.0,1.0,1.0,0.0,Diverged_in_single-cell
BLOC1S5,1.0,FALSE,1,0.0,1.0,1.0,1.0,1.0,0.0,Diverged_in_single-cell
BLOC1S6,1.0,FALSE,0,0.0,1.0,1.0,1.0,1.0,0.0,Diverged_in_single-cell
BLZF1,1.0,FALSE,0,1.0,1.0,1.0,1.0,1.0,0.0,Diverged_in_single-cell
BMI1,1.0,FALSE,0,1.0,0.0,1.0,0.510164425899813,1.0,0.0,Diverged_in_single-cell
BMP3,1.0,FALSE,0,0.0,1.0,1.0,0.447035592602907,1.0,0.0,Diverged_in_single-cell
BMP5,1.0,FALSE,0,1.0,1.0,1.0,1.0,1.0,0.0,Diverged_in_single-cell
BNIPL,1.0,FALSE,0,0.0,1.0,1.0,1.0,1.0,0.0,Diverged_in_single-cell
BOLL,1.0,FALSE,0,1.0,1.0,1.0,1.0,1.0,0.0,Diverged_in_single-cell
BPGM,1.0,FALSE,0,1.0,1.0,1.0,1.0,1.0,0.0,Diverged_in_single-cell
BPNT1,1.0,FALSE,0,0.0,1.0,1.0,1.0,1.0,0.0,Diverged_in_single-cell
BRCC3,1.0,FALSE,0,0.0,1.0,1.0,1.0,1.0,0.0,Diverged_in_single-cell
BRD1,1.0,FALSE,0,1.0,0.0,1.0,0.448633006935632,1.0,0.0,Diverged_in_single-cell
BRD9,1.0,FALSE,0,0.0,1.0,1.0,1.0,1.0,0.0,Diverged_in_single-cell
BRK1,1.0,FALSE,0,1.0,0.0,1.0,1.0,1.0,0.0,Diverged_in_single-cell
BRPF1,1.0,FALSE,0,1.0,0.0,1.0,0.363878924564395,1.0,0.0,Diverged_in_single-cell
BRSK2,1.0,FALSE,0,0.0,1.0,1.0,1.0,1.0,0.0,Diverged_in_single-cell
BSG,1.0,FALSE,1,0.0,0.0,1.0,0.573346814997059,1.0,0.0,Diverged_in_single-cell
BST1,1.0,FALSE,1,0.0,0.0,1.0,1.0,1.0,0.0,Diverged_in_single-cell
BST2,1.0,FALSE,1,1.0,0.0,1.0,,,0.0,Diverged_in_single-cell
BTBD11,1.0,FALSE,0,0.0,1.0,1.0,1.0,1.0,0.0,Diverged_in_single-cell
BTBD2,1.0,FALSE,0,0.0,1.0,1.0,0.771539449197757,1.0,0.0,Diverged_in_single-cell
BTBD6,1.0,FALSE,1,1.0,0.0,1.0,0.0953585957600739,1.0,0.0,Diverged_in_single-cell
BTBD7,1.0,FALSE,0,1.0,0.0,1.0,8.26e-06,2.49e-06,1.0,Diverged_in_both
BTC,1.0,FALSE,0,0.0,1.0,1.0,0.441958097210261,1.0,0.0,Diverged_in_single-cell
BTF3L4,1.0,FALSE,0,1.0,0.0,1.0,1.0,1.0,0.0,Diverged_in_single-cell
BTK,1.0,FALSE,0,1.0,0.0,1.0,1.0,1.0,0.0,Diverged_in_single-cell
BTN1A1,1.0,FALSE,0,1.0,0.0,1.0,1.0,1.0,0.0,Diverged_in_single-cell
BTN2A2,1.0,FALSE,0,0.0,1.0,1.0,1.0,1.0,0.0,Diverged_in_single-cell
BUB3,1.0,FALSE,0,1.0,0.0,1.0,0.762989515430301,1.0,0.0,Diverged_in_single-cell
BYSL,1.0,FALSE,0,0.0,1.0,1.0,0.640819940541152,1.0,0.0,Diverged_in_single-cell
BZW1,1.0,FALSE,1,1.0,1.0,1.0,1.0,1.0,0.0,Diverged_in_single-cell
C1D,1.0,FALSE,0,1.0,0.0,1.0,1.0,1.0,0.0,Diverged_in_single-cell
C1QA,1.0,FALSE,1,1.0,0.0,1.0,0.750932055490819,1.0,0.0,Diverged_in_single-cell
C1QB,1.0,FALSE,1,1.0,0.0,1.0,0.771516752752835,1.0,0.0,Diverged_in_single-cell
C1QBP,1.0,FALSE,0,0.0,1.0,1.0,1.0,1.0,0.0,Diverged_in_single-cell
C1QC,1.0,FALSE,1,1.0,0.0,1.0,0.978726107080641,1.0,0.0,Diverged_in_single-cell
C1QL1,1.0,FALSE,1,0.0,0.0,1.0,1.0,1.0,0.0,Diverged_in_single-cell
C1QL3,1.0,FALSE,0,0.0,1.0,1.0,0.499237110433476,1.0,0.0,Diverged_in_single-cell
C1QTNF4,1.0,FALSE,0,0.0,1.0,1.0,0.0067061621740431,1.0,0.0,Diverged_in_single-cell
C1QTNF6,1.0,FALSE,0,1.0,0.0,1.0,1.33e-05,2.76e-05,1.0,Diverged_in_both
C2,1.0,FALSE,0,0.0,1.0,1.0,1.79e-05,0.0037222313856922,1.0,Diverged_in_both
C6,1.0,FALSE,0,0.0,1.0,1.0,0.109091415276945,1.0,0.0,Diverged_in_single-cell
C7,1.0,FALSE,1,1.0,0.0,1.0,1.0,1.0,0.0,Diverged_in_single-cell
CA1,1.0,FALSE,0,0.0,1.0,1.0,1.0,1.0,0.0,Diverged_in_single-cell
CA13,1.0,FALSE,0,0.0,1.0,1.0,0.0089179433387732,1.0,0.0,Diverged_in_single-cell
CA14,1.0,FALSE,1,0.0,0.0,1.0,0.155680786544488,1.0,0.0,Diverged_in_single-cell
CA6,1.0,FALSE,0,1.0,1.0,1.0,1.0,1.0,0.0,Diverged_in_single-cell
CA9,1.0,FALSE,0,0.0,1.0,1.0,0.670942242381283,1.0,0.0,Diverged_in_single-cell
CAAP1,1.0,FALSE,0,0.0,1.0,1.0,0.903699234466393,1.0,0.0,Diverged_in_single-cell
CABLES2,1.0,FALSE,0,0.0,1.0,1.0,1.0,1.0,0.0,Diverged_in_single-cell
CACNA1I,1.0,FALSE,0,0.0,1.0,1.0,0.98375463864335,1.0,0.0,Diverged_in_single-cell
CACNG6,1.0,FALSE,1,0.0,0.0,1.0,0.0021174263868612,1.0,0.0,Diverged_in_single-cell
CAGE1,1.0,FALSE,0,0.0,1.0,1.0,,,0.0,Diverged_in_single-cell
CALB1,1.0,FALSE,0,0.0,1.0,1.0,0.271435489694995,1.0,0.0,Diverged_in_single-cell
CALCB,1.0,FALSE,0,1.0,0.0,1.0,0.0203286672146487,1.0,0.0,Diverged_in_single-cell
CALCR,1.0,FALSE,1,0.0,0.0,1.0,0.127219123503669,1.0,0.0,Diverged_in_single-cell
CALHM2,1.0,FALSE,0,1.0,0.0,1.0,0.993749973155417,1.0,0.0,Diverged_in_single-cell
CALHM3,1.0,FALSE,0,1.0,0.0,1.0,0.908176034771394,1.0,0.0,Diverged_in_single-cell
CALML6,1.0,FALSE,0,1.0,0.0,1.0,1.0,1.0,0.0,Diverged_in_single-cell
CAMK1G,1.0,FALSE,0,0.0,1.0,1.0,1.0,1.0,0.0,Diverged_in_single-cell
CAMTA2,1.0,FALSE,0,0.0,1.0,1.0,1.0,1.0,0.0,Diverged_in_single-cell
CAPN10,1.0,FALSE,0,0.0,1.0,1.0,0.49653924352919,1.0,0.0,Diverged_in_single-cell
CAPN11,1.0,FALSE,0,0.0,1.0,1.0,1.0,1.0,0.0,Diverged_in_single-cell
CAPN14,1.0,FALSE,0,0.0,1.0,1.0,1.0,1.0,0.0,Diverged_in_single-cell
CAPN8,1.0,FALSE,1,0.0,0.0,1.0,1.0,1.0,0.0,Diverged_in_single-cell
CAPRIN2,1.0,FALSE,0,0.0,1.0,1.0,1.0,1.0,0.0,Diverged_in_single-cell
CAPS2,1.0,FALSE,0,0.0,1.0,1.0,0.217196416914592,1.0,0.0,Diverged_in_single-cell
CAPZA1,1.0,FALSE,0,1.0,0.0,1.0,0.97812761128904,1.0,0.0,Diverged_in_single-cell
CAPZA2,1.0,FALSE,0,1.0,0.0,1.0,1.0,1.0,0.0,Diverged_in_single-cell
CARD14,1.0,FALSE,1,1.0,1.0,1.0,1.0,1.0,0.0,Diverged_in_single-cell
CARD6,1.0,FALSE,1,1.0,0.0,1.0,0.718418003316867,1.0,0.0,Diverged_in_single-cell
CARM1,1.0,FALSE,0,0.0,1.0,1.0,0.478639907198109,1.0,0.0,Diverged_in_single-cell
CARS2,1.0,FALSE,0,0.0,1.0,1.0,0.699245153346729,1.0,0.0,Diverged_in_single-cell
CARTPT,1.0,FALSE,0,0.0,1.0,1.0,1.0,1.0,0.0,Diverged_in_single-cell
CASP10,1.0,FALSE,1,1.0,0.0,1.0,0.780458878553777,1.0,0.0,Diverged_in_single-cell
CASP6,1.0,FALSE,0,0.0,1.0,1.0,1.0,1.0,0.0,Diverged_in_single-cell
CASP8AP2,1.0,FALSE,0,0.0,1.0,1.0,0.536803460981004,1.0,0.0,Diverged_in_single-cell
CASQ2,1.0,FALSE,0,1.0,0.0,1.0,1.0,1.0,0.0,Diverged_in_single-cell
CASR,1.0,FALSE,0,1.0,0.0,1.0,1.0,1.0,0.0,Diverged_in_single-cell
CASS4,1.0,FALSE,0,1.0,0.0,1.0,0.98375463864335,1.0,0.0,Diverged_in_single-cell
CAT,1.0,FALSE,0,1.0,1.0,1.0,1.0,1.0,0.0,Diverged_in_single-cell
CATSPERB,1.0,FALSE,0,1.0,1.0,1.0,,,0.0,Diverged_in_single-cell
CATSPERD,1.0,FALSE,1,0.0,1.0,1.0,,,0.0,Diverged_in_single-cell
CBFA2T2,1.0,FALSE,1,0.0,0.0,1.0,1.0,1.0,0.0,Diverged_in_single-cell
CBL,1.0,FALSE,1,0.0,0.0,1.0,1.0,1.0,0.0,Diverged_in_single-cell
CBLC,1.0,FALSE,1,0.0,1.0,1.0,1.0,1.0,0.0,Diverged_in_single-cell
CBX1,1.0,FALSE,0,0.0,1.0,1.0,0.933712412080393,1.0,0.0,Diverged_in_single-cell
CBX3,1.0,FALSE,0,1.0,0.0,1.0,0.318242992271358,1.0,0.0,Diverged_in_single-cell
CBX4,1.0,FALSE,0,0.0,1.0,1.0,1.0,1.0,0.0,Diverged_in_single-cell
CBX8,1.0,FALSE,0,0.0,1.0,1.0,1.0,1.0,0.0,Diverged_in_single-cell
CC2D1A,1.0,FALSE,0,0.0,1.0,1.0,0.105718218655487,1.0,0.0,Diverged_in_single-cell
CC2D1B,1.0,FALSE,1,0.0,0.0,1.0,1.0,1.0,0.0,Diverged_in_single-cell
CC2D2B,1.0,FALSE,0,1.0,1.0,1.0,1.0,1.0,0.0,Diverged_in_single-cell
CCDC105,1.0,FALSE,0,1.0,0.0,1.0,1.0,1.0,0.0,Diverged_in_single-cell
CCDC110,1.0,FALSE,0,0.0,1.0,1.0,,,0.0,Diverged_in_single-cell
CCDC114,1.0,FALSE,0,0.0,1.0,1.0,1.0,1.0,0.0,Diverged_in_single-cell
CCDC115,1.0,FALSE,0,0.0,1.0,1.0,1.0,1.0,0.0,Diverged_in_single-cell
CCDC117,1.0,FALSE,0,0.0,1.0,1.0,0.132734478290391,1.0,0.0,Diverged_in_single-cell
CCDC124,1.0,FALSE,0,0.0,1.0,1.0,0.28283471846952,1.0,0.0,Diverged_in_single-cell
CCDC127,1.0,FALSE,1,0.0,0.0,1.0,0.12666194120946,1.0,0.0,Diverged_in_single-cell
CCDC138,1.0,FALSE,0,0.0,1.0,1.0,,,0.0,Diverged_in_single-cell
CCDC144NL,1.0,FALSE,0,1.0,1.0,1.0,,,0.0,Diverged_in_single-cell
CCDC15,1.0,FALSE,1,0.0,0.0,1.0,1.0,1.0,0.0,Diverged_in_single-cell
CCDC152,1.0,FALSE,0,1.0,0.0,1.0,0.0016310945559594,0.874772877528796,0.0,Diverged_in_single-cell
CCDC155,1.0,FALSE,1,0.0,1.0,1.0,,,0.0,Diverged_in_single-cell
CCDC158,1.0,FALSE,0,0.0,1.0,1.0,,,0.0,Diverged_in_single-cell
CCDC167,1.0,FALSE,0,1.0,1.0,1.0,1.0,1.0,0.0,Diverged_in_single-cell
CCDC168,1.0,FALSE,0,1.0,0.0,1.0,,,0.0,Diverged_in_single-cell
CCDC17,1.0,FALSE,1,1.0,0.0,1.0,1.0,1.0,0.0,Diverged_in_single-cell
CCDC170,1.0,FALSE,0,0.0,1.0,1.0,1.0,1.0,0.0,Diverged_in_single-cell
CCDC174,1.0,FALSE,0,0.0,1.0,1.0,1.0,1.0,0.0,Diverged_in_single-cell
CCDC180,1.0,FALSE,1,1.0,1.0,1.0,0.647470550765929,1.0,0.0,Diverged_in_single-cell
CCDC183,1.0,FALSE,1,0.0,1.0,1.0,1.0,1.0,0.0,Diverged_in_single-cell
CCDC22,1.0,FALSE,0,0.0,1.0,1.0,1.0,1.0,0.0,Diverged_in_single-cell
CCDC27,1.0,FALSE,1,1.0,0.0,1.0,1.0,1.0,0.0,Diverged_in_single-cell
CCDC39,1.0,FALSE,0,0.0,1.0,1.0,3.62e-05,1.0,0.0,Diverged_in_single-cell
CCDC43,1.0,FALSE,1,0.0,1.0,1.0,1.0,1.0,0.0,Diverged_in_single-cell
CCDC47,1.0,FALSE,1,1.0,0.0,1.0,0.0722330771497585,1.0,0.0,Diverged_in_single-cell
CCDC51,1.0,FALSE,1,0.0,1.0,1.0,0.872650729795123,1.0,0.0,Diverged_in_single-cell
CCDC59,1.0,FALSE,1,0.0,1.0,1.0,1.0,1.0,0.0,Diverged_in_single-cell
CCDC61,1.0,FALSE,0,0.0,1.0,1.0,0.012864134960758,1.0,0.0,Diverged_in_single-cell
CCDC7,1.0,FALSE,0,0.0,1.0,1.0,,,0.0,Diverged_in_single-cell
CCDC71L,1.0,FALSE,0,0.0,1.0,1.0,,,0.0,Diverged_in_single-cell
CCDC73,1.0,FALSE,0,0.0,1.0,1.0,0.664755586110866,1.0,0.0,Diverged_in_single-cell
CCDC77,1.0,FALSE,0,0.0,1.0,1.0,1.0,1.0,0.0,Diverged_in_single-cell
CCDC83,1.0,FALSE,0,1.0,0.0,1.0,1.0,1.0,0.0,Diverged_in_single-cell
CCDC86,1.0,FALSE,0,0.0,1.0,1.0,0.23774664019245,1.0,0.0,Diverged_in_single-cell
CCDC88C,1.0,FALSE,0,1.0,0.0,1.0,1.0,1.0,0.0,Diverged_in_single-cell
CCDC89,1.0,FALSE,0,0.0,1.0,1.0,1.0,1.0,0.0,Diverged_in_single-cell
CCKBR,1.0,FALSE,0,0.0,1.0,1.0,1.0,1.0,0.0,Diverged_in_single-cell
CCL25,1.0,FALSE,1,0.0,1.0,1.0,1.0,1.0,0.0,Diverged_in_single-cell
CCL28,1.0,FALSE,0,0.0,1.0,1.0,1.0,1.0,0.0,Diverged_in_single-cell
CCNA2,1.0,FALSE,0,1.0,1.0,1.0,0.806368642148706,1.0,0.0,Diverged_in_single-cell
CCNB1,1.0,FALSE,1,0.0,0.0,1.0,0.239262862353582,1.0,0.0,Diverged_in_single-cell
CCNB2,1.0,FALSE,0,1.0,0.0,1.0,1.0,1.0,0.0,Diverged_in_single-cell
CCNG1,1.0,FALSE,0,0.0,1.0,1.0,0.109279965007015,1.0,0.0,Diverged_in_single-cell
CCNG2,1.0,FALSE,0,0.0,1.0,1.0,1.0,1.0,0.0,Diverged_in_single-cell
CCNI2,1.0,FALSE,0,1.0,0.0,1.0,1.0,1.0,0.0,Diverged_in_single-cell
CCNT1,1.0,FALSE,0,1.0,0.0,1.0,1.0,1.0,0.0,Diverged_in_single-cell
CCNT2,1.0,FALSE,0,1.0,0.0,1.0,0.162858235704099,1.0,0.0,Diverged_in_single-cell
CCPG1,1.0,FALSE,1,1.0,1.0,1.0,0.998839095183453,1.0,0.0,Diverged_in_single-cell
CCT3,1.0,FALSE,1,0.0,0.0,1.0,1.0,1.0,0.0,Diverged_in_single-cell
CCZ1,1.0,FALSE,1,0.0,1.0,1.0,0.618465762736354,1.0,0.0,Diverged_in_single-cell
CD160,1.0,FALSE,0,1.0,0.0,1.0,,,0.0,Diverged_in_single-cell
CD163,1.0,FALSE,1,1.0,0.0,1.0,1.0,1.0,0.0,Diverged_in_single-cell
CD1D,1.0,FALSE,1,0.0,0.0,1.0,1.0,1.0,0.0,Diverged_in_single-cell
CD200R1,1.0,FALSE,0,0.0,1.0,1.0,0.0447459292013891,1.0,0.0,Diverged_in_single-cell
CD22,1.0,FALSE,0,1.0,0.0,1.0,1.0,1.0,0.0,Diverged_in_single-cell
CD244,1.0,FALSE,0,1.0,0.0,1.0,0.905335908400982,0.641594182378469,0.0,Diverged_in_single-cell
CD300A,1.0,FALSE,1,1.0,0.0,1.0,1.0,1.0,0.0,Diverged_in_single-cell
CD37,1.0,FALSE,1,0.0,0.0,1.0,0.736017561629028,1.0,0.0,Diverged_in_single-cell
CD38,1.0,FALSE,1,0.0,0.0,1.0,0.845451897898433,1.0,0.0,Diverged_in_single-cell
CD48,1.0,FALSE,1,1.0,0.0,1.0,0.340942438411161,1.0,0.0,Diverged_in_single-cell
CD5L,1.0,FALSE,0,1.0,1.0,1.0,1.0,1.0,0.0,Diverged_in_single-cell
CD6,1.0,FALSE,0,0.0,1.0,1.0,0.581024570629428,1.0,0.0,Diverged_in_single-cell
CD74,1.0,FALSE,0,1.0,0.0,1.0,0.0005282680455809,1.0,0.0,Diverged_in_single-cell
CD80,1.0,FALSE,1,1.0,0.0,1.0,1.0,1.0,0.0,Diverged_in_single-cell
CD84,1.0,FALSE,1,1.0,0.0,1.0,0.588067616448745,1.0,0.0,Diverged_in_single-cell
CD86,1.0,FALSE,0,1.0,0.0,1.0,0.643808167066332,1.0,0.0,Diverged_in_single-cell
CD8A,1.0,FALSE,0,0.0,1.0,1.0,0.549800290789505,1.0,0.0,Diverged_in_single-cell
CD9,1.0,FALSE,1,0.0,0.0,1.0,1.0,1.0,0.0,Diverged_in_single-cell
CD96,1.0,FALSE,0,0.0,1.0,1.0,1.0,1.0,0.0,Diverged_in_single-cell
CDC20,1.0,FALSE,1,1.0,0.0,1.0,1.0,1.0,0.0,Diverged_in_single-cell
CDC26,1.0,FALSE,1,1.0,0.0,1.0,1.0,1.0,0.0,Diverged_in_single-cell
CDC34,1.0,FALSE,0,1.0,0.0,1.0,0.860507038029953,1.0,0.0,Diverged_in_single-cell
CDC42EP1,1.0,FALSE,1,0.0,0.0,1.0,1.0,1.0,0.0,Diverged_in_single-cell
CDC42EP5,1.0,FALSE,1,0.0,0.0,1.0,0.0006854961653723,1.0,0.0,Diverged_in_single-cell
CDC45,1.0,FALSE,1,1.0,0.0,1.0,1.0,1.0,0.0,Diverged_in_single-cell
CDC6,1.0,FALSE,0,0.0,1.0,1.0,0.502229604579631,1.0,0.0,Diverged_in_single-cell
CDC7,1.0,FALSE,0,1.0,0.0,1.0,1.0,1.0,0.0,Diverged_in_single-cell
CDCA4,1.0,FALSE,0,0.0,1.0,1.0,1.0,1.0,0.0,Diverged_in_single-cell
CDCA7L,1.0,FALSE,0,0.0,1.0,1.0,1.0,1.0,0.0,Diverged_in_single-cell
CDH17,1.0,FALSE,0,1.0,1.0,1.0,0.0070144771047151,0.0700423321955135,0.0,Diverged_in_single-cell
CDH7,1.0,FALSE,0,0.0,1.0,1.0,1.0,1.0,0.0,Diverged_in_single-cell
CDK11B,1.0,FALSE,0,1.0,0.0,1.0,1.0,1.0,0.0,Diverged_in_single-cell
CDK15,1.0,FALSE,0,0.0,1.0,1.0,1.0,1.0,0.0,Diverged_in_single-cell
CDK16,1.0,FALSE,0,0.0,1.0,1.0,0.698935971692484,1.0,0.0,Diverged_in_single-cell
CDK20,1.0,FALSE,1,0.0,0.0,1.0,1.0,1.0,0.0,Diverged_in_single-cell
CDK2AP1,1.0,FALSE,0,0.0,1.0,1.0,0.000661079775817,0.0370872364605828,1.0,Diverged_in_both
CDK5RAP3,1.0,FALSE,0,1.0,0.0,1.0,0.0001743426286556,0.0242007349958532,1.0,Diverged_in_both
CDKL1,1.0,FALSE,0,0.0,1.0,1.0,0.376181488228228,1.0,0.0,Diverged_in_single-cell
CDKL2,1.0,FALSE,0,0.0,1.0,1.0,1.0,1.0,0.0,Diverged_in_single-cell
CDKN2AIP,1.0,FALSE,0,1.0,1.0,1.0,0.0004403617978276,1.0,0.0,Diverged_in_single-cell
CDPF1,1.0,FALSE,0,0.0,1.0,1.0,1.0,1.0,0.0,Diverged_in_single-cell
CDR1,1.0,FALSE,0,1.0,0.0,1.0,,,0.0,Diverged_in_single-cell
CDRT4,1.0,FALSE,0,1.0,0.0,1.0,1.0,1.0,0.0,Diverged_in_single-cell
CEACAM20,1.0,FALSE,1,1.0,0.0,1.0,1.0,1.0,0.0,Diverged_in_single-cell
CEBPZOS,1.0,FALSE,1,0.0,0.0,1.0,,,0.0,Diverged_in_single-cell
CELSR1,1.0,FALSE,0,0.0,1.0,1.0,0.416351806414905,1.0,0.0,Diverged_in_single-cell
CELSR3,1.0,FALSE,0,0.0,1.0,1.0,0.58076134589036,1.0,0.0,Diverged_in_single-cell
CEND1,1.0,FALSE,0,0.0,1.0,1.0,,,0.0,Diverged_in_single-cell
CENPA,1.0,FALSE,1,1.0,1.0,1.0,1.0,1.0,0.0,Diverged_in_single-cell
CENPL,1.0,FALSE,0,0.0,1.0,1.0,0.0149515391155559,0.0943224986497256,0.0,Diverged_in_single-cell
CENPU,1.0,FALSE,0,0.0,1.0,1.0,1.0,1.0,0.0,Diverged_in_single-cell
CEP104,1.0,FALSE,0,0.0,1.0,1.0,1.0,1.0,0.0,Diverged_in_single-cell
CEP162,1.0,FALSE,0,0.0,1.0,1.0,0.549800290789505,1.0,0.0,Diverged_in_single-cell
CEP170B,1.0,FALSE,1,0.0,0.0,1.0,0.391344384754815,1.0,0.0,Diverged_in_single-cell
CEP19,1.0,FALSE,0,0.0,1.0,1.0,1.0,1.0,0.0,Diverged_in_single-cell
CEP70,1.0,FALSE,0,0.0,1.0,1.0,0.228393505826229,1.0,0.0,Diverged_in_single-cell
CEP89,1.0,FALSE,0,0.0,1.0,1.0,1.0,1.0,0.0,Diverged_in_single-cell
CEP95,1.0,FALSE,0,0.0,1.0,1.0,1.0,1.0,0.0,Diverged_in_single-cell
CERKL,1.0,FALSE,0,0.0,1.0,1.0,1.0,1.0,0.0,Diverged_in_single-cell
CERS5,1.0,FALSE,0,1.0,0.0,1.0,1.0,1.0,0.0,Diverged_in_single-cell
CFAP126,1.0,FALSE,0,1.0,0.0,1.0,0.0022989802528729,0.144369555394839,0.0,Diverged_in_single-cell
CFAP36,1.0,FALSE,1,0.0,0.0,1.0,1.0,1.0,0.0,Diverged_in_single-cell
CFAP57,1.0,FALSE,0,1.0,1.0,1.0,1.0,1.0,0.0,Diverged_in_single-cell
CFAP58,1.0,FALSE,0,0.0,1.0,1.0,0.0517354593948451,0.102812008992631,0.0,Diverged_in_single-cell
CFI,1.0,FALSE,1,1.0,0.0,1.0,1.0,1.0,0.0,Diverged_in_single-cell
CFP,1.0,FALSE,0,1.0,0.0,1.0,1.0,1.0,0.0,Diverged_in_single-cell
CHCHD1,1.0,FALSE,1,1.0,0.0,1.0,1.0,1.0,0.0,Diverged_in_single-cell
CHCHD2,1.0,FALSE,1,1.0,0.0,1.0,1.0,1.0,0.0,Diverged_in_single-cell
CHCHD4,1.0,FALSE,0,0.0,1.0,1.0,0.170243893052,1.0,0.0,Diverged_in_single-cell
CHCHD5,1.0,FALSE,1,0.0,0.0,1.0,0.892330920218498,1.0,0.0,Diverged_in_single-cell
CHD6,1.0,FALSE,0,0.0,1.0,1.0,0.0060879629093024,1.0,0.0,Diverged_in_single-cell
CHERP,1.0,FALSE,0,1.0,0.0,1.0,0.573346814997059,1.0,0.0,Diverged_in_single-cell
CHI3L1,1.0,FALSE,0,1.0,0.0,1.0,1.0,1.0,0.0,Diverged_in_single-cell
CHIC1,1.0,FALSE,0,0.0,1.0,1.0,1.0,1.0,0.0,Diverged_in_single-cell
CHIT1,1.0,FALSE,0,1.0,0.0,1.0,1.0,1.0,0.0,Diverged_in_single-cell
CHKB,1.0,FALSE,0,1.0,0.0,1.0,0.973429754353776,1.0,0.0,Diverged_in_single-cell
CHMP2B,1.0,FALSE,0,0.0,1.0,1.0,1.0,1.0,0.0,Diverged_in_single-cell
CHMP4A,1.0,FALSE,1,1.0,0.0,1.0,0.0201364144323578,0.413452773124021,0.0,Diverged_in_single-cell
CHMP6,1.0,FALSE,0,1.0,1.0,1.0,0.0642383793283716,1.0,0.0,Diverged_in_single-cell
CHRAC1,1.0,FALSE,0,1.0,0.0,1.0,1.0,1.0,0.0,Diverged_in_single-cell
CHRNA2,1.0,FALSE,0,0.0,1.0,1.0,1.0,1.0,0.0,Diverged_in_single-cell
CHRNA3,1.0,FALSE,1,0.0,1.0,1.0,0.667860670067456,1.0,0.0,Diverged_in_single-cell
CHRNA5,1.0,FALSE,0,0.0,1.0,1.0,1.0,1.0,0.0,Diverged_in_single-cell
CHRNA6,1.0,FALSE,1,0.0,1.0,1.0,0.149885168109857,0.117892283156432,0.0,Diverged_in_single-cell
CHRNA7,1.0,FALSE,0,0.0,1.0,1.0,0.0015488097627554,0.060949127999116,0.0,Diverged_in_single-cell
CHRNB2,1.0,FALSE,0,0.0,1.0,1.0,1.0,1.0,0.0,Diverged_in_single-cell
CHRNB3,1.0,FALSE,0,0.0,1.0,1.0,1.0,1.0,0.0,Diverged_in_single-cell
CHRNG,1.0,FALSE,1,0.0,0.0,1.0,0.0149515391155559,0.080980202615067,0.0,Diverged_in_single-cell
CHST3,1.0,FALSE,1,0.0,0.0,1.0,1.0,1.0,0.0,Diverged_in_single-cell
CHTOP,1.0,FALSE,0,0.0,1.0,1.0,1.0,1.0,0.0,Diverged_in_single-cell
CHURC1,1.0,FALSE,0,1.0,0.0,1.0,0.920913592568729,1.0,0.0,Diverged_in_single-cell
CIB4,1.0,FALSE,0,0.0,1.0,1.0,,,0.0,Diverged_in_single-cell
CIDEA,1.0,FALSE,0,0.0,1.0,1.0,0.750497000265961,1.0,0.0,Diverged_in_single-cell
CILP,1.0,FALSE,0,0.0,1.0,1.0,0.0041384720004099,0.690987990509116,0.0,Diverged_in_single-cell
CILP2,1.0,FALSE,0,0.0,1.0,1.0,1.0,1.0,0.0,Diverged_in_single-cell
CINP,1.0,FALSE,1,0.0,0.0,1.0,0.811221094259801,1.0,0.0,Diverged_in_single-cell
CISD2,1.0,FALSE,0,0.0,1.0,1.0,0.718418003316867,1.0,0.0,Diverged_in_single-cell
CISD3,1.0,FALSE,1,1.0,0.0,1.0,3.62e-05,0.0014888914712001,1.0,Diverged_in_both
CKAP2L,1.0,FALSE,0,1.0,0.0,1.0,1.0,1.0,0.0,Diverged_in_single-cell
CKS1B,1.0,FALSE,0,0.0,1.0,1.0,0.361552764129824,1.0,0.0,Diverged_in_single-cell
CLASP1,1.0,FALSE,0,0.0,1.0,1.0,0.618954167244871,1.0,0.0,Diverged_in_single-cell
CLCA2,1.0,FALSE,1,0.0,0.0,1.0,1.0,1.0,0.0,Diverged_in_single-cell
CLCF1,1.0,FALSE,1,0.0,1.0,1.0,1.0,1.0,0.0,Diverged_in_single-cell
CLCN1,1.0,FALSE,1,0.0,0.0,1.0,0.473989644832982,1.0,0.0,Diverged_in_single-cell
CLCN6,1.0,FALSE,0,0.0,1.0,1.0,1.0,1.0,0.0,Diverged_in_single-cell
CLDN14,1.0,FALSE,1,0.0,0.0,1.0,0.0006418196971355,0.314701908443982,0.0,Diverged_in_single-cell
CLDN15,1.0,FALSE,1,0.0,0.0,1.0,1.0,1.0,0.0,Diverged_in_single-cell
CLDN18,1.0,FALSE,0,0.0,1.0,1.0,0.0006418196971355,0.103559789050448,0.0,Diverged_in_single-cell
CLDN20,1.0,FALSE,0,1.0,0.0,1.0,,,0.0,Diverged_in_single-cell
CLDN4,1.0,FALSE,1,0.0,0.0,1.0,2.24e-05,0.001149271072598,1.0,Diverged_in_both
CLEC12A,1.0,FALSE,1,1.0,1.0,1.0,1.0,1.0,0.0,Diverged_in_single-cell
CLEC17A,1.0,FALSE,1,0.0,0.0,1.0,1.0,1.0,0.0,Diverged_in_single-cell
CLEC1A,1.0,FALSE,1,1.0,0.0,1.0,1.0,1.0,0.0,Diverged_in_single-cell
CLEC6A,1.0,FALSE,1,0.0,0.0,1.0,0.968844621819293,1.0,0.0,Diverged_in_single-cell
CLEC7A,1.0,FALSE,1,0.0,0.0,1.0,1.0,1.0,0.0,Diverged_in_single-cell
CLIC6,1.0,FALSE,0,0.0,1.0,1.0,0.0447459292013891,1.0,0.0,Diverged_in_single-cell
CLK1,1.0,FALSE,0,1.0,1.0,1.0,0.516437235717352,1.0,0.0,Diverged_in_single-cell
CLN5,1.0,FALSE,0,0.0,1.0,1.0,0.0001030064216773,1.0,0.0,Diverged_in_single-cell
CLN6,1.0,FALSE,0,1.0,0.0,1.0,0.228393505826229,1.0,0.0,Diverged_in_single-cell
CLP 1,1.0,FALSE,0,0.0,1.0,1.0,0.20559656868313,1.0,0.0,Diverged_in_single-cell
CLPP,1.0,FALSE,1,1.0,0.0,1.0,0.746665368000511,1.0,0.0,Diverged_in_single-cell
CLUL1,1.0,FALSE,0,1.0,0.0,1.0,0.634449154097596,0.850565206881725,0.0,Diverged_in_single-cell
CMAS,1.0,FALSE,0,1.0,0.0,1.0,1.0,1.0,0.0,Diverged_in_single-cell
CMSS1,1.0,FALSE,0,0.0,1.0,1.0,1.0,1.0,0.0,Diverged_in_single-cell
CMTM5,1.0,FALSE,1,0.0,0.0,1.0,,,0.0,Diverged_in_single-cell
CNBP,1.0,FALSE,0,1.0,0.0,1.0,0.573346814997059,1.0,0.0,Diverged_in_single-cell
CNGB3,1.0,FALSE,1,0.0,0.0,1.0,0.0003984033551555,0.0862504847612439,0.0,Diverged_in_single-cell
CNIH1,1.0,FALSE,0,1.0,1.0,1.0,0.855030280909781,1.0,0.0,Diverged_in_single-cell
CNIH4,1.0,FALSE,0,0.0,1.0,1.0,1.0,1.0,0.0,Diverged_in_single-cell
CNKSR2,1.0,FALSE,0,0.0,1.0,1.0,0.0083004137464579,1.0,0.0,Diverged_in_single-cell
CNN1,1.0,FALSE,1,1.0,1.0,1.0,0.85809401926313,1.0,0.0,Diverged_in_single-cell
CNNM3,1.0,FALSE,1,0.0,0.0,1.0,1.0,1.0,0.0,Diverged_in_single-cell
CNOT11,1.0,FALSE,0,0.0,1.0,1.0,0.698935971692484,1.0,0.0,Diverged_in_single-cell
CNOT3,1.0,FALSE,1,0.0,0.0,1.0,0.777004172451756,1.0,0.0,Diverged_in_single-cell
CNOT7,1.0,FALSE,1,0.0,1.0,1.0,0.124572867182467,1.0,0.0,Diverged_in_single-cell
CNPPD1,1.0,FALSE,0,0.0,1.0,1.0,0.0447717557221116,1.0,0.0,Diverged_in_single-cell
CNPY2,1.0,FALSE,1,0.0,1.0,1.0,0.849716681197072,1.0,0.0,Diverged_in_single-cell
CNPY4,1.0,FALSE,1,0.0,0.0,1.0,0.691546644597406,1.0,0.0,Diverged_in_single-cell
CNR2,1.0,FALSE,1,0.0,0.0,1.0,1.0,1.0,0.0,Diverged_in_single-cell
CNTD1,1.0,FALSE,0,0.0,1.0,1.0,1.0,1.0,0.0,Diverged_in_single-cell
CNTROB,1.0,FALSE,0,0.0,1.0,1.0,,,0.0,Diverged_in_single-cell
COA5,1.0,FALSE,1,0.0,1.0,1.0,1.0,1.0,0.0,Diverged_in_single-cell
COASY,1.0,FALSE,1,1.0,1.0,1.0,0.0066279737354177,1.0,0.0,Diverged_in_single-cell
COIL,1.0,FALSE,0,0.0,1.0,1.0,1.0,1.0,0.0,Diverged_in_single-cell
COL11A2,1.0,FALSE,0,1.0,0.0,1.0,8.73e-06,1.0,0.0,Diverged_in_single-cell
COL12A1,1.0,FALSE,1,0.0,0.0,1.0,1.0,1.0,0.0,Diverged_in_single-cell
COL13A1,1.0,FALSE,0,0.0,1.0,1.0,1.0,1.0,0.0,Diverged_in_single-cell
COL15A1,1.0,FALSE,1,0.0,0.0,1.0,1.0,1.0,0.0,Diverged_in_single-cell
COL1A2,1.0,FALSE,1,0.0,0.0,1.0,0.662777204320715,1.0,0.0,Diverged_in_single-cell
COL4A6,1.0,FALSE,0,1.0,0.0,1.0,0.0227432858448308,1.0,0.0,Diverged_in_single-cell
COL6A1,1.0,FALSE,1,0.0,0.0,1.0,0.146535762081539,0.0348234649440429,0.0,Diverged_in_single-cell
COL6A3,1.0,FALSE,0,1.0,1.0,1.0,0.72568575656584,1.0,0.0,Diverged_in_single-cell
COL9A2,1.0,FALSE,1,1.0,0.0,1.0,1.0,1.0,0.0,Diverged_in_single-cell
COLEC10,1.0,FALSE,0,0.0,1.0,1.0,0.973074118738002,1.0,0.0,Diverged_in_single-cell
COMMD3,1.0,FALSE,1,0.0,0.0,1.0,0.26778363114281,1.0,0.0,Diverged_in_single-cell
COMMD5,1.0,FALSE,0,0.0,1.0,1.0,1.0,1.0,0.0,Diverged_in_single-cell
COMMD8,1.0,FALSE,0,0.0,1.0,1.0,1.0,1.0,0.0,Diverged_in_single-cell
COMT,1.0,FALSE,1,0.0,1.0,1.0,0.536803460981004,1.0,0.0,Diverged_in_single-cell
COMTD1,1.0,FALSE,0,0.0,1.0,1.0,1.0,1.0,0.0,Diverged_in_single-cell
COPE,1.0,FALSE,1,0.0,0.0,1.0,0.28283471846952,1.0,0.0,Diverged_in_single-cell
COPG1,1.0,FALSE,0,0.0,1.0,1.0,1.0,1.0,0.0,Diverged_in_single-cell
COPRS,1.0,FALSE,0,0.0,1.0,1.0,,,0.0,Diverged_in_single-cell
COPS3,1.0,FALSE,0,0.0,1.0,1.0,1.0,1.0,0.0,Diverged_in_single-cell
COPS6,1.0,FALSE,1,0.0,1.0,1.0,,,0.0,Diverged_in_single-cell
COPS7A,1.0,FALSE,0,0.0,1.0,1.0,1.0,1.0,0.0,Diverged_in_single-cell
COPS8,1.0,FALSE,1,0.0,1.0,1.0,0.0397622747886885,0.876022727075282,0.0,Diverged_in_single-cell
COPZ1,1.0,FALSE,1,1.0,1.0,1.0,0.588053933914898,1.0,0.0,Diverged_in_single-cell
COQ4,1.0,FALSE,0,0.0,1.0,1.0,1.0,1.0,0.0,Diverged_in_single-cell
COQ6,1.0,FALSE,0,0.0,1.0,1.0,8.26e-06,3.98e-06,1.0,Diverged_in_both
COX7B2,1.0,FALSE,0,1.0,1.0,1.0,1.0,1.0,0.0,Diverged_in_single-cell
CPA6,1.0,FALSE,0,0.0,1.0,1.0,1.0,1.0,0.0,Diverged_in_single-cell
CPED1,1.0,FALSE,0,0.0,1.0,1.0,0.0019263615814178,1.0,0.0,Diverged_in_single-cell
CPLX3,1.0,FALSE,0,0.0,1.0,1.0,0.0073028757060235,0.304970639097018,0.0,Diverged_in_single-cell
CPM,1.0,FALSE,1,0.0,0.0,1.0,1.0,1.0,0.0,Diverged_in_single-cell
CPN1,1.0,FALSE,0,1.0,0.0,1.0,1.0,1.0,0.0,Diverged_in_single-cell
CPNE9,1.0,FALSE,0,0.0,1.0,1.0,0.941866861269451,1.0,0.0,Diverged_in_single-cell
CPO,1.0,FALSE,0,1.0,0.0,1.0,0.272704461290978,1.0,0.0,Diverged_in_single-cell
CPSF1,1.0,FALSE,0,0.0,1.0,1.0,5.44e-06,1.0,0.0,Diverged_in_single-cell
CPSF3,1.0,FALSE,0,0.0,1.0,1.0,1.0,1.0,0.0,Diverged_in_single-cell
CPSF4,1.0,FALSE,0,0.0,1.0,1.0,0.92782176570168,1.0,0.0,Diverged_in_single-cell
CPT1B,1.0,FALSE,1,1.0,0.0,1.0,0.989498431182434,1.0,0.0,Diverged_in_single-cell
CPT1C,1.0,FALSE,0,0.0,1.0,1.0,0.490007074763471,1.0,0.0,Diverged_in_single-cell
CPT2,1.0,FALSE,1,0.0,1.0,1.0,0.0275095863112538,1.0,0.0,Diverged_in_single-cell
CPTP,1.0,FALSE,0,1.0,1.0,1.0,1.0,1.0,0.0,Diverged_in_single-cell
CPXM2,1.0,FALSE,0,0.0,1.0,1.0,1.0,1.0,0.0,Diverged_in_single-cell
CR1,1.0,FALSE,1,1.0,0.0,1.0,1.0,1.0,0.0,Diverged_in_single-cell
CRCP,1.0,FALSE,0,0.0,1.0,1.0,1.0,1.0,0.0,Diverged_in_single-cell
CREB3L3,1.0,FALSE,0,1.0,1.0,1.0,0.568713599273376,1.0,0.0,Diverged_in_single-cell
CREB3L4,1.0,FALSE,1,1.0,0.0,1.0,0.678197993059069,1.0,0.0,Diverged_in_single-cell
CREBZF,1.0,FALSE,0,0.0,1.0,1.0,0.948483300368123,1.0,0.0,Diverged_in_single-cell
CRHR1,1.0,FALSE,0,0.0,1.0,1.0,1.0,1.0,0.0,Diverged_in_single-cell
CRHR2,1.0,FALSE,0,0.0,1.0,1.0,0.0005672310681141,0.587512026019721,0.0,Diverged_in_single-cell
CRKL,1.0,FALSE,0,0.0,1.0,1.0,0.933712412080393,1.0,0.0,Diverged_in_single-cell
CRLF1,1.0,FALSE,0,1.0,0.0,1.0,0.047539587812054,1.0,0.0,Diverged_in_single-cell
CRLF3,1.0,FALSE,1,1.0,0.0,1.0,0.162858235704099,1.0,0.0,Diverged_in_single-cell
CRNKL1,1.0,FALSE,1,1.0,0.0,1.0,1.0,1.0,0.0,Diverged_in_single-cell
CROCC,1.0,FALSE,0,0.0,1.0,1.0,0.0111543430386301,1.0,0.0,Diverged_in_single-cell
CRTAM,1.0,FALSE,1,0.0,0.0,1.0,1.0,1.0,0.0,Diverged_in_single-cell
CRTC2,1.0,FALSE,1,0.0,1.0,1.0,1.0,1.0,0.0,Diverged_in_single-cell
CRYBB1,1.0,FALSE,1,0.0,0.0,1.0,0.736716874663896,1.0,0.0,Diverged_in_single-cell
CRYGS,1.0,FALSE,0,0.0,1.0,1.0,1.0,1.0,0.0,Diverged_in_single-cell
CRYZL1,1.0,FALSE,1,0.0,0.0,1.0,1.0,1.0,0.0,Diverged_in_single-cell
CSAD,1.0,FALSE,0,0.0,1.0,1.0,0.23774664019245,1.0,0.0,Diverged_in_single-cell
CSF1R,1.0,FALSE,0,1.0,0.0,1.0,0.825706055124476,1.0,0.0,Diverged_in_single-cell
CSF3R,1.0,FALSE,0,1.0,0.0,1.0,0.183396874877934,1.0,0.0,Diverged_in_single-cell
CSNK2B,1.0,FALSE,0,1.0,0.0,1.0,0.003862077911703,0.0157678409675813,1.0,Diverged_in_both
CST6,1.0,FALSE,0,0.0,1.0,1.0,0.0365097111584841,1.0,0.0,Diverged_in_single-cell
CSTF2T,1.0,FALSE,0,0.0,1.0,1.0,1.0,1.0,0.0,Diverged_in_single-cell
CTBP1,1.0,FALSE,1,0.0,0.0,1.0,0.473989644832982,1.0,0.0,Diverged_in_single-cell
CTDNEP1,1.0,FALSE,0,1.0,0.0,1.0,0.745245947353574,1.0,0.0,Diverged_in_single-cell
CTNND1,1.0,FALSE,0,1.0,0.0,1.0,1.0,1.0,0.0,Diverged_in_single-cell
CTSB,1.0,FALSE,1,0.0,0.0,1.0,0.0832375785333827,1.0,0.0,Diverged_in_single-cell
CTU1,1.0,FALSE,0,0.0,1.0,1.0,0.910858494680374,1.0,0.0,Diverged_in_single-cell
CUL4A,1.0,FALSE,1,0.0,0.0,1.0,0.98375463864335,1.0,0.0,Diverged_in_single-cell
CUTC,1.0,FALSE,0,0.0,1.0,1.0,1.0,1.0,0.0,Diverged_in_single-cell
CWH43,1.0,FALSE,0,1.0,0.0,1.0,1.0,1.0,0.0,Diverged_in_single-cell
CX3CR1,1.0,FALSE,1,1.0,0.0,1.0,0.672450246566673,1.0,0.0,Diverged_in_single-cell
CXCL16,1.0,FALSE,1,0.0,0.0,1.0,,,0.0,Diverged_in_single-cell
CYB561,1.0,FALSE,1,0.0,0.0,1.0,0.0786871481517423,1.0,0.0,Diverged_in_single-cell
CYB561D2,1.0,FALSE,1,0.0,0.0,1.0,0.784609554985984,1.0,0.0,Diverged_in_single-cell
CYB5RL,1.0,FALSE,0,1.0,1.0,1.0,1.0,1.0,0.0,Diverged_in_single-cell
CYP19A1,1.0,FALSE,0,1.0,0.0,1.0,0.455184519085225,1.0,0.0,Diverged_in_single-cell
CYP26A1,1.0,FALSE,0,0.0,1.0,1.0,0.702117084157031,1.0,0.0,Diverged_in_single-cell
CYP3A4,1.0,FALSE,0,1.0,0.0,1.0,0.0038721280480859,0.0770380460024956,0.0,Diverged_in_single-cell
CYP4F22,1.0,FALSE,0,1.0,1.0,1.0,1.0,1.0,0.0,Diverged_in_single-cell
CYSLTR1,1.0,FALSE,1,0.0,0.0,1.0,1.0,1.0,0.0,Diverged_in_single-cell
CYSLTR2,1.0,FALSE,0,1.0,0.0,1.0,1.0,1.0,0.0,Diverged_in_single-cell
CYTH2,1.0,FALSE,0,0.0,1.0,1.0,1.0,1.0,0.0,Diverged_in_single-cell
DACT2,1.0,FALSE,0,1.0,0.0,1.0,1.0,1.0,0.0,Diverged_in_single-cell
DAD1,1.0,FALSE,0,0.0,1.0,1.0,0.718418003316867,1.0,0.0,Diverged_in_single-cell
DAO,1.0,FALSE,0,0.0,1.0,1.0,0.391344384754815,1.0,0.0,Diverged_in_single-cell
DAPP1,1.0,FALSE,0,1.0,0.0,1.0,1.0,1.0,0.0,Diverged_in_single-cell
DAXX,1.0,FALSE,0,0.0,1.0,1.0,7.59e-05,1.0,0.0,Diverged_in_single-cell
DBNDD2,1.0,FALSE,1,1.0,0.0,1.0,0.0030181403662094,1.0,0.0,Diverged_in_single-cell
DBR1,1.0,FALSE,0,0.0,1.0,1.0,0.0186093668324603,1.0,0.0,Diverged_in_single-cell
DCAF11,1.0,FALSE,0,1.0,1.0,1.0,8.26e-06,0.0008155614867651,1.0,Diverged_in_both
DCDC2C,1.0,FALSE,0,0.0,1.0,1.0,0.267735146499456,1.0,0.0,Diverged_in_single-cell
DCLK3,1.0,FALSE,0,0.0,1.0,1.0,1.0,1.0,0.0,Diverged_in_single-cell
DCLRE1A,1.0,FALSE,0,0.0,1.0,1.0,1.0,1.0,0.0,Diverged_in_single-cell
DCLRE1B,1.0,FALSE,0,0.0,1.0,1.0,1.0,1.0,0.0,Diverged_in_single-cell
DCLRE1C,1.0,FALSE,1,0.0,0.0,1.0,0.756401030790562,1.0,0.0,Diverged_in_single-cell
DCPS,1.0,FALSE,0,0.0,1.0,1.0,1.0,1.0,0.0,Diverged_in_single-cell
DCTN1,1.0,FALSE,1,0.0,0.0,1.0,0.98375463864335,1.0,0.0,Diverged_in_single-cell
DCUN1D2,1.0,FALSE,0,0.0,1.0,1.0,0.326070343518369,1.0,0.0,Diverged_in_single-cell
DCUN1D5,1.0,FALSE,0,0.0,1.0,1.0,1.0,1.0,0.0,Diverged_in_single-cell
DDOST,1.0,FALSE,1,1.0,0.0,1.0,0.580914923866734,1.0,0.0,Diverged_in_single-cell
DDR2,1.0,FALSE,0,1.0,0.0,1.0,0.0410001644257202,1.0,0.0,Diverged_in_single-cell
DDX11,1.0,FALSE,1,0.0,0.0,1.0,1.0,1.0,0.0,Diverged_in_single-cell
DDX18,1.0,FALSE,0,1.0,1.0,1.0,1.0,1.0,0.0,Diverged_in_single-cell
DDX21,1.0,FALSE,1,0.0,0.0,1.0,0.124433050895349,1.0,0.0,Diverged_in_single-cell
DDX23,1.0,FALSE,1,0.0,1.0,1.0,1.0,1.0,0.0,Diverged_in_single-cell
DDX27,1.0,FALSE,1,0.0,0.0,1.0,1.0,1.0,0.0,Diverged_in_single-cell
DDX39B,1.0,FALSE,1,0.0,1.0,1.0,8.26e-06,0.000293960623801,1.0,Diverged_in_both
DDX3Y,1.0,FALSE,0,1.0,0.0,1.0,0.0504592420302231,1.0,0.0,Diverged_in_single-cell
DDX47,1.0,FALSE,1,0.0,1.0,1.0,1.2e-05,8.16e-06,1.0,Diverged_in_both
DDX49,1.0,FALSE,0,0.0,1.0,1.0,0.507764956704501,1.0,0.0,Diverged_in_single-cell
DDX51,1.0,FALSE,0,0.0,1.0,1.0,1.0,1.0,0.0,Diverged_in_single-cell
DEAF1,1.0,FALSE,1,0.0,0.0,1.0,0.905335908400982,1.0,0.0,Diverged_in_single-cell
DEDD,1.0,FALSE,0,1.0,1.0,1.0,0.516437235717352,1.0,0.0,Diverged_in_single-cell
DENND1C,1.0,FALSE,1,0.0,0.0,1.0,0.802878653176189,1.0,0.0,Diverged_in_single-cell
DEPDC1B,1.0,FALSE,0,1.0,0.0,1.0,1.0,1.0,0.0,Diverged_in_single-cell
DEPDC4,1.0,FALSE,0,1.0,0.0,1.0,,,0.0,Diverged_in_single-cell
DERL1,1.0,FALSE,0,0.0,1.0,1.0,0.0082984798207004,1.0,0.0,Diverged_in_single-cell
DERL2,1.0,FALSE,0,0.0,1.0,1.0,0.941255465555969,1.0,0.0,Diverged_in_single-cell
DESI1,1.0,FALSE,0,0.0,1.0,1.0,0.997661557772208,1.0,0.0,Diverged_in_single-cell
DFFA,1.0,FALSE,0,0.0,1.0,1.0,1.0,1.0,0.0,Diverged_in_single-cell
DGAT2,1.0,FALSE,0,0.0,1.0,1.0,1.0,1.0,0.0,Diverged_in_single-cell
DGAT2L6,1.0,FALSE,0,1.0,0.0,1.0,,,0.0,Diverged_in_single-cell
DGCR6L,1.0,FALSE,1,0.0,1.0,1.0,1.0,1.0,0.0,Diverged_in_single-cell
DHDDS,1.0,FALSE,0,0.0,1.0,1.0,0.964871809829319,1.0,0.0,Diverged_in_single-cell
DHPS,1.0,FALSE,1,1.0,1.0,1.0,0.140798653790515,1.0,0.0,Diverged_in_single-cell
DHRS1,1.0,FALSE,1,0.0,1.0,1.0,0.0001060133648353,1.0,0.0,Diverged_in_single-cell
DHRS12,1.0,FALSE,0,0.0,1.0,1.0,1.0,1.0,0.0,Diverged_in_single-cell
DHRS7,1.0,FALSE,0,1.0,0.0,1.0,0.363878924564395,1.0,0.0,Diverged_in_single-cell
DHRS7C,1.0,FALSE,0,0.0,1.0,1.0,1.0,1.0,0.0,Diverged_in_single-cell
DHX16,1.0,FALSE,1,0.0,0.0,1.0,3.06e-05,0.117689015361192,0.0,Diverged_in_single-cell
DHX30,1.0,FALSE,0,0.0,1.0,1.0,1.0,1.0,0.0,Diverged_in_single-cell
DHX37,1.0,FALSE,0,0.0,1.0,1.0,0.777004172451756,1.0,0.0,Diverged_in_single-cell
DHX40,1.0,FALSE,0,0.0,1.0,1.0,1.0,1.0,0.0,Diverged_in_single-cell
DHX8,1.0,FALSE,1,0.0,1.0,1.0,1.0,1.0,0.0,Diverged_in_single-cell
DIABLO,1.0,FALSE,0,1.0,0.0,1.0,1.67e-05,0.0004863712139253,1.0,Diverged_in_both
DIMT1,1.0,FALSE,1,0.0,0.0,1.0,1.0,1.0,0.0,Diverged_in_single-cell
DIO1,1.0,FALSE,0,1.0,0.0,1.0,5.44e-06,0.0002112205602442,1.0,Diverged_in_both
DIRAS1,1.0,FALSE,0,0.0,1.0,1.0,0.173777373135846,1.0,0.0,Diverged_in_single-cell
DISP2,1.0,FALSE,0,0.0,1.0,1.0,0.0993213280185048,1.0,0.0,Diverged_in_single-cell
DKC1,1.0,FALSE,0,0.0,1.0,1.0,1.0,1.0,0.0,Diverged_in_single-cell
DKKL1,1.0,FALSE,0,1.0,0.0,1.0,,,0.0,Diverged_in_single-cell
DLGAP5,1.0,FALSE,0,1.0,0.0,1.0,0.777004172451756,1.0,0.0,Diverged_in_single-cell
DLK2,1.0,FALSE,0,0.0,1.0,1.0,0.0111586983337053,1.0,0.0,Diverged_in_single-cell
DLX1,1.0,FALSE,1,0.0,0.0,1.0,1.0,1.0,0.0,Diverged_in_single-cell
DLX2,1.0,FALSE,1,0.0,1.0,1.0,1.0,1.0,0.0,Diverged_in_single-cell
DLX5,1.0,FALSE,1,0.0,0.0,1.0,1.0,1.0,0.0,Diverged_in_single-cell
DLX6,1.0,FALSE,1,0.0,0.0,1.0,0.702574182435118,1.0,0.0,Diverged_in_single-cell
DMKN,1.0,FALSE,0,0.0,1.0,1.0,,,0.0,Diverged_in_single-cell
DMRT1,1.0,FALSE,1,0.0,1.0,1.0,0.9139995318666,1.0,0.0,Diverged_in_single-cell
DMRTA1,1.0,FALSE,1,0.0,0.0,1.0,1.0,1.0,0.0,Diverged_in_single-cell
DMRTC1B,1.0,FALSE,0,0.0,1.0,1.0,,,0.0,Diverged_in_single-cell
DMWD,1.0,FALSE,1,0.0,0.0,1.0,0.502229604579631,1.0,0.0,Diverged_in_single-cell
DNAH10,1.0,FALSE,0,0.0,1.0,1.0,1.0,1.0,0.0,Diverged_in_single-cell
DNAH17,1.0,FALSE,1,0.0,0.0,1.0,1.0,1.0,0.0,Diverged_in_single-cell
DNAH6,1.0,FALSE,1,0.0,0.0,1.0,0.892910693004599,1.0,0.0,Diverged_in_single-cell
DNAH8,1.0,FALSE,0,0.0,1.0,1.0,0.368935693669889,1.0,0.0,Diverged_in_single-cell
DNAI2,1.0,FALSE,0,1.0,0.0,1.0,0.333849464208719,0.294476401777169,0.0,Diverged_in_single-cell
DNAJB11,1.0,FALSE,1,0.0,0.0,1.0,0.170243893052,1.0,0.0,Diverged_in_single-cell
DNAJB13,1.0,FALSE,0,1.0,0.0,1.0,1.0,1.0,0.0,Diverged_in_single-cell
DNAJB4,1.0,FALSE,0,0.0,1.0,1.0,0.420402908919652,1.0,0.0,Diverged_in_single-cell
DNAJC11,1.0,FALSE,0,0.0,1.0,1.0,0.000537871343729,1.0,0.0,Diverged_in_single-cell
DNAJC14,1.0,FALSE,1,1.0,1.0,1.0,0.343621034438179,1.0,0.0,Diverged_in_single-cell
DNAJC17,1.0,FALSE,0,0.0,1.0,1.0,0.859108164533028,1.0,0.0,Diverged_in_single-cell
DNAJC18,1.0,FALSE,0,0.0,1.0,1.0,1.0,1.0,0.0,Diverged_in_single-cell
DNAJC19,1.0,FALSE,1,0.0,0.0,1.0,0.144352870060516,1.0,0.0,Diverged_in_single-cell
DNAJC2,1.0,FALSE,0,0.0,1.0,1.0,1.0,1.0,0.0,Diverged_in_single-cell
DNAJC25,1.0,FALSE,1,1.0,0.0,1.0,0.378177040421644,1.0,0.0,Diverged_in_single-cell
DNAJC28,1.0,FALSE,0,0.0,1.0,1.0,2.53e-05,5.79e-05,1.0,Diverged_in_both
DNAJC5B,1.0,FALSE,0,0.0,1.0,1.0,0.0005881551916723,0.0017307124239632,1.0,Diverged_in_both
DNAJC5G,1.0,FALSE,0,0.0,1.0,1.0,1.0,1.0,0.0,Diverged_in_single-cell
DNAJC8,1.0,FALSE,0,0.0,1.0,1.0,0.0299945439709011,1.0,0.0,Diverged_in_single-cell
DNAJC9,1.0,FALSE,1,1.0,1.0,1.0,1.0,1.0,0.0,Diverged_in_single-cell
DNAL4,1.0,FALSE,0,1.0,0.0,1.0,0.729390832127995,1.0,0.0,Diverged_in_single-cell
DNMT3B,1.0,FALSE,0,0.0,1.0,1.0,1.0,1.0,0.0,Diverged_in_single-cell
DNTTIP1,1.0,FALSE,1,0.0,0.0,1.0,0.588053933914898,1.0,0.0,Diverged_in_single-cell
DNTTIP2,1.0,FALSE,0,1.0,1.0,1.0,1.0,1.0,0.0,Diverged_in_single-cell
DOK7,1.0,FALSE,0,0.0,1.0,1.0,0.0795927572620902,1.0,0.0,Diverged_in_single-cell
DPAGT1,1.0,FALSE,0,0.0,1.0,1.0,1.0,1.0,0.0,Diverged_in_single-cell
DPH3,1.0,FALSE,0,0.0,1.0,1.0,1.0,1.0,0.0,Diverged_in_single-cell
DPM3,1.0,FALSE,0,1.0,1.0,1.0,1.0,1.0,0.0,Diverged_in_single-cell
DPPA2,1.0,FALSE,1,1.0,1.0,1.0,,,0.0,Diverged_in_single-cell
DPT,1.0,FALSE,1,0.0,0.0,1.0,0.650519566159607,1.0,0.0,Diverged_in_single-cell
DPY19L4,1.0,FALSE,0,0.0,1.0,1.0,0.358329926642059,1.0,0.0,Diverged_in_single-cell
DPYS,1.0,FALSE,0,0.0,1.0,1.0,0.370414194994952,0.627262805741519,0.0,Diverged_in_single-cell
DRAP1,1.0,FALSE,0,0.0,1.0,1.0,1.0,1.0,0.0,Diverged_in_single-cell
DRD1,1.0,FALSE,0,0.0,1.0,1.0,1.0,1.0,0.0,Diverged_in_single-cell
DRD5,1.0,FALSE,0,0.0,1.0,1.0,0.897941296801991,1.0,0.0,Diverged_in_single-cell
DRG1,1.0,FALSE,1,0.0,1.0,1.0,1.0,1.0,0.0,Diverged_in_single-cell
DSC2,1.0,FALSE,0,0.0,1.0,1.0,0.0045435487188695,1.0,0.0,Diverged_in_single-cell
DSC3,1.0,FALSE,0,0.0,1.0,1.0,0.499977286134878,1.0,0.0,Diverged_in_single-cell
DSCC1,1.0,FALSE,1,0.0,1.0,1.0,0.202444223438537,0.378594392739613,0.0,Diverged_in_single-cell
DSG2,1.0,FALSE,0,0.0,1.0,1.0,0.392040770763395,1.0,0.0,Diverged_in_single-cell
DSN1,1.0,FALSE,0,0.0,1.0,1.0,0.506967683418371,1.0,0.0,Diverged_in_single-cell
DTD2,1.0,FALSE,1,0.0,0.0,1.0,1.0,1.0,0.0,Diverged_in_single-cell
DTL,1.0,FALSE,0,0.0,1.0,1.0,1.0,1.0,0.0,Diverged_in_single-cell
DTWD2,1.0,FALSE,0,0.0,1.0,1.0,1.0,1.0,0.0,Diverged_in_single-cell
DTYMK,1.0,FALSE,0,0.0,1.0,1.0,0.636729098271342,1.0,0.0,Diverged_in_single-cell
DUPD1,1.0,FALSE,1,1.0,0.0,1.0,1.0,1.0,0.0,Diverged_in_single-cell
DUS4L,1.0,FALSE,0,0.0,1.0,1.0,1.79e-05,8.16e-06,1.0,Diverged_in_both
DUSP10,1.0,FALSE,1,0.0,0.0,1.0,0.340403101322617,1.0,0.0,Diverged_in_single-cell
DUSP14,1.0,FALSE,0,0.0,1.0,1.0,0.872650729795123,1.0,0.0,Diverged_in_single-cell
DUSP2,1.0,FALSE,0,0.0,1.0,1.0,1.0,1.0,0.0,Diverged_in_single-cell
DUSP28,1.0,FALSE,1,0.0,1.0,1.0,0.0004543892045296,1.0,0.0,Diverged_in_single-cell
DUT,1.0,FALSE,0,1.0,0.0,1.0,0.770577291987336,1.0,0.0,Diverged_in_single-cell
DUXA,1.0,FALSE,1,1.0,1.0,1.0,,,0.0,Diverged_in_single-cell
DVL3,1.0,FALSE,1,0.0,1.0,1.0,0.0186093668324603,1.0,0.0,Diverged_in_single-cell
DXO,1.0,FALSE,0,1.0,0.0,1.0,0.0015191109947944,0.360546449813325,0.0,Diverged_in_single-cell
DYNC2LI1,1.0,FALSE,1,0.0,0.0,1.0,0.389373980161116,1.0,0.0,Diverged_in_single-cell
DYNLT1,1.0,FALSE,1,0.0,0.0,1.0,1.0,1.0,0.0,Diverged_in_single-cell
DYRK1B,1.0,FALSE,0,0.0,1.0,1.0,8.26e-06,0.0005061573654852,1.0,Diverged_in_both
DYRK4,1.0,FALSE,1,0.0,1.0,1.0,0.0055614116837865,1.0,0.0,Diverged_in_single-cell
DYTN,1.0,FALSE,0,0.0,1.0,1.0,6.29e-05,1.0,0.0,Diverged_in_single-cell
DZANK1,1.0,FALSE,0,0.0,1.0,1.0,1.0,1.0,0.0,Diverged_in_single-cell
EAF1,1.0,FALSE,1,0.0,0.0,1.0,1.0,1.0,0.0,Diverged_in_single-cell
EAPP,1.0,FALSE,0,1.0,0.0,1.0,1.0,1.0,0.0,Diverged_in_single-cell
EBAG9,1.0,FALSE,0,0.0,1.0,1.0,0.111428258283553,1.0,0.0,Diverged_in_single-cell
EBF2,1.0,FALSE,0,1.0,1.0,1.0,1.0,1.0,0.0,Diverged_in_single-cell
EBNA1BP2,1.0,FALSE,0,1.0,1.0,1.0,1.0,1.0,0.0,Diverged_in_single-cell
ECH1,1.0,FALSE,0,1.0,0.0,1.0,3.34e-05,8.16e-06,1.0,Diverged_in_both
ECHS1,1.0,FALSE,1,0.0,0.0,1.0,0.139311388620251,1.0,0.0,Diverged_in_single-cell
EDAR,1.0,FALSE,0,1.0,0.0,1.0,1.0,1.0,0.0,Diverged_in_single-cell
EDNRB,1.0,FALSE,1,0.0,0.0,1.0,1.0,1.0,0.0,Diverged_in_single-cell
EDRF1,1.0,FALSE,0,0.0,1.0,1.0,0.998839095183453,1.0,0.0,Diverged_in_single-cell
EEF1B2,1.0,FALSE,0,1.0,0.0,1.0,0.0179850344732026,0.786920925482422,0.0,Diverged_in_single-cell
EEF1E1,1.0,FALSE,0,0.0,1.0,1.0,0.340942438411161,1.0,0.0,Diverged_in_single-cell
EEF1G,1.0,FALSE,0,1.0,0.0,1.0,1.79e-05,0.000843418290044,1.0,Diverged_in_both
EFCAB1,1.0,FALSE,0,0.0,1.0,1.0,0.802878653176189,1.0,0.0,Diverged_in_single-cell
EFCAB12,1.0,FALSE,0,0.0,1.0,1.0,1.0,1.0,0.0,Diverged_in_single-cell
EFCAB6,1.0,FALSE,0,0.0,1.0,1.0,1.0,1.0,0.0,Diverged_in_single-cell
EFCAB7,1.0,FALSE,0,0.0,1.0,1.0,1.0,1.0,0.0,Diverged_in_single-cell
EFHB,1.0,FALSE,0,1.0,0.0,1.0,1.0,1.0,0.0,Diverged_in_single-cell
EFNA3,1.0,FALSE,0,0.0,1.0,1.0,0.0017962476963085,1.0,0.0,Diverged_in_single-cell
EFNB3,1.0,FALSE,0,0.0,1.0,1.0,1.0,1.0,0.0,Diverged_in_single-cell
EFS,1.0,FALSE,1,1.0,0.0,1.0,1.0,1.0,0.0,Diverged_in_single-cell
EFTUD2,1.0,FALSE,1,0.0,1.0,1.0,1.0,1.0,0.0,Diverged_in_single-cell
EGFL6,1.0,FALSE,0,0.0,1.0,1.0,0.967886140678247,1.0,0.0,Diverged_in_single-cell
EGFL8,1.0,FALSE,0,1.0,1.0,1.0,1.79e-05,0.0005579077312441,1.0,Diverged_in_both
EGFLAM,1.0,FALSE,1,0.0,0.0,1.0,1.0,1.0,0.0,Diverged_in_single-cell
EGLN2,1.0,FALSE,0,0.0,1.0,1.0,5.44e-06,1.0,0.0,Diverged_in_single-cell
EGLN3,1.0,FALSE,1,0.0,0.0,1.0,0.0607821058136234,1.0,0.0,Diverged_in_single-cell
EI24,1.0,FALSE,0,0.0,1.0,1.0,1.0,1.0,0.0,Diverged_in_single-cell
EID2,1.0,FALSE,0,0.0,1.0,1.0,,,0.0,Diverged_in_single-cell
EIF1AD,1.0,FALSE,0,0.0,1.0,1.0,0.667860670067456,1.0,0.0,Diverged_in_single-cell
EIF1B,1.0,FALSE,0,0.0,1.0,1.0,1.0,1.0,0.0,Diverged_in_single-cell
EIF2AK1,1.0,FALSE,0,0.0,1.0,1.0,1.0,1.0,0.0,Diverged_in_single-cell
EIF2B1,1.0,FALSE,1,0.0,0.0,1.0,0.881491124784025,1.0,0.0,Diverged_in_single-cell
EIF2B2,1.0,FALSE,1,0.0,0.0,1.0,0.0743275091718063,1.0,0.0,Diverged_in_single-cell
EIF2B4,1.0,FALSE,1,1.0,0.0,1.0,0.697664189715858,1.0,0.0,Diverged_in_single-cell
EIF2B5,1.0,FALSE,0,0.0,1.0,1.0,0.697158798820581,1.0,0.0,Diverged_in_single-cell
EIF2D,1.0,FALSE,0,1.0,0.0,1.0,0.0372216248742477,1.0,0.0,Diverged_in_single-cell
EIF3B,1.0,FALSE,0,1.0,1.0,1.0,0.736017561629028,1.0,0.0,Diverged_in_single-cell
EIF3E,1.0,FALSE,0,1.0,1.0,1.0,1.0,1.0,0.0,Diverged_in_single-cell
EIF3J,1.0,FALSE,0,1.0,0.0,1.0,1.0,1.0,0.0,Diverged_in_single-cell
EIF3K,1.0,FALSE,1,0.0,0.0,1.0,8.26e-06,2.49e-06,1.0,Diverged_in_both
EIF3L,1.0,FALSE,1,0.0,0.0,1.0,1.0,1.0,0.0,Diverged_in_single-cell
EIF4A3,1.0,FALSE,1,1.0,1.0,1.0,1.0,1.0,0.0,Diverged_in_single-cell
EIF4E2,1.0,FALSE,0,0.0,1.0,1.0,0.640819940541152,1.0,0.0,Diverged_in_single-cell
EIF4EBP3,1.0,FALSE,0,1.0,0.0,1.0,0.0433692895202568,1.0,0.0,Diverged_in_single-cell
EIF4ENIF1,1.0,FALSE,1,0.0,1.0,1.0,1.0,1.0,0.0,Diverged_in_single-cell
EIF4G1,1.0,FALSE,0,1.0,0.0,1.0,0.406135052168931,1.0,0.0,Diverged_in_single-cell
EIF5A2,1.0,FALSE,0,0.0,1.0,1.0,0.502229604579631,1.0,0.0,Diverged_in_single-cell
EIF5B,1.0,FALSE,1,1.0,0.0,1.0,1.0,1.0,0.0,Diverged_in_single-cell
EIF6,1.0,FALSE,1,1.0,0.0,1.0,0.459588878557801,1.0,0.0,Diverged_in_single-cell
ELAC1,1.0,FALSE,0,1.0,0.0,1.0,0.995401267590976,1.0,0.0,Diverged_in_single-cell
ELF4,1.0,FALSE,1,1.0,0.0,1.0,1.0,1.0,0.0,Diverged_in_single-cell
ELMOD2,1.0,FALSE,0,0.0,1.0,1.0,1.0,1.0,0.0,Diverged_in_single-cell
ELOVL4,1.0,FALSE,0,0.0,1.0,1.0,1.0,1.0,0.0,Diverged_in_single-cell
ELSPBP1,1.0,FALSE,1,1.0,1.0,1.0,,,0.0,Diverged_in_single-cell
EMC1,1.0,FALSE,0,0.0,1.0,1.0,8.26e-06,0.0415202212117352,1.0,Diverged_in_both
EMC3,1.0,FALSE,0,0.0,1.0,1.0,1.0,1.0,0.0,Diverged_in_single-cell
EMC4,1.0,FALSE,1,0.0,0.0,1.0,0.002022561158344,1.0,0.0,Diverged_in_single-cell
EMC7,1.0,FALSE,0,0.0,1.0,1.0,0.21864807361424,1.0,0.0,Diverged_in_single-cell
EMC9,1.0,FALSE,0,0.0,1.0,1.0,1.79e-05,8.16e-06,1.0,Diverged_in_both
EMD,1.0,FALSE,1,1.0,0.0,1.0,1.0,1.0,0.0,Diverged_in_single-cell
EMILIN2,1.0,FALSE,1,0.0,1.0,1.0,1.0,1.0,0.0,Diverged_in_single-cell
EML3,1.0,FALSE,1,0.0,0.0,1.0,1.0,1.0,0.0,Diverged_in_single-cell
EMP3,1.0,FALSE,0,1.0,0.0,1.0,1.0,1.0,0.0,Diverged_in_single-cell
EMX1,1.0,FALSE,0,1.0,1.0,1.0,0.542691724973343,1.0,0.0,Diverged_in_single-cell
EMX2,1.0,FALSE,0,1.0,0.0,1.0,1.0,1.0,0.0,Diverged_in_single-cell
ENOPH1,1.0,FALSE,0,0.0,1.0,1.0,0.0842061259761206,1.0,0.0,Diverged_in_single-cell
ENOX2,1.0,FALSE,0,0.0,1.0,1.0,0.11279406325641,1.0,0.0,Diverged_in_single-cell
ENPP2,1.0,FALSE,1,0.0,0.0,1.0,1.0,1.0,0.0,Diverged_in_single-cell
ENPP7,1.0,FALSE,0,1.0,0.0,1.0,0.0269334285995615,0.164980793242816,0.0,Diverged_in_single-cell
ENTPD7,1.0,FALSE,0,0.0,1.0,1.0,0.331861278474007,1.0,0.0,Diverged_in_single-cell
ENY2,1.0,FALSE,0,0.0,1.0,1.0,1.0,1.0,0.0,Diverged_in_single-cell
EPAS1,1.0,FALSE,0,1.0,0.0,1.0,1.0,1.0,0.0,Diverged_in_single-cell
EPB42,1.0,FALSE,0,1.0,0.0,1.0,1.0,1.0,0.0,Diverged_in_single-cell
EPGN,1.0,FALSE,0,1.0,0.0,1.0,1.0,1.0,0.0,Diverged_in_single-cell
EPHA10,1.0,FALSE,0,0.0,1.0,1.0,1.0,1.0,0.0,Diverged_in_single-cell
EPHA2,1.0,FALSE,1,0.0,0.0,1.0,1.0,1.0,0.0,Diverged_in_single-cell
EPHA8,1.0,FALSE,0,0.0,1.0,1.0,1.0,1.0,0.0,Diverged_in_single-cell
EPHB4,1.0,FALSE,1,0.0,0.0,1.0,0.118120407699088,1.0,0.0,Diverged_in_single-cell
EPHX3,1.0,FALSE,0,1.0,1.0,1.0,1.0,1.0,0.0,Diverged_in_single-cell
EPM2AIP1,1.0,FALSE,0,1.0,0.0,1.0,,,0.0,Diverged_in_single-cell
EPN1,1.0,FALSE,1,0.0,0.0,1.0,1.0,1.0,0.0,Diverged_in_single-cell
EPN3,1.0,FALSE,0,0.0,1.0,1.0,1.0,1.0,0.0,Diverged_in_single-cell
EPOR,1.0,FALSE,1,0.0,0.0,1.0,1.0,1.0,0.0,Diverged_in_single-cell
EPS8L2,1.0,FALSE,0,0.0,1.0,1.0,0.0985921055795214,1.0,0.0,Diverged_in_single-cell
ERAL1,1.0,FALSE,1,0.0,0.0,1.0,0.681043024483222,1.0,0.0,Diverged_in_single-cell
ERBB2,1.0,FALSE,1,0.0,0.0,1.0,0.103425623269159,1.0,0.0,Diverged_in_single-cell
ERBB3,1.0,FALSE,1,0.0,0.0,1.0,1.0,1.0,0.0,Diverged_in_single-cell
ERCC3,1.0,FALSE,1,0.0,0.0,1.0,0.647470550765929,1.0,0.0,Diverged_in_single-cell
ERCC5,1.0,FALSE,0,1.0,1.0,1.0,0.893783225198146,1.0,0.0,Diverged_in_single-cell
ERCC6L,1.0,FALSE,0,1.0,1.0,1.0,0.0432263160513202,0.732273670846987,0.0,Diverged_in_single-cell
EREG,1.0,FALSE,1,0.0,1.0,1.0,1.0,1.0,0.0,Diverged_in_single-cell
ERG,1.0,FALSE,0,1.0,0.0,1.0,0.937971149834245,1.0,0.0,Diverged_in_single-cell
ERGIC3,1.0,FALSE,0,0.0,1.0,1.0,4.28e-05,1.0,0.0,Diverged_in_single-cell
ERICH2,1.0,FALSE,1,0.0,0.0,1.0,0.718851803437034,1.0,0.0,Diverged_in_single-cell
ERICH5,1.0,FALSE,0,0.0,1.0,1.0,0.739914975020007,1.0,0.0,Diverged_in_single-cell
ERICH6,1.0,FALSE,0,0.0,1.0,1.0,,,0.0,Diverged_in_single-cell
ERICH6B,1.0,FALSE,1,0.0,1.0,1.0,0.0540395376031094,0.861687459609439,0.0,Diverged_in_single-cell
ERLIN1,1.0,FALSE,0,0.0,1.0,1.0,1.0,1.0,0.0,Diverged_in_single-cell
ERMARD,1.0,FALSE,1,0.0,0.0,1.0,1.79e-05,0.0336038293257545,1.0,Diverged_in_both
ERMN,1.0,FALSE,0,1.0,0.0,1.0,0.0004972108095679,1.0,0.0,Diverged_in_single-cell
ESPNL,1.0,FALSE,1,0.0,0.0,1.0,0.941255465555969,1.0,0.0,Diverged_in_single-cell
ESR1,1.0,FALSE,1,0.0,0.0,1.0,0.340942438411161,1.0,0.0,Diverged_in_single-cell
ETAA1,1.0,FALSE,0,0.0,1.0,1.0,1.0,1.0,0.0,Diverged_in_single-cell
EVA1A,1.0,FALSE,0,1.0,1.0,1.0,1.0,1.0,0.0,Diverged_in_single-cell
EVI2A,1.0,FALSE,1,1.0,0.0,1.0,1.0,1.0,0.0,Diverged_in_single-cell
EVI2B,1.0,FALSE,0,1.0,0.0,1.0,1.0,1.0,0.0,Diverged_in_single-cell
EVPL,1.0,FALSE,0,1.0,0.0,1.0,0.392040770763395,1.0,0.0,Diverged_in_single-cell
EXO5,1.0,FALSE,0,1.0,0.0,1.0,1.0,1.0,0.0,Diverged_in_single-cell
EXOC3,1.0,FALSE,0,0.0,1.0,1.0,1.0,1.0,0.0,Diverged_in_single-cell
EXOC3L2,1.0,FALSE,1,1.0,1.0,1.0,1.0,1.0,0.0,Diverged_in_single-cell
EXOSC2,1.0,FALSE,0,0.0,1.0,1.0,1.0,1.0,0.0,Diverged_in_single-cell
EXOSC3,1.0,FALSE,1,0.0,1.0,1.0,0.136844439058465,0.878281386087845,0.0,Diverged_in_single-cell
EXOSC4,1.0,FALSE,0,0.0,1.0,1.0,0.0133870669984169,1.0,0.0,Diverged_in_single-cell
EXOSC5,1.0,FALSE,0,0.0,1.0,1.0,1.0,1.0,0.0,Diverged_in_single-cell
EXOSC8,1.0,FALSE,0,0.0,1.0,1.0,0.497059487536639,1.0,0.0,Diverged_in_single-cell
EXOSC9,1.0,FALSE,0,0.0,1.0,1.0,0.811221094259801,1.0,0.0,Diverged_in_single-cell
EYA1,1.0,FALSE,1,0.0,0.0,1.0,1.0,1.0,0.0,Diverged_in_single-cell
EYA2,1.0,FALSE,1,0.0,0.0,1.0,0.650519566159607,1.0,0.0,Diverged_in_single-cell
F2R,1.0,FALSE,0,0.0,1.0,1.0,1.0,1.0,0.0,Diverged_in_single-cell
F7,1.0,FALSE,0,1.0,0.0,1.0,0.0428520385488951,0.0260447802656641,1.0,Diverged_in_both
F8,1.0,FALSE,0,0.0,1.0,1.0,0.225054136954644,1.0,0.0,Diverged_in_single-cell
FABP3,1.0,FALSE,0,0.0,1.0,1.0,1.81e-05,0.0773438918700329,0.0,Diverged_in_single-cell
FADS6,1.0,FALSE,0,0.0,1.0,1.0,1.0,1.0,0.0,Diverged_in_single-cell
FAF2,1.0,FALSE,1,0.0,0.0,1.0,1.0,1.0,0.0,Diverged_in_single-cell
FAM102A,1.0,FALSE,1,0.0,0.0,1.0,0.976980368309581,1.0,0.0,Diverged_in_single-cell
FAM104A,1.0,FALSE,0,0.0,1.0,1.0,1.0,1.0,0.0,Diverged_in_single-cell
FAM104B,1.0,FALSE,0,0.0,1.0,1.0,1.0,1.0,0.0,Diverged_in_single-cell
FAM110C,1.0,FALSE,0,0.0,1.0,1.0,1.0,1.0,0.0,Diverged_in_single-cell
FAM133B,1.0,FALSE,0,0.0,1.0,1.0,1.0,1.0,0.0,Diverged_in_single-cell
FAM135A,1.0,FALSE,0,0.0,1.0,1.0,1.0,1.0,0.0,Diverged_in_single-cell
FAM149A,1.0,FALSE,0,1.0,0.0,1.0,0.0519032373145535,1.0,0.0,Diverged_in_single-cell
FAM151A,1.0,FALSE,0,1.0,0.0,1.0,1.0,1.0,0.0,Diverged_in_single-cell
FAM160B2,1.0,FALSE,0,0.0,1.0,1.0,1.0,1.0,0.0,Diverged_in_single-cell
FAM161A,1.0,FALSE,0,0.0,1.0,1.0,1.0,1.0,0.0,Diverged_in_single-cell
FAM163B,1.0,FALSE,0,0.0,1.0,1.0,1.0,1.0,0.0,Diverged_in_single-cell
FAM174A,1.0,FALSE,0,0.0,1.0,1.0,1.0,1.0,0.0,Diverged_in_single-cell
FAM178B,1.0,FALSE,0,1.0,0.0,1.0,1.0,1.0,0.0,Diverged_in_single-cell
FAM185A,1.0,FALSE,0,0.0,1.0,1.0,1.0,1.0,0.0,Diverged_in_single-cell
FAM200A,1.0,FALSE,1,0.0,0.0,1.0,,,0.0,Diverged_in_single-cell
FAM207A,1.0,FALSE,0,0.0,1.0,1.0,1.0,1.0,0.0,Diverged_in_single-cell
FAM20C,1.0,FALSE,0,0.0,1.0,1.0,1.0,1.0,0.0,Diverged_in_single-cell
FAM216B,1.0,FALSE,1,0.0,1.0,1.0,,,0.0,Diverged_in_single-cell
FAM221A,1.0,FALSE,0,0.0,1.0,1.0,1.0,1.0,0.0,Diverged_in_single-cell
FAM221B,1.0,FALSE,1,0.0,0.0,1.0,,,0.0,Diverged_in_single-cell
FAM222B,1.0,FALSE,0,0.0,1.0,1.0,1.0,1.0,0.0,Diverged_in_single-cell
FAM228A,1.0,FALSE,1,0.0,1.0,1.0,0.997661557772208,1.0,0.0,Diverged_in_single-cell
FAM24B,1.0,FALSE,1,1.0,0.0,1.0,,,0.0,Diverged_in_single-cell
FAM3D,1.0,FALSE,0,0.0,1.0,1.0,0.11279406325641,1.0,0.0,Diverged_in_single-cell
FAM45A,1.0,FALSE,0,1.0,0.0,1.0,,,0.0,Diverged_in_single-cell
FAM47E,1.0,FALSE,0,0.0,1.0,1.0,0.291976510615628,1.0,0.0,Diverged_in_single-cell
FAM50B,1.0,FALSE,1,0.0,1.0,1.0,0.967753722690844,1.0,0.0,Diverged_in_single-cell
FAM53B,1.0,FALSE,1,0.0,0.0,1.0,0.0535912658748058,1.0,0.0,Diverged_in_single-cell
FAM71E1,1.0,FALSE,1,0.0,1.0,1.0,,,0.0,Diverged_in_single-cell
FAM83B,1.0,FALSE,0,0.0,1.0,1.0,1.0,1.0,0.0,Diverged_in_single-cell
FAM98B,1.0,FALSE,0,0.0,1.0,1.0,1.0,1.0,0.0,Diverged_in_single-cell
FAM98C,1.0,FALSE,1,0.0,1.0,1.0,0.857499773138417,1.0,0.0,Diverged_in_single-cell
FAN1,1.0,FALSE,1,0.0,0.0,1.0,0.434285351575622,1.0,0.0,Diverged_in_single-cell
FANCE,1.0,FALSE,0,0.0,1.0,1.0,1.0,1.0,0.0,Diverged_in_single-cell
FARSB,1.0,FALSE,0,0.0,1.0,1.0,1.0,1.0,0.0,Diverged_in_single-cell
FASTKD2,1.0,FALSE,1,0.0,1.0,1.0,0.490007074763471,1.0,0.0,Diverged_in_single-cell
FBL,1.0,FALSE,0,0.0,1.0,1.0,4.55e-05,0.165427324659902,0.0,Diverged_in_single-cell
FBLN1,1.0,FALSE,0,1.0,0.0,1.0,0.697158798820581,1.0,0.0,Diverged_in_single-cell
FBRSL1,1.0,FALSE,0,0.0,1.0,1.0,0.49774133522311,1.0,0.0,Diverged_in_single-cell
FBXL18,1.0,FALSE,0,0.0,1.0,1.0,1.0,1.0,0.0,Diverged_in_single-cell
FBXL4,1.0,FALSE,0,0.0,1.0,1.0,0.428278554267461,1.0,0.0,Diverged_in_single-cell
FBXL5,1.0,FALSE,0,0.0,1.0,1.0,1.0,1.0,0.0,Diverged_in_single-cell
FBXO10,1.0,FALSE,0,0.0,1.0,1.0,0.282610116857323,1.0,0.0,Diverged_in_single-cell
FBXO16,1.0,FALSE,0,0.0,1.0,1.0,0.127219123503669,1.0,0.0,Diverged_in_single-cell
FBXO3,1.0,FALSE,1,0.0,0.0,1.0,0.168092229433229,1.0,0.0,Diverged_in_single-cell
FBXO30,1.0,FALSE,0,0.0,1.0,1.0,0.742378218863942,1.0,0.0,Diverged_in_single-cell
FBXO45,1.0,FALSE,0,1.0,1.0,1.0,1.0,1.0,0.0,Diverged_in_single-cell
FBXO47,1.0,FALSE,1,1.0,0.0,1.0,1.0,1.0,0.0,Diverged_in_single-cell
FBXO48,1.0,FALSE,0,0.0,1.0,1.0,1.0,1.0,0.0,Diverged_in_single-cell
FBXO6,1.0,FALSE,0,1.0,0.0,1.0,1.0,1.0,0.0,Diverged_in_single-cell
FBXO8,1.0,FALSE,1,0.0,0.0,1.0,0.0017646698793391,1.0,0.0,Diverged_in_single-cell
FCER1G,1.0,FALSE,1,0.0,0.0,1.0,1.0,1.0,0.0,Diverged_in_single-cell
FCER2,1.0,FALSE,1,1.0,1.0,1.0,1.0,1.0,0.0,Diverged_in_single-cell
FCGRT,1.0,FALSE,0,1.0,0.0,1.0,0.900169843553097,1.0,0.0,Diverged_in_single-cell
FDX1,1.0,FALSE,0,0.0,1.0,1.0,0.960989341819806,1.0,0.0,Diverged_in_single-cell
FEM1A,1.0,FALSE,1,1.0,0.0,1.0,0.0019326483874628,1.0,0.0,Diverged_in_single-cell
FEN1,1.0,FALSE,1,0.0,0.0,1.0,1.0,1.0,0.0,Diverged_in_single-cell
FER1L6,1.0,FALSE,0,0.0,1.0,1.0,1.0,1.0,0.0,Diverged_in_single-cell
FGD2,1.0,FALSE,1,0.0,0.0,1.0,0.595881195671307,1.0,0.0,Diverged_in_single-cell
FGF10,1.0,FALSE,0,0.0,1.0,1.0,1.0,1.0,0.0,Diverged_in_single-cell
FGF13,1.0,FALSE,0,0.0,1.0,1.0,0.0001915354395471,1.0,0.0,Diverged_in_single-cell
FGF18,1.0,FALSE,1,0.0,0.0,1.0,1.0,1.0,0.0,Diverged_in_single-cell
FGF5,1.0,FALSE,0,0.0,1.0,1.0,1.0,1.0,0.0,Diverged_in_single-cell
FGF7,1.0,FALSE,1,1.0,0.0,1.0,0.612445770616484,1.0,0.0,Diverged_in_single-cell
FGFR1OP,1.0,FALSE,0,0.0,1.0,1.0,,,0.0,Diverged_in_single-cell
FGL1,1.0,FALSE,1,0.0,0.0,1.0,1.0,1.0,0.0,Diverged_in_single-cell
FGR,1.0,FALSE,1,1.0,0.0,1.0,1.0,1.0,0.0,Diverged_in_single-cell
FHL5,1.0,FALSE,0,1.0,0.0,1.0,1.0,1.0,0.0,Diverged_in_single-cell
FIBP,1.0,FALSE,0,1.0,1.0,1.0,1.0,1.0,0.0,Diverged_in_single-cell
FITM2,1.0,FALSE,0,0.0,1.0,1.0,0.402502769457934,1.0,0.0,Diverged_in_single-cell
FIZ1,1.0,FALSE,0,0.0,1.0,1.0,,,0.0,Diverged_in_single-cell
FKBP11,1.0,FALSE,0,1.0,1.0,1.0,0.0899635826770804,1.0,0.0,Diverged_in_single-cell
FKBP1A,1.0,FALSE,0,1.0,0.0,1.0,1.0,1.0,0.0,Diverged_in_single-cell
FKBP6,1.0,FALSE,0,0.0,1.0,1.0,0.0002044101796486,1.0,0.0,Diverged_in_single-cell
FKBPL,1.0,FALSE,1,0.0,1.0,1.0,3.24e-05,0.183675066038059,0.0,Diverged_in_single-cell
FKRP,1.0,FALSE,0,0.0,1.0,1.0,1.0,1.0,0.0,Diverged_in_single-cell
FLAD1,1.0,FALSE,0,0.0,1.0,1.0,1.0,1.0,0.0,Diverged_in_single-cell
FLCN,1.0,FALSE,1,0.0,1.0,1.0,1.0,1.0,0.0,Diverged_in_single-cell
FLNC,1.0,FALSE,1,0.0,0.0,1.0,1.0,1.0,0.0,Diverged_in_single-cell
FLOT1,1.0,FALSE,1,0.0,0.0,1.0,1.2e-05,0.0005243647087046,1.0,Diverged_in_both
FLT4,1.0,FALSE,0,1.0,0.0,1.0,0.0003551806178505,1.0,0.0,Diverged_in_single-cell
FLVCR2,1.0,FALSE,0,1.0,0.0,1.0,1.0,1.0,0.0,Diverged_in_single-cell
FN3KRP,1.0,FALSE,0,0.0,1.0,1.0,1.0,1.0,0.0,Diverged_in_single-cell
FNDC1,1.0,FALSE,0,0.0,1.0,1.0,1.0,1.0,0.0,Diverged_in_single-cell
FNDC9,1.0,FALSE,1,0.0,1.0,1.0,1.0,1.0,0.0,Diverged_in_single-cell
FNTB,1.0,FALSE,1,0.0,0.0,1.0,0.568713599273376,1.0,0.0,Diverged_in_single-cell
FOSB,1.0,FALSE,0,0.0,1.0,1.0,1.0,1.0,0.0,Diverged_in_single-cell
FOSL1,1.0,FALSE,1,1.0,1.0,1.0,1.0,1.0,0.0,Diverged_in_single-cell
FOXC1,1.0,FALSE,1,0.0,0.0,1.0,0.0671197936901237,1.0,0.0,Diverged_in_single-cell
FOXH1,1.0,FALSE,1,1.0,0.0,1.0,1.0,1.0,0.0,Diverged_in_single-cell
FOXK2,1.0,FALSE,0,1.0,0.0,1.0,0.433141832527363,1.0,0.0,Diverged_in_single-cell
FOXP4,1.0,FALSE,0,0.0,1.0,1.0,1.0,1.0,0.0,Diverged_in_single-cell
FOXR1,1.0,FALSE,0,0.0,1.0,1.0,0.161255729665119,1.0,0.0,Diverged_in_single-cell
FOXRED1,1.0,FALSE,0,0.0,1.0,1.0,1.0,1.0,0.0,Diverged_in_single-cell
FPGS,1.0,FALSE,0,0.0,1.0,1.0,0.0057584744463114,1.0,0.0,Diverged_in_single-cell
FPGT,1.0,FALSE,0,1.0,0.0,1.0,1.0,1.0,0.0,Diverged_in_single-cell
FPR1,1.0,FALSE,0,1.0,0.0,1.0,1.0,1.0,0.0,Diverged_in_single-cell
FPR2,1.0,FALSE,0,1.0,0.0,1.0,1.0,1.0,0.0,Diverged_in_single-cell
FRA10AC1,1.0,FALSE,0,0.0,1.0,1.0,0.271435489694995,1.0,0.0,Diverged_in_single-cell
FREM2,1.0,FALSE,0,0.0,1.0,1.0,1.0,1.0,0.0,Diverged_in_single-cell
FRG1,1.0,FALSE,1,0.0,0.0,1.0,8.26e-06,3.98e-06,1.0,Diverged_in_both
FRRS1,1.0,FALSE,0,1.0,0.0,1.0,0.908176034771394,1.0,0.0,Diverged_in_single-cell
FSCN3,1.0,FALSE,1,0.0,0.0,1.0,,,0.0,Diverged_in_single-cell
FUNDC1,1.0,FALSE,0,0.0,1.0,1.0,1.0,1.0,0.0,Diverged_in_single-cell
FUNDC2,1.0,FALSE,1,0.0,1.0,1.0,0.799430745564881,1.0,0.0,Diverged_in_single-cell
FUZ,1.0,FALSE,1,0.0,0.0,1.0,1.0,1.0,0.0,Diverged_in_single-cell
FXR2,1.0,FALSE,0,0.0,1.0,1.0,0.409665042690979,1.0,0.0,Diverged_in_single-cell
FXYD1,1.0,FALSE,0,1.0,0.0,1.0,,,0.0,Diverged_in_single-cell
FXYD3,1.0,FALSE,0,1.0,0.0,1.0,1.0,1.0,0.0,Diverged_in_single-cell
FZD9,1.0,FALSE,1,0.0,0.0,1.0,1.0,1.0,0.0,Diverged_in_single-cell
G6PC,1.0,FALSE,1,1.0,0.0,1.0,1.0,1.0,0.0,Diverged_in_single-cell
G6PC3,1.0,FALSE,1,0.0,0.0,1.0,0.676836813336929,1.0,0.0,Diverged_in_single-cell
GABPB1,1.0,FALSE,1,0.0,0.0,1.0,0.434285351575622,1.0,0.0,Diverged_in_single-cell
GABRR1,1.0,FALSE,1,0.0,1.0,1.0,1.0,1.0,0.0,Diverged_in_single-cell
GABRR2,1.0,FALSE,1,0.0,1.0,1.0,0.122075846415044,0.20843269866756,0.0,Diverged_in_single-cell
GADL1,1.0,FALSE,0,0.0,1.0,1.0,0.781354533319725,1.0,0.0,Diverged_in_single-cell
GAL,1.0,FALSE,0,1.0,1.0,1.0,1.0,1.0,0.0,Diverged_in_single-cell
GAL3ST1,1.0,FALSE,0,1.0,0.0,1.0,1.0,1.0,0.0,Diverged_in_single-cell
GAL3ST3,1.0,FALSE,0,1.0,0.0,1.0,1.0,1.0,0.0,Diverged_in_single-cell
GALK1,1.0,FALSE,0,1.0,1.0,1.0,1.0,1.0,0.0,Diverged_in_single-cell
GALNTL5,1.0,FALSE,0,1.0,0.0,1.0,1.0,1.0,0.0,Diverged_in_single-cell
GALP,1.0,FALSE,1,0.0,0.0,1.0,,,0.0,Diverged_in_single-cell
GALR1,1.0,FALSE,0,0.0,1.0,1.0,1.0,1.0,0.0,Diverged_in_single-cell
GANAB,1.0,FALSE,0,0.0,1.0,1.0,0.469886449477786,1.0,0.0,Diverged_in_single-cell
GAPDHS,1.0,FALSE,1,0.0,1.0,1.0,0.645162448952797,1.0,0.0,Diverged_in_single-cell
GART,1.0,FALSE,1,0.0,0.0,1.0,1.0,1.0,0.0,Diverged_in_single-cell
GAS2,1.0,FALSE,0,0.0,1.0,1.0,1.0,1.0,0.0,Diverged_in_single-cell
GAST,1.0,FALSE,1,0.0,0.0,1.0,0.533942090823886,0.783898104664854,0.0,Diverged_in_single-cell
GATA4,1.0,FALSE,1,1.0,0.0,1.0,1.0,1.0,0.0,Diverged_in_single-cell
GBX1,1.0,FALSE,0,0.0,1.0,1.0,1.0,1.0,0.0,Diverged_in_single-cell
GCC1,1.0,FALSE,1,0.0,1.0,1.0,1.0,1.0,0.0,Diverged_in_single-cell
GCFC2,1.0,FALSE,0,0.0,1.0,1.0,0.0804448950049297,1.0,0.0,Diverged_in_single-cell
GCK,1.0,FALSE,0,0.0,1.0,1.0,1.0,1.0,0.0,Diverged_in_single-cell
GCKR,1.0,FALSE,0,0.0,1.0,1.0,0.0387327570128455,1.0,0.0,Diverged_in_single-cell
GCNT7,1.0,FALSE,0,1.0,0.0,1.0,1.0,1.0,0.0,Diverged_in_single-cell
GDF15,1.0,FALSE,0,1.0,1.0,1.0,,,0.0,Diverged_in_single-cell
GDNF,1.0,FALSE,0,1.0,0.0,1.0,1.0,1.0,0.0,Diverged_in_single-cell
GDPD4,1.0,FALSE,1,1.0,0.0,1.0,0.0234460101779691,1.0,0.0,Diverged_in_single-cell
GDPGP1,1.0,FALSE,0,0.0,1.0,1.0,0.844067835011593,1.0,0.0,Diverged_in_single-cell
GEMIN2,1.0,FALSE,1,0.0,1.0,1.0,1.0,1.0,0.0,Diverged_in_single-cell
GEMIN4,1.0,FALSE,0,1.0,0.0,1.0,1.0,1.0,0.0,Diverged_in_single-cell
GEMIN6,1.0,FALSE,0,0.0,1.0,1.0,0.414375279537216,1.0,0.0,Diverged_in_single-cell
GEMIN7,1.0,FALSE,1,1.0,0.0,1.0,1.0,1.0,0.0,Diverged_in_single-cell
GFAP,1.0,FALSE,0,1.0,0.0,1.0,1.0,1.0,0.0,Diverged_in_single-cell
GFM2,1.0,FALSE,0,1.0,1.0,1.0,1.0,1.0,0.0,Diverged_in_single-cell
GFRA3,1.0,FALSE,0,0.0,1.0,1.0,1.0,1.0,0.0,Diverged_in_single-cell
GFRAL,1.0,FALSE,1,1.0,1.0,1.0,1.0,1.0,0.0,Diverged_in_single-cell
GGACT,1.0,FALSE,0,0.0,1.0,1.0,0.21563895074293,1.0,0.0,Diverged_in_single-cell
GGCX,1.0,FALSE,0,1.0,0.0,1.0,0.434922574149419,1.0,0.0,Diverged_in_single-cell
GGPS1,1.0,FALSE,0,0.0,1.0,1.0,0.007792514791002,1.0,0.0,Diverged_in_single-cell
GGT1,1.0,FALSE,0,1.0,0.0,1.0,1.0,1.0,0.0,Diverged_in_single-cell
GGTA1P,1.0,FALSE,0,0.0,1.0,1.0,,,0.0,Diverged_in_single-cell
GHDC,1.0,FALSE,1,0.0,1.0,1.0,1.0,1.0,0.0,Diverged_in_single-cell
GHRL,1.0,FALSE,0,1.0,0.0,1.0,1.0,1.0,0.0,Diverged_in_single-cell
GID4,1.0,FALSE,0,0.0,1.0,1.0,1.0,1.0,0.0,Diverged_in_single-cell
GID8,1.0,FALSE,1,1.0,1.0,1.0,1.0,1.0,0.0,Diverged_in_single-cell
GIGYF2,1.0,FALSE,0,0.0,1.0,1.0,0.228393505826229,1.0,0.0,Diverged_in_single-cell
GIMAP4,1.0,FALSE,0,1.0,0.0,1.0,1.0,1.0,0.0,Diverged_in_single-cell
GIMAP7,1.0,FALSE,1,1.0,0.0,1.0,0.224793444622013,1.0,0.0,Diverged_in_single-cell
GINS4,1.0,FALSE,1,0.0,0.0,1.0,0.893783225198146,1.0,0.0,Diverged_in_single-cell
GIPR,1.0,FALSE,1,0.0,0.0,1.0,1.0,1.0,0.0,Diverged_in_single-cell
GJA1,1.0,FALSE,1,1.0,0.0,1.0,1.0,1.0,0.0,Diverged_in_single-cell
GJB1,1.0,FALSE,0,1.0,0.0,1.0,1.0,1.0,0.0,Diverged_in_single-cell
GJB6,1.0,FALSE,1,1.0,0.0,1.0,0.00024375829557,1.0,0.0,Diverged_in_single-cell
GJB7,1.0,FALSE,0,0.0,1.0,1.0,0.453334908432911,1.0,0.0,Diverged_in_single-cell
GLE1,1.0,FALSE,0,0.0,1.0,1.0,0.911484782045052,1.0,0.0,Diverged_in_single-cell
GLIPR1L1,1.0,FALSE,0,1.0,0.0,1.0,0.0028875082505151,0.019338693010981,1.0,Diverged_in_both
GLO1,1.0,FALSE,1,0.0,0.0,1.0,1.0,1.0,0.0,Diverged_in_single-cell
GLP1R,1.0,FALSE,0,0.0,1.0,1.0,1.0,1.0,0.0,Diverged_in_single-cell
GLP2R,1.0,FALSE,0,1.0,1.0,1.0,1.0,1.0,0.0,Diverged_in_single-cell
GLRX2,1.0,FALSE,0,0.0,1.0,1.0,6.71e-05,0.0130110196132324,1.0,Diverged_in_both
GLT8D1,1.0,FALSE,0,0.0,1.0,1.0,0.173777373135846,1.0,0.0,Diverged_in_single-cell
GMEB2,1.0,FALSE,1,0.0,0.0,1.0,1.0,1.0,0.0,Diverged_in_single-cell
GMPPA,1.0,FALSE,0,0.0,1.0,1.0,1.0,1.0,0.0,Diverged_in_single-cell
GMPPB,1.0,FALSE,0,1.0,1.0,1.0,0.87342930818106,1.0,0.0,Diverged_in_single-cell
GMPR2,1.0,FALSE,0,1.0,0.0,1.0,8.26e-06,0.0173005154236591,1.0,Diverged_in_both
GNA11,1.0,FALSE,1,0.0,0.0,1.0,0.912353646421739,1.0,0.0,Diverged_in_single-cell
GNA15,1.0,FALSE,0,1.0,0.0,1.0,0.0639513994628876,1.0,0.0,Diverged_in_single-cell
GNAT2,1.0,FALSE,0,0.0,1.0,1.0,2.65e-05,1.0,0.0,Diverged_in_single-cell
GNB1L,1.0,FALSE,0,0.0,1.0,1.0,1.0,1.0,0.0,Diverged_in_single-cell
GNG10,1.0,FALSE,1,1.0,1.0,1.0,0.0056437141909346,0.029221111051259,1.0,Diverged_in_both
GNG11,1.0,FALSE,0,1.0,0.0,1.0,1.0,1.0,0.0,Diverged_in_single-cell
GNL3,1.0,FALSE,0,1.0,0.0,1.0,1.0,1.0,0.0,Diverged_in_single-cell
GNL3L,1.0,FALSE,1,0.0,0.0,1.0,1.0,1.0,0.0,Diverged_in_single-cell
GNPNAT1,1.0,FALSE,0,0.0,1.0,1.0,0.0663220064712079,1.0,0.0,Diverged_in_single-cell
GNRH1,1.0,FALSE,0,0.0,1.0,1.0,1.0,1.0,0.0,Diverged_in_single-cell
GOLGA3,1.0,FALSE,1,0.0,0.0,1.0,0.558495726463131,1.0,0.0,Diverged_in_single-cell
GOLT1A,1.0,FALSE,1,1.0,0.0,1.0,0.001353355690011,1.0,0.0,Diverged_in_single-cell
GOPC,1.0,FALSE,0,0.0,1.0,1.0,0.409665042690979,1.0,0.0,Diverged_in_single-cell
GOSR1,1.0,FALSE,1,0.0,0.0,1.0,0.0232738828509052,1.0,0.0,Diverged_in_single-cell
GOSR2,1.0,FALSE,1,0.0,0.0,1.0,0.293704320974801,1.0,0.0,Diverged_in_single-cell
GP6,1.0,FALSE,0,0.0,1.0,1.0,0.0993213280185048,0.0933023917433717,0.0,Diverged_in_single-cell
GPA33,1.0,FALSE,1,0.0,1.0,1.0,0.41927878057754,0.0707585739739717,0.0,Diverged_in_single-cell
GPAA1,1.0,FALSE,1,0.0,0.0,1.0,0.0275095863112538,1.0,0.0,Diverged_in_single-cell
GPANK1,1.0,FALSE,1,0.0,1.0,1.0,8.26e-06,0.0001651517261661,1.0,Diverged_in_both
GPATCH1,1.0,FALSE,0,0.0,1.0,1.0,1.0,1.0,0.0,Diverged_in_single-cell
GPC1,1.0,FALSE,1,0.0,0.0,1.0,0.321843164021375,1.0,0.0,Diverged_in_single-cell
GPKOW,1.0,FALSE,0,0.0,1.0,1.0,1.0,1.0,0.0,Diverged_in_single-cell
GPN2,1.0,FALSE,0,1.0,1.0,1.0,1.0,1.0,0.0,Diverged_in_single-cell
GPN3,1.0,FALSE,1,0.0,0.0,1.0,0.478639907198109,1.0,0.0,Diverged_in_single-cell
GPR108,1.0,FALSE,0,0.0,1.0,1.0,0.239262862353582,1.0,0.0,Diverged_in_single-cell
GPR12,1.0,FALSE,0,0.0,1.0,1.0,0.076359196377962,0.690987990509116,0.0,Diverged_in_single-cell
GPR146,1.0,FALSE,1,0.0,0.0,1.0,0.0804448950049297,1.0,0.0,Diverged_in_single-cell
GPR149,1.0,FALSE,1,0.0,0.0,1.0,1.0,1.0,0.0,Diverged_in_single-cell
GPR160,1.0,FALSE,0,1.0,0.0,1.0,0.57355701380043,1.0,0.0,Diverged_in_single-cell
GPR17,1.0,FALSE,1,1.0,0.0,1.0,0.802878653176189,1.0,0.0,Diverged_in_single-cell
GPR183,1.0,FALSE,1,1.0,0.0,1.0,0.662777204320715,1.0,0.0,Diverged_in_single-cell
GPR27,1.0,FALSE,0,1.0,1.0,1.0,0.832166613070393,1.0,0.0,Diverged_in_single-cell
GPR37L1,1.0,FALSE,1,1.0,0.0,1.0,6.91e-06,0.0192665720304075,1.0,Diverged_in_both
GPR75,1.0,FALSE,1,0.0,0.0,1.0,0.667600336608655,1.0,0.0,Diverged_in_single-cell
GPR83,1.0,FALSE,0,0.0,1.0,1.0,0.94209526243422,1.0,0.0,Diverged_in_single-cell
GPR88,1.0,FALSE,0,0.0,1.0,1.0,0.944878695070727,1.0,0.0,Diverged_in_single-cell
GPRASP1,1.0,FALSE,0,1.0,1.0,1.0,1.0,1.0,0.0,Diverged_in_single-cell
GPRC5D,1.0,FALSE,0,0.0,1.0,1.0,0.0414849568562925,0.011240624886238,1.0,Diverged_in_both
GPRIN1,1.0,FALSE,0,0.0,1.0,1.0,0.911746889229387,1.0,0.0,Diverged_in_single-cell
GPS2,1.0,FALSE,1,0.0,1.0,1.0,0.212161583717826,1.0,0.0,Diverged_in_single-cell
GPT,1.0,FALSE,0,1.0,0.0,1.0,1.0,1.0,0.0,Diverged_in_single-cell
GPX2,1.0,FALSE,1,1.0,0.0,1.0,0.0388227459158226,0.0221904860665127,1.0,Diverged_in_both
GPX4,1.0,FALSE,0,0.0,1.0,1.0,1.0,1.0,0.0,Diverged_in_single-cell
GRAP2,1.0,FALSE,1,0.0,1.0,1.0,1.0,1.0,0.0,Diverged_in_single-cell
GREB1,1.0,FALSE,0,0.0,1.0,1.0,0.57355701380043,1.0,0.0,Diverged_in_single-cell
GRIK5,1.0,FALSE,0,0.0,1.0,1.0,1.0,1.0,0.0,Diverged_in_single-cell
GRK4,1.0,FALSE,1,0.0,0.0,1.0,1.0,1.0,0.0,Diverged_in_single-cell
GRK7,1.0,FALSE,0,1.0,1.0,1.0,1.0,1.0,0.0,Diverged_in_single-cell
GRM2,1.0,FALSE,0,1.0,0.0,1.0,1.0,1.0,0.0,Diverged_in_single-cell
GRP,1.0,FALSE,0,1.0,0.0,1.0,1.0,1.0,0.0,Diverged_in_single-cell
GRPEL1,1.0,FALSE,1,0.0,1.0,1.0,0.0028346560883896,1.0,0.0,Diverged_in_single-cell
GRPEL2,1.0,FALSE,1,0.0,0.0,1.0,0.851109659668433,1.0,0.0,Diverged_in_single-cell
GRPR,1.0,FALSE,1,0.0,1.0,1.0,1.0,1.0,0.0,Diverged_in_single-cell
GRXCR1,1.0,FALSE,1,0.0,1.0,1.0,1.0,1.0,0.0,Diverged_in_single-cell
GSS,1.0,FALSE,0,0.0,1.0,1.0,0.531097649229431,1.0,0.0,Diverged_in_single-cell
GSTK1,1.0,FALSE,0,0.0,1.0,1.0,0.0743275091718063,1.0,0.0,Diverged_in_single-cell
GSTO1,1.0,FALSE,0,0.0,1.0,1.0,1.0,1.0,0.0,Diverged_in_single-cell
GTF2A1,1.0,FALSE,0,0.0,1.0,1.0,1.0,1.0,0.0,Diverged_in_single-cell
GTF2A2,1.0,FALSE,0,0.0,1.0,1.0,0.0034849451483724,1.0,0.0,Diverged_in_single-cell
GTF2E1,1.0,FALSE,0,0.0,1.0,1.0,1.0,1.0,0.0,Diverged_in_single-cell
GTF2H2,1.0,FALSE,1,1.0,1.0,1.0,8.26e-06,0.0001805559849792,1.0,Diverged_in_both
GTF2H4,1.0,FALSE,0,1.0,0.0,1.0,1.79e-05,0.028646440142216,1.0,Diverged_in_both
GTF3C4,1.0,FALSE,1,0.0,0.0,1.0,1.0,1.0,0.0,Diverged_in_single-cell
GTF3C6,1.0,FALSE,0,0.0,1.0,1.0,1.0,1.0,0.0,Diverged_in_single-cell
GTPBP10,1.0,FALSE,0,0.0,1.0,1.0,0.345642288997096,1.0,0.0,Diverged_in_single-cell
GTPBP4,1.0,FALSE,0,0.0,1.0,1.0,0.799430745564881,1.0,0.0,Diverged_in_single-cell
GTSE1,1.0,FALSE,0,0.0,1.0,1.0,1.0,1.0,0.0,Diverged_in_single-cell
GUCA1B,1.0,FALSE,1,0.0,0.0,1.0,1.0,1.0,0.0,Diverged_in_single-cell
GUCA1C,1.0,FALSE,0,1.0,0.0,1.0,1.0,1.0,0.0,Diverged_in_single-cell
GUCD1,1.0,FALSE,0,0.0,1.0,1.0,0.662777204320715,1.0,0.0,Diverged_in_single-cell
GUCY2D,1.0,FALSE,0,0.0,1.0,1.0,1.0,1.0,0.0,Diverged_in_single-cell
GUCY2F,1.0,FALSE,0,0.0,1.0,1.0,0.799430745564881,1.0,0.0,Diverged_in_single-cell
GUF1,1.0,FALSE,1,0.0,0.0,1.0,0.667860670067456,1.0,0.0,Diverged_in_single-cell
GYG1,1.0,FALSE,0,0.0,1.0,1.0,0.144859960622035,1.0,0.0,Diverged_in_single-cell
GYPA,1.0,FALSE,0,0.0,1.0,1.0,,,0.0,Diverged_in_single-cell
H2AFJ,1.0,FALSE,0,1.0,0.0,1.0,,,0.0,Diverged_in_single-cell
HACD1,1.0,FALSE,0,0.0,1.0,1.0,1.0,1.0,0.0,Diverged_in_single-cell
HACD4,1.0,FALSE,0,1.0,0.0,1.0,1.0,1.0,0.0,Diverged_in_single-cell
HADH,1.0,FALSE,0,0.0,1.0,1.0,1.0,1.0,0.0,Diverged_in_single-cell
HAP1,1.0,FALSE,1,0.0,0.0,1.0,1.0,1.0,0.0,Diverged_in_single-cell
HAPLN3,1.0,FALSE,0,1.0,0.0,1.0,0.265094091318989,0.294476401777169,0.0,Diverged_in_single-cell
HARS2,1.0,FALSE,1,0.0,0.0,1.0,1.0,1.0,0.0,Diverged_in_single-cell
HAS1,1.0,FALSE,0,0.0,1.0,1.0,1.0,1.0,0.0,Diverged_in_single-cell
HAUS1,1.0,FALSE,1,0.0,1.0,1.0,1.0,1.0,0.0,Diverged_in_single-cell
HAUS2,1.0,FALSE,0,0.0,1.0,1.0,1.0,1.0,0.0,Diverged_in_single-cell
HAUS3,1.0,FALSE,1,0.0,0.0,1.0,0.2272108835671,1.0,0.0,Diverged_in_single-cell
HAUS4,1.0,FALSE,1,0.0,0.0,1.0,0.0060879629093024,0.182224349863636,0.0,Diverged_in_single-cell
HAUS6,1.0,FALSE,1,0.0,0.0,1.0,1.0,1.0,0.0,Diverged_in_single-cell
HAUS7,1.0,FALSE,0,0.0,1.0,1.0,0.516437235717352,1.0,0.0,Diverged_in_single-cell
HAX1,1.0,FALSE,0,0.0,1.0,1.0,1.0,1.0,0.0,Diverged_in_single-cell
HCK,1.0,FALSE,0,1.0,0.0,1.0,1.0,1.0,0.0,Diverged_in_single-cell
HDAC4,1.0,FALSE,0,0.0,1.0,1.0,1.0,1.0,0.0,Diverged_in_single-cell
HDDC3,1.0,FALSE,0,0.0,1.0,1.0,0.567960656951923,1.0,0.0,Diverged_in_single-cell
HDGF,1.0,FALSE,0,1.0,1.0,1.0,1.0,1.0,0.0,Diverged_in_single-cell
HEATR9,1.0,FALSE,0,0.0,1.0,1.0,,,0.0,Diverged_in_single-cell
HEBP1,1.0,FALSE,0,0.0,1.0,1.0,1.0,1.0,0.0,Diverged_in_single-cell
HEPH,1.0,FALSE,1,0.0,0.0,1.0,1.0,1.0,0.0,Diverged_in_single-cell
HEXIM1,1.0,FALSE,0,0.0,1.0,1.0,0.975286618848354,1.0,0.0,Diverged_in_single-cell
HEY2,1.0,FALSE,1,0.0,0.0,1.0,1.0,1.0,0.0,Diverged_in_single-cell
HEYL,1.0,FALSE,0,1.0,0.0,1.0,1.0,1.0,0.0,Diverged_in_single-cell
HGH1,1.0,FALSE,1,0.0,1.0,1.0,0.127826491038556,1.0,0.0,Diverged_in_single-cell
HHIPL2,1.0,FALSE,0,1.0,1.0,1.0,0.97812761128904,1.0,0.0,Diverged_in_single-cell
HHLA3,1.0,FALSE,0,1.0,0.0,1.0,,,0.0,Diverged_in_single-cell
HIGD1A,1.0,FALSE,0,0.0,1.0,1.0,1.0,1.0,0.0,Diverged_in_single-cell
HIGD1B,1.0,FALSE,1,0.0,0.0,1.0,0.0001681593944411,1.0,0.0,Diverged_in_single-cell
HIGD1C,1.0,FALSE,1,0.0,0.0,1.0,0.892135948739297,1.0,0.0,Diverged_in_single-cell
HIGD2A,1.0,FALSE,1,1.0,0.0,1.0,0.839866790305821,1.0,0.0,Diverged_in_single-cell
HILPDA,1.0,FALSE,0,1.0,0.0,1.0,,,0.0,Diverged_in_single-cell
HINFP,1.0,FALSE,0,0.0,1.0,1.0,1.0,1.0,0.0,Diverged_in_single-cell
HINT1,1.0,FALSE,0,1.0,0.0,1.0,1.0,1.0,0.0,Diverged_in_single-cell
HIPK4,1.0,FALSE,0,0.0,1.0,1.0,,,0.0,Diverged_in_single-cell
HJURP,1.0,FALSE,1,0.0,0.0,1.0,1.0,1.0,0.0,Diverged_in_single-cell
HLTF,1.0,FALSE,0,1.0,0.0,1.0,1.0,1.0,0.0,Diverged_in_single-cell
HMG20A,1.0,FALSE,0,0.0,1.0,1.0,0.968844621819293,1.0,0.0,Diverged_in_single-cell
HMGB1,1.0,FALSE,0,1.0,0.0,1.0,1.0,1.0,0.0,Diverged_in_single-cell
HMGB3,1.0,FALSE,0,0.0,1.0,1.0,0.234222423289533,1.0,0.0,Diverged_in_single-cell
HMGN1,1.0,FALSE,0,0.0,1.0,1.0,0.542709463221679,1.0,0.0,Diverged_in_single-cell
HMGN2,1.0,FALSE,0,0.0,1.0,1.0,,,0.0,Diverged_in_single-cell
HNF1B,1.0,FALSE,0,1.0,0.0,1.0,0.317659814378392,1.0,0.0,Diverged_in_single-cell
HNF4G,1.0,FALSE,1,0.0,0.0,1.0,0.893876156216258,1.0,0.0,Diverged_in_single-cell
HNRNPA1,1.0,FALSE,0,1.0,0.0,1.0,0.0519453154120364,1.0,0.0,Diverged_in_single-cell
HNRNPAB,1.0,FALSE,1,0.0,1.0,1.0,1.0,1.0,0.0,Diverged_in_single-cell
HNRNPH2,1.0,FALSE,0,0.0,1.0,1.0,0.303898426405489,1.0,0.0,Diverged_in_single-cell
HNRNPUL1,1.0,FALSE,0,1.0,0.0,1.0,0.124572867182467,1.0,0.0,Diverged_in_single-cell
HNRNPUL2,1.0,FALSE,0,1.0,1.0,1.0,0.124572867182467,1.0,0.0,Diverged_in_single-cell
HOGA1,1.0,FALSE,1,0.0,0.0,1.0,0.266160471540941,1.0,0.0,Diverged_in_single-cell
HOMER3,1.0,FALSE,1,0.0,0.0,1.0,1.0,1.0,0.0,Diverged_in_single-cell
HOMEZ,1.0,FALSE,0,0.0,1.0,1.0,1.0,1.0,0.0,Diverged_in_single-cell
HOOK2,1.0,FALSE,0,0.0,1.0,1.0,0.85809401926313,1.0,0.0,Diverged_in_single-cell
HORMAD2,1.0,FALSE,0,1.0,0.0,1.0,1.0,1.0,0.0,Diverged_in_single-cell
HPD,1.0,FALSE,1,1.0,1.0,1.0,0.0001272306336553,0.0130110196132324,1.0,Diverged_in_both
HPGD,1.0,FALSE,0,0.0,1.0,1.0,1.0,1.0,0.0,Diverged_in_single-cell
HPS6,1.0,FALSE,0,1.0,1.0,1.0,0.103425623269159,1.0,0.0,Diverged_in_single-cell
HRAS,1.0,FALSE,0,0.0,1.0,1.0,6.58e-08,0.0023291722004009,1.0,Diverged_in_both
HRCT1,1.0,FALSE,1,0.0,0.0,1.0,,,0.0,Diverged_in_single-cell
HSCB,1.0,FALSE,0,0.0,1.0,1.0,1.0,1.0,0.0,Diverged_in_single-cell
HSD11B1L,1.0,FALSE,1,0.0,0.0,1.0,1.0,1.0,0.0,Diverged_in_single-cell
HSD17B1,1.0,FALSE,0,1.0,0.0,1.0,0.0346553825245377,1.0,0.0,Diverged_in_single-cell
HSD17B3,1.0,FALSE,1,1.0,0.0,1.0,1.0,1.0,0.0,Diverged_in_single-cell
HSF1,1.0,FALSE,1,0.0,0.0,1.0,0.0024351710380963,1.0,0.0,Diverged_in_single-cell
HSF5,1.0,FALSE,0,0.0,1.0,1.0,1.0,1.0,0.0,Diverged_in_single-cell
HSH2D,1.0,FALSE,0,1.0,1.0,1.0,1.0,1.0,0.0,Diverged_in_single-cell
HSPG2,1.0,FALSE,0,1.0,0.0,1.0,0.0057584744463114,1.0,0.0,Diverged_in_single-cell
HTR3E,1.0,FALSE,0,1.0,0.0,1.0,0.456092899341706,1.0,0.0,Diverged_in_single-cell
HTR5A,1.0,FALSE,0,0.0,1.0,1.0,1.0,1.0,0.0,Diverged_in_single-cell
HTR6,1.0,FALSE,0,0.0,1.0,1.0,1.0,1.0,0.0,Diverged_in_single-cell
HTRA2,1.0,FALSE,0,1.0,1.0,1.0,0.0343332923085813,1.0,0.0,Diverged_in_single-cell
HUS1,1.0,FALSE,1,1.0,0.0,1.0,1.0,1.0,0.0,Diverged_in_single-cell
HYAL3,1.0,FALSE,0,0.0,1.0,1.0,1.0,1.0,0.0,Diverged_in_single-cell
HYLS1,1.0,FALSE,1,0.0,1.0,1.0,0.0600377750713104,1.0,0.0,Diverged_in_single-cell
HYOU1,1.0,FALSE,1,0.0,1.0,1.0,0.223261230127402,1.0,0.0,Diverged_in_single-cell
HYPK,1.0,FALSE,1,1.0,1.0,1.0,3.77e-05,0.0002792302345983,1.0,Diverged_in_both
IAH1,1.0,FALSE,0,1.0,0.0,1.0,0.0016310945559594,0.20843269866756,0.0,Diverged_in_single-cell
IARS,1.0,FALSE,0,1.0,1.0,1.0,,,0.0,Diverged_in_single-cell
ICAM3,1.0,FALSE,0,1.0,0.0,1.0,0.321843164021375,1.0,0.0,Diverged_in_single-cell
IDH3B,1.0,FALSE,0,0.0,1.0,1.0,1.0,1.0,0.0,Diverged_in_single-cell
IDH3G,1.0,FALSE,0,0.0,1.0,1.0,0.618465762736354,1.0,0.0,Diverged_in_single-cell
IDI1,1.0,FALSE,0,0.0,1.0,1.0,0.433065746540289,1.0,0.0,Diverged_in_single-cell
IDO1,1.0,FALSE,0,1.0,0.0,1.0,1.0,1.0,0.0,Diverged_in_single-cell
IDO2,1.0,FALSE,0,1.0,1.0,1.0,1.0,1.0,0.0,Diverged_in_single-cell
IDUA,1.0,FALSE,0,0.0,1.0,1.0,1.0,1.0,0.0,Diverged_in_single-cell
IER3IP1,1.0,FALSE,1,1.0,1.0,1.0,0.389373980161116,1.0,0.0,Diverged_in_single-cell
IFI16,1.0,FALSE,1,0.0,0.0,1.0,,,0.0,Diverged_in_single-cell
IFNAR1,1.0,FALSE,0,1.0,0.0,1.0,1.0,1.0,0.0,Diverged_in_single-cell
IFRD2,1.0,FALSE,0,0.0,1.0,1.0,0.531097649229431,1.0,0.0,Diverged_in_single-cell
IFT20,1.0,FALSE,0,0.0,1.0,1.0,0.536803460981004,1.0,0.0,Diverged_in_single-cell
IFT52,1.0,FALSE,0,0.0,1.0,1.0,0.092452186926487,1.0,0.0,Diverged_in_single-cell
IFT88,1.0,FALSE,0,0.0,1.0,1.0,1.0,1.0,0.0,Diverged_in_single-cell
IGF2BP3,1.0,FALSE,0,0.0,1.0,1.0,1.0,1.0,0.0,Diverged_in_single-cell
IGFBP2,1.0,FALSE,0,0.0,1.0,1.0,0.219979031177678,1.0,0.0,Diverged_in_single-cell
IGHMBP2,1.0,FALSE,0,0.0,1.0,1.0,1.0,1.0,0.0,Diverged_in_single-cell
IGIP,1.0,FALSE,0,1.0,1.0,1.0,,,0.0,Diverged_in_single-cell
IGSF23,1.0,FALSE,0,0.0,1.0,1.0,,,0.0,Diverged_in_single-cell
IK,1.0,FALSE,0,1.0,1.0,1.0,0.728022359205649,1.0,0.0,Diverged_in_single-cell
IKZF1,1.0,FALSE,0,1.0,0.0,1.0,0.73088748577939,1.0,0.0,Diverged_in_single-cell
IKZF3,1.0,FALSE,1,1.0,0.0,1.0,1.0,1.0,0.0,Diverged_in_single-cell
IL12RB1,1.0,FALSE,0,1.0,0.0,1.0,1.0,1.0,0.0,Diverged_in_single-cell
IL17RA,1.0,FALSE,0,1.0,0.0,1.0,1.0,1.0,0.0,Diverged_in_single-cell
IL18BP,1.0,FALSE,1,1.0,0.0,1.0,,,0.0,Diverged_in_single-cell
IL18R1,1.0,FALSE,1,0.0,0.0,1.0,1.0,1.0,0.0,Diverged_in_single-cell
IL19,1.0,FALSE,0,1.0,1.0,1.0,1.0,1.0,0.0,Diverged_in_single-cell
IL1A,1.0,FALSE,1,0.0,0.0,1.0,,,0.0,Diverged_in_single-cell
IL1RL2,1.0,FALSE,0,0.0,1.0,1.0,0.39553212221798,0.34930450058965,0.0,Diverged_in_single-cell
IL23R,1.0,FALSE,0,1.0,1.0,1.0,0.402881810959526,1.0,0.0,Diverged_in_single-cell
IL2RA,1.0,FALSE,1,1.0,1.0,1.0,1.0,1.0,0.0,Diverged_in_single-cell
IL31RA,1.0,FALSE,1,0.0,1.0,1.0,1.0,1.0,0.0,Diverged_in_single-cell
IL33,1.0,FALSE,0,1.0,0.0,1.0,1.0,1.0,0.0,Diverged_in_single-cell
IL4I1,1.0,FALSE,0,1.0,1.0,1.0,0.946534054971951,1.0,0.0,Diverged_in_single-cell
ILF2,1.0,FALSE,0,0.0,1.0,1.0,1.0,1.0,0.0,Diverged_in_single-cell
IMP4,1.0,FALSE,0,0.0,1.0,1.0,1.0,1.0,0.0,Diverged_in_single-cell
IMPG1,1.0,FALSE,0,0.0,1.0,1.0,0.136844439058465,0.878281386087845,0.0,Diverged_in_single-cell
IMPG2,1.0,FALSE,0,0.0,1.0,1.0,0.483617121067655,1.0,0.0,Diverged_in_single-cell
INCA1,1.0,FALSE,1,0.0,1.0,1.0,,,0.0,Diverged_in_single-cell
INCENP,1.0,FALSE,0,0.0,1.0,1.0,1.0,1.0,0.0,Diverged_in_single-cell
INO80B,1.0,FALSE,1,0.0,1.0,1.0,0.0031567998353442,1.0,0.0,Diverged_in_single-cell
INO80C,1.0,FALSE,1,0.0,0.0,1.0,1.0,1.0,0.0,Diverged_in_single-cell
INSL6,1.0,FALSE,0,1.0,0.0,1.0,,,0.0,Diverged_in_single-cell
INSM2,1.0,FALSE,0,0.0,1.0,1.0,0.510791724084202,1.0,0.0,Diverged_in_single-cell
INTS3,1.0,FALSE,1,0.0,0.0,1.0,3.46e-05,0.732273670846987,0.0,Diverged_in_single-cell
INTS5,1.0,FALSE,0,1.0,1.0,1.0,0.279599439227534,1.0,0.0,Diverged_in_single-cell
INTS8,1.0,FALSE,1,0.0,1.0,1.0,1.0,1.0,0.0,Diverged_in_single-cell
IP6K2,1.0,FALSE,0,0.0,1.0,1.0,1.0,1.0,0.0,Diverged_in_single-cell
IP6K3,1.0,FALSE,0,1.0,0.0,1.0,1.0,1.0,0.0,Diverged_in_single-cell
IPO9,1.0,FALSE,0,0.0,1.0,1.0,0.415380452864446,1.0,0.0,Diverged_in_single-cell
IPP,1.0,FALSE,1,0.0,0.0,1.0,0.697158798820581,1.0,0.0,Diverged_in_single-cell
IQCD,1.0,FALSE,0,1.0,0.0,1.0,1.0,1.0,0.0,Diverged_in_single-cell
IQGAP3,1.0,FALSE,1,0.0,0.0,1.0,0.293704320974801,1.0,0.0,Diverged_in_single-cell
IRF2BP1,1.0,FALSE,0,0.0,1.0,1.0,1.0,1.0,0.0,Diverged_in_single-cell
IRF2BPL,1.0,FALSE,0,0.0,1.0,1.0,0.832166613070393,1.0,0.0,Diverged_in_single-cell
IRF9,1.0,FALSE,1,0.0,0.0,1.0,5.63e-05,0.001436433118847,1.0,Diverged_in_both
IRGQ,1.0,FALSE,0,0.0,1.0,1.0,,,0.0,Diverged_in_single-cell
ISG20L2,1.0,FALSE,1,0.0,1.0,1.0,1.0,1.0,0.0,Diverged_in_single-cell
ISM1,1.0,FALSE,1,0.0,0.0,1.0,0.421490065325392,0.27159437834811,0.0,Diverged_in_single-cell
ISM2,1.0,FALSE,1,0.0,0.0,1.0,1.0,1.0,0.0,Diverged_in_single-cell
ISOC1,1.0,FALSE,0,0.0,1.0,1.0,0.119614284966002,1.0,0.0,Diverged_in_single-cell
ISY1,1.0,FALSE,0,1.0,1.0,1.0,0.760267956250774,1.0,0.0,Diverged_in_single-cell
ITGA11,1.0,FALSE,0,1.0,0.0,1.0,0.611379423146612,1.0,0.0,Diverged_in_single-cell
ITGA2,1.0,FALSE,1,0.0,0.0,1.0,1.0,1.0,0.0,Diverged_in_single-cell
ITGB3BP,1.0,FALSE,0,0.0,1.0,1.0,0.933712412080393,1.0,0.0,Diverged_in_single-cell
ITGBL1,1.0,FALSE,0,0.0,1.0,1.0,1.0,1.0,0.0,Diverged_in_single-cell
ITIH2,1.0,FALSE,0,1.0,1.0,1.0,8.26e-06,2.49e-06,1.0,Diverged_in_both
ITIH5,1.0,FALSE,0,1.0,0.0,1.0,1.0,1.0,0.0,Diverged_in_single-cell
ITK,1.0,FALSE,0,1.0,0.0,1.0,1.0,1.0,0.0,Diverged_in_single-cell
ITPK1,1.0,FALSE,0,0.0,1.0,1.0,8.28e-06,0.690987990509116,0.0,Diverged_in_single-cell
ITPRIPL1,1.0,FALSE,0,1.0,0.0,1.0,1.0,1.0,0.0,Diverged_in_single-cell
JAGN1,1.0,FALSE,0,0.0,1.0,1.0,1.0,1.0,0.0,Diverged_in_single-cell
JKAMP,1.0,FALSE,0,1.0,0.0,1.0,1.0,1.0,0.0,Diverged_in_single-cell
JMJD4,1.0,FALSE,0,0.0,1.0,1.0,1.0,1.0,0.0,Diverged_in_single-cell
JMJD6,1.0,FALSE,1,1.0,0.0,1.0,1.0,1.0,0.0,Diverged_in_single-cell
JMJD7,1.0,FALSE,1,0.0,0.0,1.0,0.0011144537216489,1.0,0.0,Diverged_in_single-cell
JTB,1.0,FALSE,0,1.0,0.0,1.0,1.0,1.0,0.0,Diverged_in_single-cell
KANK1,1.0,FALSE,1,0.0,0.0,1.0,0.0001030064216773,0.0070233414729719,1.0,Diverged_in_both
KAT7,1.0,FALSE,0,0.0,1.0,1.0,1.0,1.0,0.0,Diverged_in_single-cell
KATNA1,1.0,FALSE,0,0.0,1.0,1.0,1.0,1.0,0.0,Diverged_in_single-cell
KBTBD4,1.0,FALSE,0,0.0,1.0,1.0,8.26e-06,2.49e-06,1.0,Diverged_in_both
KBTBD6,1.0,FALSE,0,0.0,1.0,1.0,1.0,1.0,0.0,Diverged_in_single-cell
KCNA3,1.0,FALSE,0,0.0,1.0,1.0,1.0,1.0,0.0,Diverged_in_single-cell
KCND1,1.0,FALSE,0,0.0,1.0,1.0,1.0,1.0,0.0,Diverged_in_single-cell
KCNE4,1.0,FALSE,1,0.0,0.0,1.0,1.0,1.0,0.0,Diverged_in_single-cell
KCNH4,1.0,FALSE,0,0.0,1.0,1.0,1.0,1.0,0.0,Diverged_in_single-cell
KCNJ13,1.0,FALSE,1,0.0,0.0,1.0,0.507764956704501,1.0,0.0,Diverged_in_single-cell
KCNJ5,1.0,FALSE,1,0.0,0.0,1.0,0.297547534910704,1.0,0.0,Diverged_in_single-cell
KCNK7,1.0,FALSE,0,0.0,1.0,1.0,1.0,1.0,0.0,Diverged_in_single-cell
KCNQ4,1.0,FALSE,0,0.0,1.0,1.0,0.114576887827391,1.0,0.0,Diverged_in_single-cell
KCNRG,1.0,FALSE,1,0.0,0.0,1.0,0.905335908400982,1.0,0.0,Diverged_in_single-cell
KCNS1,1.0,FALSE,0,1.0,0.0,1.0,1.0,1.0,0.0,Diverged_in_single-cell
KCNS2,1.0,FALSE,0,0.0,1.0,1.0,1.79e-05,0.105115448753482,0.0,Diverged_in_single-cell
KCNU1,1.0,FALSE,1,1.0,0.0,1.0,1.0,1.0,0.0,Diverged_in_single-cell
KCP,1.0,FALSE,1,0.0,0.0,1.0,0.922893430289821,1.0,0.0,Diverged_in_single-cell
KCTD17,1.0,FALSE,0,0.0,1.0,1.0,0.434922574149419,1.0,0.0,Diverged_in_single-cell
KCTD18,1.0,FALSE,1,0.0,1.0,1.0,1.0,1.0,0.0,Diverged_in_single-cell
KDELR2,1.0,FALSE,0,1.0,1.0,1.0,0.957947378035882,1.0,0.0,Diverged_in_single-cell
KDELR3,1.0,FALSE,0,0.0,1.0,1.0,0.748129207424128,0.790806278446878,0.0,Diverged_in_single-cell
KDM1B,1.0,FALSE,0,0.0,1.0,1.0,0.911484782045052,1.0,0.0,Diverged_in_single-cell
KDM4D,1.0,FALSE,0,1.0,0.0,1.0,1.0,1.0,0.0,Diverged_in_single-cell
KDM5C,1.0,FALSE,0,1.0,1.0,1.0,1.0,1.0,0.0,Diverged_in_single-cell
KHSRP,1.0,FALSE,1,1.0,0.0,1.0,1.0,1.0,0.0,Diverged_in_single-cell
KIAA0100,1.0,FALSE,1,0.0,0.0,1.0,1.0,1.0,0.0,Diverged_in_single-cell
KIAA0586,1.0,FALSE,0,0.0,1.0,1.0,1.0,1.0,0.0,Diverged_in_single-cell
KIAA1210,1.0,FALSE,1,0.0,0.0,1.0,1.0,1.0,0.0,Diverged_in_single-cell
KIAA1755,1.0,FALSE,0,1.0,0.0,1.0,,,0.0,Diverged_in_single-cell
KIAA2012,1.0,FALSE,0,0.0,1.0,1.0,,,0.0,Diverged_in_single-cell
KIAA2013,1.0,FALSE,0,1.0,0.0,1.0,0.262033437013997,1.0,0.0,Diverged_in_single-cell
KIF14,1.0,FALSE,0,1.0,1.0,1.0,1.0,1.0,0.0,Diverged_in_single-cell
KIF15,1.0,FALSE,0,0.0,1.0,1.0,0.601102354159906,1.0,0.0,Diverged_in_single-cell
KIF18A,1.0,FALSE,0,1.0,0.0,1.0,0.920913592568729,1.0,0.0,Diverged_in_single-cell
KIF23,1.0,FALSE,0,1.0,0.0,1.0,0.310475626573933,1.0,0.0,Diverged_in_single-cell
KIF24,1.0,FALSE,0,1.0,0.0,1.0,1.0,1.0,0.0,Diverged_in_single-cell
KIF2C,1.0,FALSE,0,1.0,0.0,1.0,0.789049291486693,1.0,0.0,Diverged_in_single-cell
KIF3C,1.0,FALSE,0,0.0,1.0,1.0,0.647470550765929,1.0,0.0,Diverged_in_single-cell
KIFAP3,1.0,FALSE,1,0.0,0.0,1.0,1.0,1.0,0.0,Diverged_in_single-cell
KIFC1,1.0,FALSE,1,0.0,1.0,1.0,,,0.0,Diverged_in_single-cell
KIN,1.0,FALSE,0,1.0,0.0,1.0,1.0,1.0,0.0,Diverged_in_single-cell
KL,1.0,FALSE,0,1.0,0.0,1.0,0.542456700803574,1.0,0.0,Diverged_in_single-cell
KLB,1.0,FALSE,0,0.0,1.0,1.0,1.0,1.0,0.0,Diverged_in_single-cell
KLC2,1.0,FALSE,0,0.0,1.0,1.0,0.884623745918011,1.0,0.0,Diverged_in_single-cell
KLF5,1.0,FALSE,0,0.0,1.0,1.0,1.0,1.0,0.0,Diverged_in_single-cell
KLHL1,1.0,FALSE,0,0.0,1.0,1.0,1.0,1.0,0.0,Diverged_in_single-cell
KLHL10,1.0,FALSE,0,0.0,1.0,1.0,0.553897910005207,1.0,0.0,Diverged_in_single-cell
KLHL20,1.0,FALSE,0,0.0,1.0,1.0,1.0,1.0,0.0,Diverged_in_single-cell
KLHL22,1.0,FALSE,0,0.0,1.0,1.0,1.0,1.0,0.0,Diverged_in_single-cell
KLHL6,1.0,FALSE,1,1.0,0.0,1.0,1.0,1.0,0.0,Diverged_in_single-cell
KLHL9,1.0,FALSE,0,1.0,1.0,1.0,1.0,1.0,0.0,Diverged_in_single-cell
KLK13,1.0,FALSE,1,0.0,0.0,1.0,0.915228272158472,1.0,0.0,Diverged_in_single-cell
KLK14,1.0,FALSE,0,1.0,0.0,1.0,,,0.0,Diverged_in_single-cell
KLK5,1.0,FALSE,0,1.0,0.0,1.0,1.0,1.0,0.0,Diverged_in_single-cell
KLK7,1.0,FALSE,0,1.0,0.0,1.0,,,0.0,Diverged_in_single-cell
KLRD1,1.0,FALSE,0,1.0,0.0,1.0,1.0,1.0,0.0,Diverged_in_single-cell
KLRG2,1.0,FALSE,0,1.0,1.0,1.0,1.0,1.0,0.0,Diverged_in_single-cell
KMT2B,1.0,FALSE,1,0.0,1.0,1.0,1.0,1.0,0.0,Diverged_in_single-cell
KNG1,1.0,FALSE,1,1.0,1.0,1.0,5.76e-05,0.0001651517261661,1.0,Diverged_in_both
KNSTRN,1.0,FALSE,0,0.0,1.0,1.0,0.0031567998353442,0.0119948442075623,1.0,Diverged_in_both
KPNA7,1.0,FALSE,0,1.0,1.0,1.0,0.530501113369397,1.0,0.0,Diverged_in_single-cell
KPTN,1.0,FALSE,0,0.0,1.0,1.0,0.12428295613426,1.0,0.0,Diverged_in_single-cell
KRBA2,1.0,FALSE,1,1.0,0.0,1.0,,,0.0,Diverged_in_single-cell
KRI1,1.0,FALSE,0,0.0,1.0,1.0,0.34814572036066,1.0,0.0,Diverged_in_single-cell
KRR1,1.0,FALSE,0,1.0,1.0,1.0,1.0,1.0,0.0,Diverged_in_single-cell
KRT12,1.0,FALSE,0,0.0,1.0,1.0,0.363878924564395,0.597021627397965,0.0,Diverged_in_single-cell
KRT17,1.0,FALSE,0,0.0,1.0,1.0,0.0793337307289801,0.0370872364605828,0.0,Diverged_in_single-cell
KRT222,1.0,FALSE,0,0.0,1.0,1.0,1.0,1.0,0.0,Diverged_in_single-cell
KRT23,1.0,FALSE,1,0.0,0.0,1.0,0.967886140678247,1.0,0.0,Diverged_in_single-cell
KRTCAP2,1.0,FALSE,1,1.0,0.0,1.0,5.44e-06,2.49e-06,1.0,Diverged_in_both
KRTCAP3,1.0,FALSE,1,0.0,0.0,1.0,1.0,1.0,0.0,Diverged_in_single-cell
KXD1,1.0,FALSE,0,0.0,1.0,1.0,0.815784866094355,1.0,0.0,Diverged_in_single-cell
L1CAM,1.0,FALSE,0,0.0,1.0,1.0,1.0,1.0,0.0,Diverged_in_single-cell
L2HGDH,1.0,FALSE,0,0.0,1.0,1.0,0.771539449197757,1.0,0.0,Diverged_in_single-cell
L3MBTL2,1.0,FALSE,1,0.0,0.0,1.0,1.0,1.0,0.0,Diverged_in_single-cell
LAMB3,1.0,FALSE,0,0.0,1.0,1.0,0.846317384175654,1.0,0.0,Diverged_in_single-cell
LAMC2,1.0,FALSE,1,0.0,0.0,1.0,1.0,1.0,0.0,Diverged_in_single-cell
LAMP3,1.0,FALSE,0,1.0,1.0,1.0,1.0,1.0,0.0,Diverged_in_single-cell
LAMTOR1,1.0,FALSE,0,0.0,1.0,1.0,0.997213955059575,1.0,0.0,Diverged_in_single-cell
LAMTOR3,1.0,FALSE,0,1.0,1.0,1.0,1.0,1.0,0.0,Diverged_in_single-cell
LAMTOR5,1.0,FALSE,0,1.0,0.0,1.0,1.0,1.0,0.0,Diverged_in_single-cell
LAPTM5,1.0,FALSE,1,1.0,0.0,1.0,1.0,1.0,0.0,Diverged_in_single-cell
LARP7,1.0,FALSE,1,0.0,0.0,1.0,1.0,1.0,0.0,Diverged_in_single-cell
LAT2,1.0,FALSE,0,1.0,0.0,1.0,1.0,1.0,0.0,Diverged_in_single-cell
LBP,1.0,FALSE,1,1.0,1.0,1.0,1.0,1.0,0.0,Diverged_in_single-cell
LCA5L,1.0,FALSE,1,0.0,0.0,1.0,0.830253803901367,1.0,0.0,Diverged_in_single-cell
LCMT2,1.0,FALSE,1,0.0,0.0,1.0,0.282610116857323,1.0,0.0,Diverged_in_single-cell
LCN2,1.0,FALSE,1,1.0,1.0,1.0,1.0,1.0,0.0,Diverged_in_single-cell
LCT,1.0,FALSE,0,1.0,0.0,1.0,1.0,1.0,0.0,Diverged_in_single-cell
LDHAL6A,1.0,FALSE,0,1.0,1.0,1.0,1.0,1.0,0.0,Diverged_in_single-cell
LDLRAD2,1.0,FALSE,0,0.0,1.0,1.0,1.0,1.0,0.0,Diverged_in_single-cell
LENG1,1.0,FALSE,0,0.0,1.0,1.0,9.02e-05,1.0,0.0,Diverged_in_single-cell
LEP,1.0,FALSE,1,1.0,1.0,1.0,,,0.0,Diverged_in_single-cell
LEPROT,1.0,FALSE,0,0.0,1.0,1.0,1.0,1.0,0.0,Diverged_in_single-cell
LEPROTL1,1.0,FALSE,0,1.0,0.0,1.0,0.998839095183453,1.0,0.0,Diverged_in_single-cell
LFNG,1.0,FALSE,1,0.0,0.0,1.0,0.520387026214917,1.0,0.0,Diverged_in_single-cell
LGALS4,1.0,FALSE,0,1.0,0.0,1.0,1.0,1.0,0.0,Diverged_in_single-cell
LHFPL5,1.0,FALSE,0,0.0,1.0,1.0,1.0,1.0,0.0,Diverged_in_single-cell
LHX4,1.0,FALSE,0,0.0,1.0,1.0,0.916234512466772,1.0,0.0,Diverged_in_single-cell
LIN28B,1.0,FALSE,0,0.0,1.0,1.0,1.0,1.0,0.0,Diverged_in_single-cell
LIN37,1.0,FALSE,0,1.0,0.0,1.0,0.33222507083652,1.0,0.0,Diverged_in_single-cell
LIN7B,1.0,FALSE,0,1.0,0.0,1.0,1.0,1.0,0.0,Diverged_in_single-cell
LIPE,1.0,FALSE,1,0.0,0.0,1.0,1.0,1.0,0.0,Diverged_in_single-cell
LIPG,1.0,FALSE,0,1.0,1.0,1.0,1.0,1.0,0.0,Diverged_in_single-cell
LIPI,1.0,FALSE,0,1.0,0.0,1.0,0.0080423940463264,0.874772877528796,0.0,Diverged_in_single-cell
LLPH,1.0,FALSE,1,0.0,0.0,1.0,0.0033604159814227,0.590211133348904,0.0,Diverged_in_single-cell
LMAN1,1.0,FALSE,0,0.0,1.0,1.0,0.159474593511789,1.0,0.0,Diverged_in_single-cell
LMNB2,1.0,FALSE,0,0.0,1.0,1.0,1.0,1.0,0.0,Diverged_in_single-cell
LMOD3,1.0,FALSE,0,1.0,1.0,1.0,0.688385945312923,1.0,0.0,Diverged_in_single-cell
LMX1B,1.0,FALSE,1,0.0,0.0,1.0,1.0,1.0,0.0,Diverged_in_single-cell
LOR,1.0,FALSE,0,1.0,0.0,1.0,,,0.0,Diverged_in_single-cell
LOX,1.0,FALSE,0,0.0,1.0,1.0,0.0033344527884765,1.0,0.0,Diverged_in_single-cell
LRCH4,1.0,FALSE,0,0.0,1.0,1.0,0.0551816929044722,1.0,0.0,Diverged_in_single-cell
LRIG2,1.0,FALSE,0,1.0,0.0,1.0,1.0,1.0,0.0,Diverged_in_single-cell
LRP10,1.0,FALSE,1,0.0,0.0,1.0,0.19582313672857,1.0,0.0,Diverged_in_single-cell
LRP12,1.0,FALSE,0,0.0,1.0,1.0,1.0,1.0,0.0,Diverged_in_single-cell
LRP2,1.0,FALSE,1,1.0,0.0,1.0,1.0,1.0,0.0,Diverged_in_single-cell
LRP2BP,1.0,FALSE,1,1.0,1.0,1.0,1.0,1.0,0.0,Diverged_in_single-cell
LRP3,1.0,FALSE,1,0.0,0.0,1.0,1.0,1.0,0.0,Diverged_in_single-cell
LRP4,1.0,FALSE,1,1.0,0.0,1.0,0.558495726463131,1.0,0.0,Diverged_in_single-cell
LRR1,1.0,FALSE,0,0.0,1.0,1.0,0.0022660265883574,1.0,0.0,Diverged_in_single-cell
LRRC14,1.0,FALSE,0,0.0,1.0,1.0,1.0,1.0,0.0,Diverged_in_single-cell
LRRC19,1.0,FALSE,0,1.0,0.0,1.0,1.0,1.0,0.0,Diverged_in_single-cell
LRRC25,1.0,FALSE,1,1.0,0.0,1.0,,,0.0,Diverged_in_single-cell
LRRC31,1.0,FALSE,1,0.0,0.0,1.0,1.0,1.0,0.0,Diverged_in_single-cell
LRRC32,1.0,FALSE,1,0.0,0.0,1.0,1.0,1.0,0.0,Diverged_in_single-cell
LRRC38,1.0,FALSE,1,0.0,0.0,1.0,0.519715035866374,1.0,0.0,Diverged_in_single-cell
LRRC39,1.0,FALSE,1,0.0,0.0,1.0,0.922893430289821,1.0,0.0,Diverged_in_single-cell
LRRC47,1.0,FALSE,0,1.0,0.0,1.0,1.0,1.0,0.0,Diverged_in_single-cell
LRRC4B,1.0,FALSE,0,0.0,1.0,1.0,0.0016241909514809,1.0,0.0,Diverged_in_single-cell
LRRC55,1.0,FALSE,0,0.0,1.0,1.0,1.0,1.0,0.0,Diverged_in_single-cell
LRRC57,1.0,FALSE,0,0.0,1.0,1.0,1.0,1.0,0.0,Diverged_in_single-cell
LRRC58,1.0,FALSE,0,0.0,1.0,1.0,0.003862077911703,1.0,0.0,Diverged_in_single-cell
LRRC59,1.0,FALSE,0,1.0,1.0,1.0,1.0,1.0,0.0,Diverged_in_single-cell
LRRC66,1.0,FALSE,0,0.0,1.0,1.0,,,0.0,Diverged_in_single-cell
LRRC72,1.0,FALSE,1,0.0,0.0,1.0,1.0,1.0,0.0,Diverged_in_single-cell
LRRC73,1.0,FALSE,0,1.0,1.0,1.0,1.0,1.0,0.0,Diverged_in_single-cell
LRRC8C,1.0,FALSE,1,0.0,0.0,1.0,0.0045736457809558,1.0,0.0,Diverged_in_single-cell
LRRD1,1.0,FALSE,0,0.0,1.0,1.0,1.0,1.0,0.0,Diverged_in_single-cell
LRRIQ3,1.0,FALSE,0,0.0,1.0,1.0,1.0,1.0,0.0,Diverged_in_single-cell
LRRIQ4,1.0,FALSE,0,1.0,0.0,1.0,1.0,1.0,0.0,Diverged_in_single-cell
LRWD1,1.0,FALSE,1,0.0,1.0,1.0,0.049135395189533,1.0,0.0,Diverged_in_single-cell
LSM 1.00,1.0,FALSE,0,0.0,1.0,1.0,1.0,1.0,0.0,Diverged_in_single-cell
LSM 11.00,1.0,FALSE,0,0.0,1.0,1.0,0.698935971692484,1.0,0.0,Diverged_in_single-cell
LSM 12.00,1.0,FALSE,0,0.0,1.0,1.0,0.667860670067456,1.0,0.0,Diverged_in_single-cell
LSM14B,1.0,FALSE,0,0.0,1.0,1.0,1.0,1.0,0.0,Diverged_in_single-cell
LSM 2.00,1.0,FALSE,1,0.0,0.0,1.0,1.48e-06,0.0137353357025488,1.0,Diverged_in_both
LSM 3.00,1.0,FALSE,0,0.0,1.0,1.0,1.0,1.0,0.0,Diverged_in_single-cell
LSM 7.00,1.0,FALSE,0,1.0,0.0,1.0,1.0,1.0,0.0,Diverged_in_single-cell
LSM 8.00,1.0,FALSE,0,1.0,0.0,1.0,0.481425994945667,1.0,0.0,Diverged_in_single-cell
LSMEM1,1.0,FALSE,0,1.0,0.0,1.0,1.0,1.0,0.0,Diverged_in_single-cell
LSMEM2,1.0,FALSE,0,1.0,0.0,1.0,,,0.0,Diverged_in_single-cell
LSP1,1.0,FALSE,0,0.0,1.0,1.0,0.600311143195412,1.0,0.0,Diverged_in_single-cell
LTB,1.0,FALSE,1,0.0,0.0,1.0,,,0.0,Diverged_in_single-cell
LTBP1,1.0,FALSE,1,0.0,0.0,1.0,1.0,1.0,0.0,Diverged_in_single-cell
LTBP2,1.0,FALSE,0,0.0,1.0,1.0,0.0001743426286556,0.0040730252970852,1.0,Diverged_in_both
LTK,1.0,FALSE,0,1.0,1.0,1.0,0.479451685316044,1.0,0.0,Diverged_in_single-cell
LTV1,1.0,FALSE,0,0.0,1.0,1.0,0.267735146499456,1.0,0.0,Diverged_in_single-cell
LUC7L3,1.0,FALSE,0,0.0,1.0,1.0,0.839230141247492,1.0,0.0,Diverged_in_single-cell
LUM,1.0,FALSE,1,0.0,0.0,1.0,0.0079033453773108,1.0,0.0,Diverged_in_single-cell
LURAP1,1.0,FALSE,0,0.0,1.0,1.0,1.0,1.0,0.0,Diverged_in_single-cell
LUZP4,1.0,FALSE,0,1.0,0.0,1.0,,,0.0,Diverged_in_single-cell
LVRN,1.0,FALSE,0,0.0,1.0,1.0,0.0076269869843815,1.0,0.0,Diverged_in_single-cell
LXN,1.0,FALSE,1,0.0,0.0,1.0,1.0,1.0,0.0,Diverged_in_single-cell
LY6G5B,1.0,FALSE,0,1.0,0.0,1.0,,,0.0,Diverged_in_single-cell
LY6G5C,1.0,FALSE,1,0.0,0.0,1.0,,,0.0,Diverged_in_single-cell
LY9,1.0,FALSE,0,1.0,0.0,1.0,1.0,1.0,0.0,Diverged_in_single-cell
LYAR,1.0,FALSE,0,0.0,1.0,1.0,1.0,1.0,0.0,Diverged_in_single-cell
LYG1,1.0,FALSE,0,0.0,1.0,1.0,0.167721289742819,1.0,0.0,Diverged_in_single-cell
LYN,1.0,FALSE,1,0.0,0.0,1.0,1.0,1.0,0.0,Diverged_in_single-cell
LYNX1,1.0,FALSE,0,0.0,1.0,1.0,,,0.0,Diverged_in_single-cell
LYPD5,1.0,FALSE,1,0.0,0.0,1.0,0.0018973371119401,0.0065386678678183,1.0,Diverged_in_both
LYRM9,1.0,FALSE,0,0.0,1.0,1.0,0.855030280909781,1.0,0.0,Diverged_in_single-cell
LYSMD1,1.0,FALSE,0,0.0,1.0,1.0,0.54836160345661,1.0,0.0,Diverged_in_single-cell
LYVE1,1.0,FALSE,1,1.0,0.0,1.0,0.439236492790898,1.0,0.0,Diverged_in_single-cell
LYZL4,1.0,FALSE,0,0.0,1.0,1.0,1.0,1.0,0.0,Diverged_in_single-cell
LZIC,1.0,FALSE,1,0.0,0.0,1.0,1.0,1.0,0.0,Diverged_in_single-cell
MAB21L1,1.0,FALSE,1,0.0,0.0,1.0,0.0896905965532382,1.0,0.0,Diverged_in_single-cell
MACC1,1.0,FALSE,0,0.0,1.0,1.0,0.0220713946283326,0.0573319204685585,0.0,Diverged_in_single-cell
MAD2L1,1.0,FALSE,1,0.0,0.0,1.0,1.0,1.0,0.0,Diverged_in_single-cell
MAD2L1BP,1.0,FALSE,1,1.0,1.0,1.0,1.0,1.0,0.0,Diverged_in_single-cell
MAF 1.00,1.0,FALSE,0,1.0,0.0,1.0,0.806368642148706,1.0,0.0,Diverged_in_single-cell
MAFK,1.0,FALSE,0,0.0,1.0,1.0,1.0,1.0,0.0,Diverged_in_single-cell
MAG,1.0,FALSE,0,1.0,0.0,1.0,1.0,1.0,0.0,Diverged_in_single-cell
MAGEE1,1.0,FALSE,0,0.0,1.0,1.0,1.0,1.0,0.0,Diverged_in_single-cell
MAGIX,1.0,FALSE,0,0.0,1.0,1.0,0.0611616821512229,1.0,0.0,Diverged_in_single-cell
MAGOH,1.0,FALSE,0,0.0,1.0,1.0,0.595083257769006,1.0,0.0,Diverged_in_single-cell
MAGOHB,1.0,FALSE,0,0.0,1.0,1.0,1.0,1.0,0.0,Diverged_in_single-cell
MAK16,1.0,FALSE,0,1.0,1.0,1.0,1.0,1.0,0.0,Diverged_in_single-cell
MALSU1,1.0,FALSE,1,0.0,0.0,1.0,0.951460084073508,1.0,0.0,Diverged_in_single-cell
MAMDC2,1.0,FALSE,0,0.0,1.0,1.0,0.0070987732965681,1.0,0.0,Diverged_in_single-cell
MAMDC4,1.0,FALSE,1,0.0,0.0,1.0,1.0,1.0,0.0,Diverged_in_single-cell
MAN1B1,1.0,FALSE,0,1.0,1.0,1.0,0.905442069730776,1.0,0.0,Diverged_in_single-cell
MANEAL,1.0,FALSE,0,1.0,0.0,1.0,0.421490065325392,1.0,0.0,Diverged_in_single-cell
MAP4K1,1.0,FALSE,1,0.0,0.0,1.0,1.0,1.0,0.0,Diverged_in_single-cell
MAP7D3,1.0,FALSE,0,0.0,1.0,1.0,1.0,1.0,0.0,Diverged_in_single-cell
MAP9,1.0,FALSE,0,0.0,1.0,1.0,1.0,1.0,0.0,Diverged_in_single-cell
MAPK13,1.0,FALSE,0,0.0,1.0,1.0,1.0,1.0,0.0,Diverged_in_single-cell
MAPRE3,1.0,FALSE,0,0.0,1.0,1.0,0.0009238359794354,1.0,0.0,Diverged_in_single-cell
MARVELD2,1.0,FALSE,0,1.0,0.0,1.0,0.202017573864057,1.0,0.0,Diverged_in_single-cell
MAS1,1.0,FALSE,0,0.0,1.0,1.0,1.0,1.0,0.0,Diverged_in_single-cell
MASP2,1.0,FALSE,1,0.0,0.0,1.0,0.870643180299822,1.0,0.0,Diverged_in_single-cell
MAST2,1.0,FALSE,0,0.0,1.0,1.0,0.303898426405489,1.0,0.0,Diverged_in_single-cell
MASTL,1.0,FALSE,0,0.0,1.0,1.0,0.001707827975827,0.001383179278303,1.0,Diverged_in_both
MATR3,1.0,FALSE,1,0.0,0.0,1.0,5.44e-06,5.6e-05,1.0,Diverged_in_both
MBD1,1.0,FALSE,0,0.0,1.0,1.0,1.0,1.0,0.0,Diverged_in_single-cell
MBD3,1.0,FALSE,0,0.0,1.0,1.0,0.900169843553097,1.0,0.0,Diverged_in_single-cell
MBD4,1.0,FALSE,0,1.0,0.0,1.0,0.131085043755777,1.0,0.0,Diverged_in_single-cell
MBNL3,1.0,FALSE,1,0.0,0.0,1.0,1.0,1.0,0.0,Diverged_in_single-cell
MCAT,1.0,FALSE,1,0.0,1.0,1.0,1.0,1.0,0.0,Diverged_in_single-cell
MCEE,1.0,FALSE,0,0.0,1.0,1.0,1.0,1.0,0.0,Diverged_in_single-cell
MCM10,1.0,FALSE,0,0.0,1.0,1.0,1.0,1.0,0.0,Diverged_in_single-cell
MCM2,1.0,FALSE,0,1.0,0.0,1.0,1.0,1.0,0.0,Diverged_in_single-cell
MCM4,1.0,FALSE,0,0.0,1.0,1.0,1.0,1.0,0.0,Diverged_in_single-cell
MCOLN2,1.0,FALSE,0,0.0,1.0,1.0,1.0,1.0,0.0,Diverged_in_single-cell
MCOLN3,1.0,FALSE,0,0.0,1.0,1.0,1.0,1.0,0.0,Diverged_in_single-cell
MCRS1,1.0,FALSE,0,0.0,1.0,1.0,0.0586814531720948,1.0,0.0,Diverged_in_single-cell
MCTP2,1.0,FALSE,0,0.0,1.0,1.0,0.905335908400982,1.0,0.0,Diverged_in_single-cell
MDC 1.00,1.0,FALSE,0,0.0,1.0,1.0,8.26e-06,0.0001651517261661,1.0,Diverged_in_both
MEA1,1.0,FALSE,0,1.0,1.0,1.0,1.0,1.0,0.0,Diverged_in_single-cell
MECOM,1.0,FALSE,1,1.0,0.0,1.0,1.0,1.0,0.0,Diverged_in_single-cell
MED1,1.0,FALSE,0,0.0,1.0,1.0,0.0167719576703184,1.0,0.0,Diverged_in_single-cell
MED16,1.0,FALSE,0,1.0,1.0,1.0,1.0,1.0,0.0,Diverged_in_single-cell
MED18,1.0,FALSE,0,1.0,0.0,1.0,0.910890030066219,1.0,0.0,Diverged_in_single-cell
MED21,1.0,FALSE,0,0.0,1.0,1.0,0.05871514699611,1.0,0.0,Diverged_in_single-cell
MED22,1.0,FALSE,0,0.0,1.0,1.0,0.0434417811024749,1.0,0.0,Diverged_in_single-cell
MED24,1.0,FALSE,1,0.0,0.0,1.0,1.0,1.0,0.0,Diverged_in_single-cell
MED25,1.0,FALSE,1,0.0,0.0,1.0,1.0,1.0,0.0,Diverged_in_single-cell
MED28,1.0,FALSE,0,0.0,1.0,1.0,1.0,1.0,0.0,Diverged_in_single-cell
MED31,1.0,FALSE,0,1.0,0.0,1.0,1.0,1.0,0.0,Diverged_in_single-cell
MED6,1.0,FALSE,0,1.0,1.0,1.0,0.87342930818106,1.0,0.0,Diverged_in_single-cell
MED7,1.0,FALSE,0,0.0,1.0,1.0,0.0027193713797796,1.0,0.0,Diverged_in_single-cell
MED8,1.0,FALSE,0,0.0,1.0,1.0,1.0,1.0,0.0,Diverged_in_single-cell
MEI1,1.0,FALSE,0,0.0,1.0,1.0,0.680039551099451,0.165427324659902,0.0,Diverged_in_single-cell
MEIG1,1.0,FALSE,1,1.0,0.0,1.0,1.0,1.0,0.0,Diverged_in_single-cell
MEIS3,1.0,FALSE,0,0.0,1.0,1.0,1.0,1.0,0.0,Diverged_in_single-cell
MELK,1.0,FALSE,0,0.0,1.0,1.0,1.0,1.0,0.0,Diverged_in_single-cell
MEN1,1.0,FALSE,0,0.0,1.0,1.0,0.239262862353582,1.0,0.0,Diverged_in_single-cell
MEOX1,1.0,FALSE,0,1.0,1.0,1.0,0.0019326483874628,1.0,0.0,Diverged_in_single-cell
MEP1A,1.0,FALSE,0,0.0,1.0,1.0,0.259229157407262,1.0,0.0,Diverged_in_single-cell
MEPE,1.0,FALSE,1,0.0,1.0,1.0,1.0,1.0,0.0,Diverged_in_single-cell
MESP1,1.0,FALSE,0,1.0,0.0,1.0,1.0,1.0,0.0,Diverged_in_single-cell
MESP2,1.0,FALSE,1,0.0,0.0,1.0,1.0,1.0,0.0,Diverged_in_single-cell
METTL14,1.0,FALSE,0,0.0,1.0,1.0,0.849716681197072,1.0,0.0,Diverged_in_single-cell
METTL21C,1.0,FALSE,0,1.0,1.0,1.0,1.0,1.0,0.0,Diverged_in_single-cell
METTL23,1.0,FALSE,0,0.0,1.0,1.0,1.0,1.0,0.0,Diverged_in_single-cell
METTL4,1.0,FALSE,1,0.0,0.0,1.0,0.850579889851105,1.0,0.0,Diverged_in_single-cell
METTL5,1.0,FALSE,0,0.0,1.0,1.0,0.951460084073508,1.0,0.0,Diverged_in_single-cell
METTL6,1.0,FALSE,0,0.0,1.0,1.0,0.332396193673028,1.0,0.0,Diverged_in_single-cell
MFAP1,1.0,FALSE,0,1.0,0.0,1.0,1.0,1.0,0.0,Diverged_in_single-cell
MFN1,1.0,FALSE,0,0.0,1.0,1.0,0.98375463864335,1.0,0.0,Diverged_in_single-cell
MFSD5,1.0,FALSE,0,1.0,0.0,1.0,0.169254603400559,1.0,0.0,Diverged_in_single-cell
MGME1,1.0,FALSE,0,1.0,0.0,1.0,1.0,1.0,0.0,Diverged_in_single-cell
MGP,1.0,FALSE,0,1.0,0.0,1.0,1.0,1.0,0.0,Diverged_in_single-cell
MGST1,1.0,FALSE,0,1.0,0.0,1.0,1.0,1.0,0.0,Diverged_in_single-cell
MIA3,1.0,FALSE,0,1.0,1.0,1.0,0.509213139520916,1.0,0.0,Diverged_in_single-cell
MIB1,1.0,FALSE,1,0.0,0.0,1.0,1.0,1.0,0.0,Diverged_in_single-cell
MIB2,1.0,FALSE,1,0.0,0.0,1.0,0.905442069730776,1.0,0.0,Diverged_in_single-cell
MICAL1,1.0,FALSE,1,0.0,0.0,1.0,1.0,1.0,0.0,Diverged_in_single-cell
MIEN1,1.0,FALSE,1,1.0,1.0,1.0,1.0,1.0,0.0,Diverged_in_single-cell
MIER2,1.0,FALSE,0,0.0,1.0,1.0,0.303898426405489,1.0,0.0,Diverged_in_single-cell
MIER3,1.0,FALSE,1,0.0,1.0,1.0,0.177826798464516,1.0,0.0,Diverged_in_single-cell
MIF,1.0,FALSE,0,0.0,1.0,1.0,0.0003984033551555,0.0065804245635084,1.0,Diverged_in_both
MIF4GD,1.0,FALSE,0,0.0,1.0,1.0,1.0,1.0,0.0,Diverged_in_single-cell
MILR1,1.0,FALSE,1,1.0,0.0,1.0,1.0,1.0,0.0,Diverged_in_single-cell
MIP,1.0,FALSE,0,1.0,0.0,1.0,0.025377211630769,0.144531138655153,0.0,Diverged_in_single-cell
MISP,1.0,FALSE,1,0.0,1.0,1.0,0.859872854470806,1.0,0.0,Diverged_in_single-cell
MKRN2OS,1.0,FALSE,0,0.0,1.0,1.0,0.825706055124476,1.0,0.0,Diverged_in_single-cell
MKRN3,1.0,FALSE,1,0.0,0.0,1.0,1.0,1.0,0.0,Diverged_in_single-cell
MKX,1.0,FALSE,0,0.0,1.0,1.0,1.0,1.0,0.0,Diverged_in_single-cell
MLANA,1.0,FALSE,0,0.0,1.0,1.0,0.0106304024288244,1.0,0.0,Diverged_in_single-cell
MLC1,1.0,FALSE,0,1.0,0.0,1.0,6.71e-05,0.000336470126575,1.0,Diverged_in_both
MLH3,1.0,FALSE,1,1.0,0.0,1.0,1.0,1.0,0.0,Diverged_in_single-cell
MLLT11,1.0,FALSE,0,0.0,1.0,1.0,0.565832413798963,1.0,0.0,Diverged_in_single-cell
MLPH,1.0,FALSE,0,1.0,0.0,1.0,0.779464736204679,1.0,0.0,Diverged_in_single-cell
MMADHC,1.0,FALSE,1,0.0,1.0,1.0,0.376181488228228,1.0,0.0,Diverged_in_single-cell
MME,1.0,FALSE,0,0.0,1.0,1.0,0.72568575656584,1.0,0.0,Diverged_in_single-cell
MMEL1,1.0,FALSE,1,0.0,0.0,1.0,0.0679178516018944,1.0,0.0,Diverged_in_single-cell
MMGT1,1.0,FALSE,0,1.0,1.0,1.0,1.0,1.0,0.0,Diverged_in_single-cell
MMP11,1.0,FALSE,0,0.0,1.0,1.0,0.0015778647962327,0.0043891360122652,1.0,Diverged_in_both
MMP21,1.0,FALSE,1,0.0,0.0,1.0,1.0,1.0,0.0,Diverged_in_single-cell
MMP9,1.0,FALSE,0,0.0,1.0,1.0,1.0,1.0,0.0,Diverged_in_single-cell
MMRN1,1.0,FALSE,1,0.0,0.0,1.0,0.717215785492806,1.0,0.0,Diverged_in_single-cell
MMS19,1.0,FALSE,0,0.0,1.0,1.0,1.0,1.0,0.0,Diverged_in_single-cell
MNDA,1.0,FALSE,1,0.0,0.0,1.0,,,0.0,Diverged_in_single-cell
MOCOS,1.0,FALSE,0,0.0,1.0,1.0,0.0004145377376905,1.0,0.0,Diverged_in_single-cell
MOCS3,1.0,FALSE,0,0.0,1.0,1.0,0.647470550765929,1.0,0.0,Diverged_in_single-cell
MOG,1.0,FALSE,0,1.0,0.0,1.0,0.132858329028823,1.0,0.0,Diverged_in_single-cell
MOGAT1,1.0,FALSE,0,0.0,1.0,1.0,1.0,1.0,0.0,Diverged_in_single-cell
MORC2,1.0,FALSE,0,0.0,1.0,1.0,1.0,1.0,0.0,Diverged_in_single-cell
MORN2,1.0,FALSE,0,1.0,0.0,1.0,0.0262333177147878,1.0,0.0,Diverged_in_single-cell
MORN4,1.0,FALSE,1,0.0,0.0,1.0,1.0,1.0,0.0,Diverged_in_single-cell
MORN5,1.0,FALSE,0,0.0,1.0,1.0,1.0,1.0,0.0,Diverged_in_single-cell
MOSPD1,1.0,FALSE,0,0.0,1.0,1.0,0.448633006935632,1.0,0.0,Diverged_in_single-cell
MPC2,1.0,FALSE,0,0.0,1.0,1.0,1.0,1.0,0.0,Diverged_in_single-cell
MPDU1,1.0,FALSE,0,0.0,1.0,1.0,1.0,1.0,0.0,Diverged_in_single-cell
MPHOSPH10,1.0,FALSE,1,0.0,0.0,1.0,0.0586814531720948,1.0,0.0,Diverged_in_single-cell
MPLKIP,1.0,FALSE,0,1.0,0.0,1.0,1.0,1.0,0.0,Diverged_in_single-cell
MPND,1.0,FALSE,0,0.0,1.0,1.0,0.636729098271342,1.0,0.0,Diverged_in_single-cell
MPP4,1.0,FALSE,1,0.0,0.0,1.0,1.0,1.0,0.0,Diverged_in_single-cell
MPV17,1.0,FALSE,0,0.0,1.0,1.0,1.0,1.0,0.0,Diverged_in_single-cell
MRAP,1.0,FALSE,0,1.0,1.0,1.0,0.872992227979275,1.0,0.0,Diverged_in_single-cell
MRGBP,1.0,FALSE,0,0.0,1.0,1.0,0.304361571202411,1.0,0.0,Diverged_in_single-cell
MRI1,1.0,FALSE,0,1.0,1.0,1.0,0.303898426405489,1.0,0.0,Diverged_in_single-cell
MRLN,1.0,FALSE,0,0.0,1.0,1.0,,,0.0,Diverged_in_single-cell
MRPL10,1.0,FALSE,0,1.0,1.0,1.0,1.0,1.0,0.0,Diverged_in_single-cell
MRPL11,1.0,FALSE,1,0.0,1.0,1.0,1.0,1.0,0.0,Diverged_in_single-cell
MRPL12,1.0,FALSE,0,0.0,1.0,1.0,1.0,1.0,0.0,Diverged_in_single-cell
MRPL13,1.0,FALSE,1,0.0,0.0,1.0,1.0,1.0,0.0,Diverged_in_single-cell
MRPL16,1.0,FALSE,0,0.0,1.0,1.0,0.0051779321587849,0.42109098641104,0.0,Diverged_in_single-cell
MRPL17,1.0,FALSE,0,0.0,1.0,1.0,0.376181488228228,1.0,0.0,Diverged_in_single-cell
MRPL18,1.0,FALSE,0,0.0,1.0,1.0,1.0,1.0,0.0,Diverged_in_single-cell
MRPL20,1.0,FALSE,0,1.0,0.0,1.0,1.0,1.0,0.0,Diverged_in_single-cell
MRPL21,1.0,FALSE,1,0.0,0.0,1.0,0.893876156216258,1.0,0.0,Diverged_in_single-cell
MRPL22,1.0,FALSE,1,0.0,0.0,1.0,1.0,1.0,0.0,Diverged_in_single-cell
MRPL23,1.0,FALSE,1,0.0,0.0,1.0,1.0,1.0,0.0,Diverged_in_single-cell
MRPL27,1.0,FALSE,0,0.0,1.0,1.0,0.875975923394706,1.0,0.0,Diverged_in_single-cell
MRPL30,1.0,FALSE,1,0.0,1.0,1.0,0.998839095183453,1.0,0.0,Diverged_in_single-cell
MRPL32,1.0,FALSE,1,0.0,0.0,1.0,0.201263224663872,1.0,0.0,Diverged_in_single-cell
MRPL33,1.0,FALSE,0,0.0,1.0,1.0,1.0,1.0,0.0,Diverged_in_single-cell
MRPL36,1.0,FALSE,0,0.0,1.0,1.0,0.667600336608655,1.0,0.0,Diverged_in_single-cell
MRPL37,1.0,FALSE,0,0.0,1.0,1.0,0.0028764307214469,0.482454598068027,0.0,Diverged_in_single-cell
MRPL38,1.0,FALSE,1,0.0,0.0,1.0,5.44e-06,1.2e-05,1.0,Diverged_in_both
MRPL40,1.0,FALSE,1,1.0,1.0,1.0,0.205294835085138,1.0,0.0,Diverged_in_single-cell
MRPL43,1.0,FALSE,0,0.0,1.0,1.0,1.0,1.0,0.0,Diverged_in_single-cell
MRPL45,1.0,FALSE,0,0.0,1.0,1.0,0.127826491038556,1.0,0.0,Diverged_in_single-cell
MRPL46,1.0,FALSE,0,1.0,0.0,1.0,1.67e-05,8.41e-06,1.0,Diverged_in_both
MRPL49,1.0,FALSE,1,0.0,1.0,1.0,1.0,1.0,0.0,Diverged_in_single-cell
MRPL50,1.0,FALSE,0,1.0,0.0,1.0,0.0671197936901237,1.0,0.0,Diverged_in_single-cell
MRPL54,1.0,FALSE,1,0.0,0.0,1.0,1.0,1.0,0.0,Diverged_in_single-cell
MRPL57,1.0,FALSE,1,0.0,0.0,1.0,0.221638857660214,1.0,0.0,Diverged_in_single-cell
MRPL9,1.0,FALSE,0,0.0,1.0,1.0,1.0,1.0,0.0,Diverged_in_single-cell
MRPS11,1.0,FALSE,0,0.0,1.0,1.0,0.0002217935860839,1.0,0.0,Diverged_in_single-cell
MRPS12,1.0,FALSE,0,0.0,1.0,1.0,1.67e-05,8.16e-06,1.0,Diverged_in_both
MRPS14,1.0,FALSE,0,0.0,1.0,1.0,0.0004982419967326,0.0082016578024071,1.0,Diverged_in_both
MRPS18B,1.0,FALSE,1,0.0,1.0,1.0,1.67e-05,0.0004863712139253,1.0,Diverged_in_both
MRPS18C,1.0,FALSE,1,0.0,1.0,1.0,0.0569064155243499,1.0,0.0,Diverged_in_single-cell
MRPS2,1.0,FALSE,0,0.0,1.0,1.0,1.0,1.0,0.0,Diverged_in_single-cell
MRPS22,1.0,FALSE,0,0.0,1.0,1.0,1.0,1.0,0.0,Diverged_in_single-cell
MRPS24,1.0,FALSE,1,1.0,0.0,1.0,5.85e-07,0.001436433118847,1.0,Diverged_in_both
MRPS25,1.0,FALSE,0,0.0,1.0,1.0,2.1e-05,0.0336038293257545,1.0,Diverged_in_both
MRPS28,1.0,FALSE,0,0.0,1.0,1.0,1.0,1.0,0.0,Diverged_in_single-cell
MRPS31,1.0,FALSE,0,0.0,1.0,1.0,0.824719117969054,1.0,0.0,Diverged_in_single-cell
MRPS33,1.0,FALSE,1,0.0,1.0,1.0,1.0,1.0,0.0,Diverged_in_single-cell
MRPS5,1.0,FALSE,0,0.0,1.0,1.0,0.242940336656062,1.0,0.0,Diverged_in_single-cell
MRPS6,1.0,FALSE,0,0.0,1.0,1.0,0.578630313708321,1.0,0.0,Diverged_in_single-cell
MRPS7,1.0,FALSE,0,0.0,1.0,1.0,0.28283471846952,1.0,0.0,Diverged_in_single-cell
MRPS9,1.0,FALSE,0,0.0,1.0,1.0,0.859108164533028,1.0,0.0,Diverged_in_single-cell
MRS2,1.0,FALSE,0,0.0,1.0,1.0,1.0,1.0,0.0,Diverged_in_single-cell
MRVI1,1.0,FALSE,1,0.0,0.0,1.0,,,0.0,Diverged_in_single-cell
MS4A15,1.0,FALSE,1,1.0,0.0,1.0,1.0,1.0,0.0,Diverged_in_single-cell
MS4A7,1.0,FALSE,0,1.0,0.0,1.0,1.0,1.0,0.0,Diverged_in_single-cell
MSANTD2,1.0,FALSE,0,1.0,0.0,1.0,0.0376509091455981,1.0,0.0,Diverged_in_single-cell
MSH4,1.0,FALSE,1,0.0,1.0,1.0,1.0,1.0,0.0,Diverged_in_single-cell
MSL3,1.0,FALSE,0,1.0,0.0,1.0,1.0,1.0,0.0,Diverged_in_single-cell
MSMP,1.0,FALSE,0,0.0,1.0,1.0,1.0,1.0,0.0,Diverged_in_single-cell
MSN,1.0,FALSE,1,0.0,0.0,1.0,1.0,1.0,0.0,Diverged_in_single-cell
MST1R,1.0,FALSE,0,0.0,1.0,1.0,1.0,1.0,0.0,Diverged_in_single-cell
MTAP,1.0,FALSE,1,0.0,0.0,1.0,1.0,1.0,0.0,Diverged_in_single-cell
MTCP1,1.0,FALSE,1,0.0,1.0,1.0,1.0,1.0,0.0,Diverged_in_single-cell
MTERF3,1.0,FALSE,0,0.0,1.0,1.0,1.0,1.0,0.0,Diverged_in_single-cell
MTERF4,1.0,FALSE,0,0.0,1.0,1.0,1.0,1.0,0.0,Diverged_in_single-cell
MTFR2,1.0,FALSE,1,1.0,0.0,1.0,1.0,1.0,0.0,Diverged_in_single-cell
MTG1,1.0,FALSE,1,1.0,0.0,1.0,0.0299945439709011,1.0,0.0,Diverged_in_single-cell
MTG2,1.0,FALSE,0,0.0,1.0,1.0,0.777004172451756,1.0,0.0,Diverged_in_single-cell
MTHFD2L,1.0,FALSE,0,0.0,1.0,1.0,1.0,1.0,0.0,Diverged_in_single-cell
MTHFS,1.0,FALSE,0,1.0,1.0,1.0,0.387533854726442,1.0,0.0,Diverged_in_single-cell
MTIF3,1.0,FALSE,0,0.0,1.0,1.0,1.0,1.0,0.0,Diverged_in_single-cell
MTMR7,1.0,FALSE,0,1.0,0.0,1.0,1.0,1.0,0.0,Diverged_in_single-cell
MTO1,1.0,FALSE,1,0.0,0.0,1.0,0.777004172451756,1.0,0.0,Diverged_in_single-cell
MTOR,1.0,FALSE,0,0.0,1.0,1.0,0.733804815355348,1.0,0.0,Diverged_in_single-cell
MTPAP,1.0,FALSE,0,0.0,1.0,1.0,1.0,1.0,0.0,Diverged_in_single-cell
MTR,1.0,FALSE,0,0.0,1.0,1.0,0.799430745564881,1.0,0.0,Diverged_in_single-cell
MTRF1L,1.0,FALSE,0,0.0,1.0,1.0,0.711595363593834,1.0,0.0,Diverged_in_single-cell
MUC13,1.0,FALSE,0,0.0,1.0,1.0,1.0,1.0,0.0,Diverged_in_single-cell
MUC16,1.0,FALSE,0,0.0,1.0,1.0,0.262033437013997,1.0,0.0,Diverged_in_single-cell
MUC4,1.0,FALSE,1,0.0,0.0,1.0,0.529431402028778,1.0,0.0,Diverged_in_single-cell
MUC6,1.0,FALSE,0,1.0,0.0,1.0,0.581024570629428,1.0,0.0,Diverged_in_single-cell
MUC7,1.0,FALSE,1,0.0,1.0,1.0,,,0.0,Diverged_in_single-cell
MUL1,1.0,FALSE,1,0.0,0.0,1.0,0.93726785611527,1.0,0.0,Diverged_in_single-cell
MUSK,1.0,FALSE,1,0.0,0.0,1.0,1.0,1.0,0.0,Diverged_in_single-cell
MUTYH,1.0,FALSE,1,0.0,0.0,1.0,1.0,1.0,0.0,Diverged_in_single-cell
MXD3,1.0,FALSE,1,1.0,0.0,1.0,0.490007074763471,1.0,0.0,Diverged_in_single-cell
MXRA8,1.0,FALSE,1,0.0,0.0,1.0,9.68e-05,1.0,0.0,Diverged_in_single-cell
MYADML2,1.0,FALSE,0,0.0,1.0,1.0,0.542691724973343,1.0,0.0,Diverged_in_single-cell
MYBL2,1.0,FALSE,0,1.0,0.0,1.0,0.658934023460407,1.0,0.0,Diverged_in_single-cell
MYBPC2,1.0,FALSE,0,0.0,1.0,1.0,0.940323518140317,1.0,0.0,Diverged_in_single-cell
MYBPC3,1.0,FALSE,1,1.0,0.0,1.0,1.0,1.0,0.0,Diverged_in_single-cell
MYCBP,1.0,FALSE,0,1.0,1.0,1.0,0.329461204581101,1.0,0.0,Diverged_in_single-cell
MYDGF,1.0,FALSE,1,1.0,0.0,1.0,0.681043024483222,1.0,0.0,Diverged_in_single-cell
MYH1,1.0,FALSE,0,1.0,1.0,1.0,1.0,1.0,0.0,Diverged_in_single-cell
MYH13,1.0,FALSE,0,0.0,1.0,1.0,1.0,1.0,0.0,Diverged_in_single-cell
MYH3,1.0,FALSE,0,0.0,1.0,1.0,0.834271479769743,1.0,0.0,Diverged_in_single-cell
MYH7B,1.0,FALSE,1,0.0,0.0,1.0,1.0,1.0,0.0,Diverged_in_single-cell
MYL10,1.0,FALSE,1,0.0,1.0,1.0,0.0008344214511765,0.0003271940077973,1.0,Diverged_in_both
MYL9,1.0,FALSE,0,1.0,0.0,1.0,1.0,1.0,0.0,Diverged_in_single-cell
MYNN,1.0,FALSE,1,0.0,0.0,1.0,0.0385303757884108,1.0,0.0,Diverged_in_single-cell
MYO18B,1.0,FALSE,0,1.0,0.0,1.0,1.0,1.0,0.0,Diverged_in_single-cell
MYO1G,1.0,FALSE,1,0.0,0.0,1.0,1.0,1.0,0.0,Diverged_in_single-cell
MYO1H,1.0,FALSE,0,0.0,1.0,1.0,1.0,1.0,0.0,Diverged_in_single-cell
MYO5B,1.0,FALSE,0,0.0,1.0,1.0,0.0110912340214193,1.0,0.0,Diverged_in_single-cell
MYO7B,1.0,FALSE,0,1.0,0.0,1.0,0.507764956704501,1.0,0.0,Diverged_in_single-cell
MYOC,1.0,FALSE,0,1.0,0.0,1.0,1.0,1.0,0.0,Diverged_in_single-cell
MYOF,1.0,FALSE,0,1.0,0.0,1.0,1.0,1.0,0.0,Diverged_in_single-cell
MYOM3,1.0,FALSE,0,1.0,0.0,1.0,1.0,1.0,0.0,Diverged_in_single-cell
MYOZ2,1.0,FALSE,0,1.0,0.0,1.0,0.0047523479909848,0.0048559824312055,1.0,Diverged_in_both
MYOZ3,1.0,FALSE,0,0.0,1.0,1.0,1.0,1.0,0.0,Diverged_in_single-cell
MYPN,1.0,FALSE,1,0.0,1.0,1.0,0.197293706366378,0.711073175601035,0.0,Diverged_in_single-cell
MYRF,1.0,FALSE,0,1.0,0.0,1.0,1.0,1.0,0.0,Diverged_in_single-cell
N6AMT1,1.0,FALSE,1,0.0,0.0,1.0,1.0,1.0,0.0,Diverged_in_single-cell
NAA10,1.0,FALSE,0,1.0,0.0,1.0,0.358329926642059,1.0,0.0,Diverged_in_single-cell
NAA30,1.0,FALSE,1,0.0,0.0,1.0,0.718418003316867,1.0,0.0,Diverged_in_single-cell
NAALADL1,1.0,FALSE,1,0.0,1.0,1.0,1.0,1.0,0.0,Diverged_in_single-cell
NABP2,1.0,FALSE,0,0.0,1.0,1.0,0.0014156612428707,1.0,0.0,Diverged_in_single-cell
NACC1,1.0,FALSE,0,0.0,1.0,1.0,1.0,1.0,0.0,Diverged_in_single-cell
NAIF1,1.0,FALSE,0,0.0,1.0,1.0,1.0,1.0,0.0,Diverged_in_single-cell
NAIP,1.0,FALSE,0,1.0,0.0,1.0,0.303898426405489,1.0,0.0,Diverged_in_single-cell
NANOGNB,1.0,FALSE,0,1.0,0.0,1.0,,,0.0,Diverged_in_single-cell
NANP,1.0,FALSE,0,1.0,1.0,1.0,1.0,1.0,0.0,Diverged_in_single-cell
NANS,1.0,FALSE,0,1.0,0.0,1.0,1.0,1.0,0.0,Diverged_in_single-cell
NAP1L5,1.0,FALSE,0,0.0,1.0,1.0,1.0,1.0,0.0,Diverged_in_single-cell
NARS,1.0,FALSE,0,0.0,1.0,1.0,,,0.0,Diverged_in_single-cell
NAT16,1.0,FALSE,0,0.0,1.0,1.0,1.0,1.0,0.0,Diverged_in_single-cell
NATD1,1.0,FALSE,1,1.0,0.0,1.0,1.0,1.0,0.0,Diverged_in_single-cell
NBN,1.0,FALSE,0,0.0,1.0,1.0,0.363878924564395,1.0,0.0,Diverged_in_single-cell
NCAPG,1.0,FALSE,0,0.0,1.0,1.0,1.0,1.0,0.0,Diverged_in_single-cell
NCAPH,1.0,FALSE,0,0.0,1.0,1.0,1.0,1.0,0.0,Diverged_in_single-cell
NCAPH2,1.0,FALSE,0,0.0,1.0,1.0,0.811221094259801,1.0,0.0,Diverged_in_single-cell
NCBP2,1.0,FALSE,0,0.0,1.0,1.0,1.0,1.0,0.0,Diverged_in_single-cell
NCF2,1.0,FALSE,1,0.0,0.0,1.0,1.0,1.0,0.0,Diverged_in_single-cell
NCKAP1L,1.0,FALSE,0,1.0,0.0,1.0,1.0,1.0,0.0,Diverged_in_single-cell
NCMAP,1.0,FALSE,0,0.0,1.0,1.0,1.0,1.0,0.0,Diverged_in_single-cell
NCOA4,1.0,FALSE,0,0.0,1.0,1.0,0.671616908247745,1.0,0.0,Diverged_in_single-cell
NCR3LG1,1.0,FALSE,0,0.0,1.0,1.0,,,0.0,Diverged_in_single-cell
NDC80,1.0,FALSE,0,1.0,1.0,1.0,0.299470615715436,1.0,0.0,Diverged_in_single-cell
NDST2,1.0,FALSE,0,1.0,0.0,1.0,0.0026897466180665,1.0,0.0,Diverged_in_single-cell
NDUFA1,1.0,FALSE,1,0.0,0.0,1.0,1.0,1.0,0.0,Diverged_in_single-cell
NDUFA11,1.0,FALSE,1,1.0,0.0,1.0,6.91e-06,0.0010529376339482,1.0,Diverged_in_both
NDUFA13,1.0,FALSE,1,0.0,0.0,1.0,6.56e-07,4.96e-05,1.0,Diverged_in_both
NDUFA2,1.0,FALSE,1,0.0,1.0,1.0,1.0,1.0,0.0,Diverged_in_single-cell
NDUFA3,1.0,FALSE,0,0.0,1.0,1.0,0.0009769648348165,0.0211877280317799,1.0,Diverged_in_both
NDUFAF1,1.0,FALSE,1,0.0,0.0,1.0,0.282610116857323,1.0,0.0,Diverged_in_single-cell
NDUFAF3,1.0,FALSE,1,1.0,0.0,1.0,0.482889841126692,1.0,0.0,Diverged_in_single-cell
NDUFAF7,1.0,FALSE,0,0.0,1.0,1.0,1.0,1.0,0.0,Diverged_in_single-cell
NDUFB2,1.0,FALSE,0,0.0,1.0,1.0,1.0,1.0,0.0,Diverged_in_single-cell
NDUFB3,1.0,FALSE,1,0.0,1.0,1.0,0.92782176570168,1.0,0.0,Diverged_in_single-cell
NDUFB7,1.0,FALSE,1,0.0,0.0,1.0,0.334192918739713,1.0,0.0,Diverged_in_single-cell
NDUFB8,1.0,FALSE,1,0.0,0.0,1.0,0.839230141247492,1.0,0.0,Diverged_in_single-cell
NDUFB9,1.0,FALSE,1,0.0,0.0,1.0,0.409665042690979,1.0,0.0,Diverged_in_single-cell
NDUFC2,1.0,FALSE,0,1.0,1.0,1.0,5.41e-05,0.0020975071269819,1.0,Diverged_in_both
NDUFS5,1.0,FALSE,1,0.0,0.0,1.0,1.0,1.0,0.0,Diverged_in_single-cell
NDUFS8,1.0,FALSE,0,0.0,1.0,1.0,0.884623745918011,1.0,0.0,Diverged_in_single-cell
NDUFV2,1.0,FALSE,1,0.0,0.0,1.0,5.44e-06,2.49e-06,1.0,Diverged_in_both
NECAP1,1.0,FALSE,0,1.0,0.0,1.0,1.0,1.0,0.0,Diverged_in_single-cell
NEDD8,1.0,FALSE,1,1.0,0.0,1.0,1.98e-05,8.16e-06,1.0,Diverged_in_both
NEK4,1.0,FALSE,0,0.0,1.0,1.0,1.0,1.0,0.0,Diverged_in_single-cell
NELFCD,1.0,FALSE,0,0.0,1.0,1.0,1.0,1.0,0.0,Diverged_in_single-cell
NELFE,1.0,FALSE,0,1.0,1.0,1.0,8.26e-06,2.49e-06,1.0,Diverged_in_both
NELL1,1.0,FALSE,0,0.0,1.0,1.0,1.0,1.0,0.0,Diverged_in_single-cell
NEU4,1.0,FALSE,0,1.0,0.0,1.0,0.0121111652437809,1.0,0.0,Diverged_in_single-cell
NEURL4,1.0,FALSE,1,0.0,0.0,1.0,0.277002670135788,1.0,0.0,Diverged_in_single-cell
NEUROD1,1.0,FALSE,0,1.0,0.0,1.0,1.0,1.0,0.0,Diverged_in_single-cell
NEUROD2,1.0,FALSE,0,0.0,1.0,1.0,5.85e-07,0.0033573680424959,1.0,Diverged_in_both
NEUROD6,1.0,FALSE,0,1.0,1.0,1.0,1.0,1.0,0.0,Diverged_in_single-cell
NEXN,1.0,FALSE,1,0.0,0.0,1.0,0.100544717850254,1.0,0.0,Diverged_in_single-cell
NFATC1,1.0,FALSE,0,1.0,0.0,1.0,1.0,1.0,0.0,Diverged_in_single-cell
NFATC4,1.0,FALSE,0,1.0,0.0,1.0,8.26e-06,1.0,0.0,Diverged_in_single-cell
NFE2L2,1.0,FALSE,0,0.0,1.0,1.0,0.964871809829319,1.0,0.0,Diverged_in_single-cell
NFKBIL1,1.0,FALSE,1,0.0,0.0,1.0,2.43e-05,1.0,0.0,Diverged_in_single-cell
NFKBIZ,1.0,FALSE,0,0.0,1.0,1.0,1.0,1.0,0.0,Diverged_in_single-cell
NFYA,1.0,FALSE,0,0.0,1.0,1.0,1.0,1.0,0.0,Diverged_in_single-cell
NFYB,1.0,FALSE,0,0.0,1.0,1.0,0.0467270700080162,1.0,0.0,Diverged_in_single-cell
NGDN,1.0,FALSE,1,0.0,1.0,1.0,0.922893430289821,1.0,0.0,Diverged_in_single-cell
NHEJ1,1.0,FALSE,1,1.0,0.0,1.0,6.91e-06,0.0001805559849792,1.0,Diverged_in_both
NHLRC1,1.0,FALSE,1,0.0,0.0,1.0,0.89493166389409,1.0,0.0,Diverged_in_single-cell
NHLRC3,1.0,FALSE,0,1.0,0.0,1.0,0.0161437633569464,1.0,0.0,Diverged_in_single-cell
NHP2,1.0,FALSE,0,0.0,1.0,1.0,0.170243893052,1.0,0.0,Diverged_in_single-cell
NIPA2,1.0,FALSE,1,0.0,0.0,1.0,1.0,1.0,0.0,Diverged_in_single-cell
NIT1,1.0,FALSE,0,0.0,1.0,1.0,1.0,1.0,0.0,Diverged_in_single-cell
NKAP,1.0,FALSE,0,0.0,1.0,1.0,1.0,1.0,0.0,Diverged_in_single-cell
NKIRAS1,1.0,FALSE,0,0.0,1.0,1.0,1.0,1.0,0.0,Diverged_in_single-cell
NKRF,1.0,FALSE,0,0.0,1.0,1.0,1.0,1.0,0.0,Diverged_in_single-cell
NKX6-2,1.0,FALSE,0,1.0,0.0,1.0,1.0,1.0,0.0,Diverged_in_single-cell
NLE1,1.0,FALSE,0,0.0,1.0,1.0,0.106549090746052,1.0,0.0,Diverged_in_single-cell
NLRP1,1.0,FALSE,1,0.0,0.0,1.0,6.58e-08,0.0004863712139253,1.0,Diverged_in_both
NLRP12,1.0,FALSE,1,0.0,0.0,1.0,0.903699234466393,1.0,0.0,Diverged_in_single-cell
NLRP13,1.0,FALSE,1,0.0,0.0,1.0,1.0,1.0,0.0,Diverged_in_single-cell
NMB,1.0,FALSE,1,0.0,0.0,1.0,1.0,1.0,0.0,Diverged_in_single-cell
NMBR,1.0,FALSE,1,0.0,0.0,1.0,0.639780708967139,1.0,0.0,Diverged_in_single-cell
NMD3,1.0,FALSE,1,0.0,0.0,1.0,1.0,1.0,0.0,Diverged_in_single-cell
NME1,1.0,FALSE,1,1.0,0.0,1.0,1.0,1.0,0.0,Diverged_in_single-cell
NME2,1.0,FALSE,1,1.0,1.0,1.0,0.0076526972760765,1.0,0.0,Diverged_in_single-cell
NMNAT1,1.0,FALSE,0,0.0,1.0,1.0,0.859108164533028,1.0,0.0,Diverged_in_single-cell
NMRK2,1.0,FALSE,0,0.0,1.0,1.0,1.0,1.0,0.0,Diverged_in_single-cell
NMS,1.0,FALSE,0,0.0,1.0,1.0,,,0.0,Diverged_in_single-cell
NOC2L,1.0,FALSE,1,0.0,0.0,1.0,0.358329926642059,1.0,0.0,Diverged_in_single-cell
NOC3L,1.0,FALSE,0,0.0,1.0,1.0,1.0,1.0,0.0,Diverged_in_single-cell
NOC4L,1.0,FALSE,0,1.0,1.0,1.0,0.839230141247492,1.0,0.0,Diverged_in_single-cell
NOL11,1.0,FALSE,0,0.0,1.0,1.0,1.0,1.0,0.0,Diverged_in_single-cell
NOL12,1.0,FALSE,1,0.0,1.0,1.0,2.25e-05,0.0095823714190554,1.0,Diverged_in_both
NOL6,1.0,FALSE,0,0.0,1.0,1.0,1.0,1.0,0.0,Diverged_in_single-cell
NOL9,1.0,FALSE,0,0.0,1.0,1.0,1.0,1.0,0.0,Diverged_in_single-cell
NOLC1,1.0,FALSE,1,1.0,0.0,1.0,1.0,1.0,0.0,Diverged_in_single-cell
NOP10,1.0,FALSE,0,1.0,0.0,1.0,0.0440387514364974,1.0,0.0,Diverged_in_single-cell
NOP9,1.0,FALSE,1,1.0,0.0,1.0,0.0006770252692767,0.142508039273659,0.0,Diverged_in_single-cell
NOS2,1.0,FALSE,0,0.0,1.0,1.0,0.244136434499355,1.0,0.0,Diverged_in_single-cell
NOS3,1.0,FALSE,1,0.0,0.0,1.0,0.0019817416607732,1.0,0.0,Diverged_in_single-cell
NOSTRIN,1.0,FALSE,1,0.0,0.0,1.0,0.490007074763471,1.0,0.0,Diverged_in_single-cell
NOTCH3,1.0,FALSE,0,1.0,0.0,1.0,1.0,1.0,0.0,Diverged_in_single-cell
NOTCH4,1.0,FALSE,1,0.0,0.0,1.0,0.0001904624218243,0.106490512603092,0.0,Diverged_in_single-cell
NOX1,1.0,FALSE,0,1.0,1.0,1.0,0.0421905061459355,1.0,0.0,Diverged_in_single-cell
NOX3,1.0,FALSE,1,0.0,0.0,1.0,1.0,1.0,0.0,Diverged_in_single-cell
NPAS4,1.0,FALSE,1,0.0,1.0,1.0,1.0,1.0,0.0,Diverged_in_single-cell
NPC1,1.0,FALSE,1,0.0,0.0,1.0,0.415380452864446,1.0,0.0,Diverged_in_single-cell
NPC1L1,1.0,FALSE,1,1.0,1.0,1.0,1.0,1.0,0.0,Diverged_in_single-cell
NPDC1,1.0,FALSE,1,0.0,0.0,1.0,0.0787810309751112,1.0,0.0,Diverged_in_single-cell
NPFFR1,1.0,FALSE,1,0.0,0.0,1.0,1.0,0.164636521779379,0.0,Diverged_in_single-cell
NPHP3,1.0,FALSE,1,0.0,1.0,1.0,0.601852602662915,1.0,0.0,Diverged_in_single-cell
NPHS1,1.0,FALSE,0,1.0,0.0,1.0,1.0,1.0,0.0,Diverged_in_single-cell
NPM3,1.0,FALSE,0,0.0,1.0,1.0,1.0,1.0,0.0,Diverged_in_single-cell
NPPC,1.0,FALSE,1,0.0,0.0,1.0,0.333717114104981,1.0,0.0,Diverged_in_single-cell
NPR 2.00,1.0,FALSE,0,0.0,1.0,1.0,0.370200599534537,1.0,0.0,Diverged_in_single-cell
NPR 3.00,1.0,FALSE,0,0.0,1.0,1.0,0.916234512466772,1.0,0.0,Diverged_in_single-cell
NPRL2,1.0,FALSE,1,1.0,1.0,1.0,0.441958097210261,1.0,0.0,Diverged_in_single-cell
NPSR1,1.0,FALSE,0,1.0,1.0,1.0,1.0,1.0,0.0,Diverged_in_single-cell
NR1H2,1.0,FALSE,1,0.0,0.0,1.0,0.664755586110866,1.0,0.0,Diverged_in_single-cell
NR1H4,1.0,FALSE,0,0.0,1.0,1.0,0.984133954941685,1.0,0.0,Diverged_in_single-cell
NR1I3,1.0,FALSE,0,0.0,1.0,1.0,0.536803460981004,1.0,0.0,Diverged_in_single-cell
NR2C2AP,1.0,FALSE,0,0.0,1.0,1.0,0.932891137754538,1.0,0.0,Diverged_in_single-cell
NR2E1,1.0,FALSE,1,0.0,0.0,1.0,1.0,1.0,0.0,Diverged_in_single-cell
NR5A2,1.0,FALSE,0,0.0,1.0,1.0,0.0046973476937604,1.0,0.0,Diverged_in_single-cell
NRAP,1.0,FALSE,0,1.0,0.0,1.0,1.0,1.0,0.0,Diverged_in_single-cell
NRG4,1.0,FALSE,0,0.0,1.0,1.0,1.0,1.0,0.0,Diverged_in_single-cell
NRK,1.0,FALSE,0,1.0,1.0,1.0,,,0.0,Diverged_in_single-cell
NSMCE4A,1.0,FALSE,0,0.0,1.0,1.0,1.0,1.0,0.0,Diverged_in_single-cell
NSUN6,1.0,FALSE,0,0.0,1.0,1.0,1.0,1.0,0.0,Diverged_in_single-cell
NSUN7,1.0,FALSE,1,0.0,0.0,1.0,0.0680669223175292,0.196263215013748,0.0,Diverged_in_single-cell
NT5C3B,1.0,FALSE,0,1.0,0.0,1.0,1.0,1.0,0.0,Diverged_in_single-cell
NT5E,1.0,FALSE,1,0.0,0.0,1.0,0.0862550622747804,1.0,0.0,Diverged_in_single-cell
NTF3,1.0,FALSE,1,0.0,0.0,1.0,1.0,1.0,0.0,Diverged_in_single-cell
NUDT12,1.0,FALSE,0,1.0,0.0,1.0,0.162858235704099,1.0,0.0,Diverged_in_single-cell
NUDT13,1.0,FALSE,1,0.0,0.0,1.0,0.0005610171591843,1.0,0.0,Diverged_in_single-cell
NUDT15,1.0,FALSE,0,1.0,0.0,1.0,1.0,1.0,0.0,Diverged_in_single-cell
NUDT5,1.0,FALSE,0,0.0,1.0,1.0,1.0,1.0,0.0,Diverged_in_single-cell
NUDT9,1.0,FALSE,0,0.0,1.0,1.0,1.0,1.0,0.0,Diverged_in_single-cell
NUF2,1.0,FALSE,1,0.0,0.0,1.0,0.462668771774024,1.0,0.0,Diverged_in_single-cell
NUGGC,1.0,FALSE,0,0.0,1.0,1.0,1.0,1.0,0.0,Diverged_in_single-cell
NUP155,1.0,FALSE,0,0.0,1.0,1.0,1.0,1.0,0.0,Diverged_in_single-cell
NUP43,1.0,FALSE,0,0.0,1.0,1.0,1.0,1.0,0.0,Diverged_in_single-cell
NUP62CL,1.0,FALSE,0,1.0,1.0,1.0,,,0.0,Diverged_in_single-cell
NUS1,1.0,FALSE,0,0.0,1.0,1.0,1.0,1.0,0.0,Diverged_in_single-cell
NUSAP1,1.0,FALSE,0,1.0,1.0,1.0,1.0,1.0,0.0,Diverged_in_single-cell
NUTM1,1.0,FALSE,0,1.0,1.0,1.0,,,0.0,Diverged_in_single-cell
NVL,1.0,FALSE,0,1.0,0.0,1.0,0.770577291987336,1.0,0.0,Diverged_in_single-cell
NXPH2,1.0,FALSE,0,0.0,1.0,1.0,1.0,1.0,0.0,Diverged_in_single-cell
NXT1,1.0,FALSE,0,0.0,1.0,1.0,1.0,1.0,0.0,Diverged_in_single-cell
OAZ1,1.0,FALSE,1,1.0,0.0,1.0,1.0,1.0,0.0,Diverged_in_single-cell
OCA2,1.0,FALSE,0,0.0,1.0,1.0,0.162987949380729,0.630094847545891,0.0,Diverged_in_single-cell
OCLN,1.0,FALSE,1,0.0,0.0,1.0,0.265094091318989,1.0,0.0,Diverged_in_single-cell
OFD1,1.0,FALSE,1,0.0,0.0,1.0,1.0,1.0,0.0,Diverged_in_single-cell
OGFOD2,1.0,FALSE,1,1.0,0.0,1.0,0.0001272306336553,1.0,0.0,Diverged_in_single-cell
OIT3,1.0,FALSE,1,0.0,1.0,1.0,0.780587708924095,0.630094847545891,0.0,Diverged_in_single-cell
OLFML3,1.0,FALSE,0,1.0,0.0,1.0,0.0072624710690936,1.0,0.0,Diverged_in_single-cell
OLIG2,1.0,FALSE,1,1.0,0.0,1.0,1.0,1.0,0.0,Diverged_in_single-cell
ONECUT2,1.0,FALSE,0,0.0,1.0,1.0,1.0,1.0,0.0,Diverged_in_single-cell
OPALIN,1.0,FALSE,0,1.0,0.0,1.0,,,0.0,Diverged_in_single-cell
OPN5,1.0,FALSE,0,0.0,1.0,1.0,1.0,1.0,0.0,Diverged_in_single-cell
ORAI2,1.0,FALSE,0,0.0,1.0,1.0,1.0,1.0,0.0,Diverged_in_single-cell
ORMDL3,1.0,FALSE,0,1.0,1.0,1.0,0.356409127985076,1.0,0.0,Diverged_in_single-cell
OSGEPL1,1.0,FALSE,0,1.0,0.0,1.0,1.0,1.0,0.0,Diverged_in_single-cell
OST4,1.0,FALSE,0,1.0,0.0,1.0,1.0,1.0,0.0,Diverged_in_single-cell
OSTC,1.0,FALSE,1,0.0,0.0,1.0,1.0,1.0,0.0,Diverged_in_single-cell
OTUD3,1.0,FALSE,0,0.0,1.0,1.0,1.0,1.0,0.0,Diverged_in_single-cell
OTUD6B,1.0,FALSE,1,0.0,0.0,1.0,0.483650290003876,1.0,0.0,Diverged_in_single-cell
OVGP1,1.0,FALSE,0,0.0,1.0,1.0,1.0,1.0,0.0,Diverged_in_single-cell
OXA1L,1.0,FALSE,0,0.0,1.0,1.0,1.0,1.0,0.0,Diverged_in_single-cell
OXSM,1.0,FALSE,1,0.0,0.0,1.0,0.718418003316867,1.0,0.0,Diverged_in_single-cell
P2RX1,1.0,FALSE,0,1.0,0.0,1.0,1.0,1.0,0.0,Diverged_in_single-cell
P2RY11,1.0,FALSE,0,1.0,0.0,1.0,0.0551992726915327,1.0,0.0,Diverged_in_single-cell
P4HA3,1.0,FALSE,0,1.0,0.0,1.0,0.282481212917413,1.0,0.0,Diverged_in_single-cell
P4HB,1.0,FALSE,1,0.0,0.0,1.0,1.0,1.0,0.0,Diverged_in_single-cell
PA2G4,1.0,FALSE,0,1.0,1.0,1.0,0.170243893052,1.0,0.0,Diverged_in_single-cell
PABPC4,1.0,FALSE,1,0.0,0.0,1.0,1.0,1.0,0.0,Diverged_in_single-cell
PACRGL,1.0,FALSE,1,0.0,1.0,1.0,0.872650729795123,1.0,0.0,Diverged_in_single-cell
PADI6,1.0,FALSE,1,1.0,0.0,1.0,0.34814572036066,1.0,0.0,Diverged_in_single-cell
PAF1,1.0,FALSE,1,0.0,0.0,1.0,0.92782176570168,1.0,0.0,Diverged_in_single-cell
PAFAH2,1.0,FALSE,0,1.0,0.0,1.0,1.0,1.0,0.0,Diverged_in_single-cell
PAIP1,1.0,FALSE,0,1.0,1.0,1.0,0.0224647193239361,1.0,0.0,Diverged_in_single-cell
PALM3,1.0,FALSE,0,0.0,1.0,1.0,1.0,1.0,0.0,Diverged_in_single-cell
PANX2,1.0,FALSE,0,0.0,1.0,1.0,0.516437235717352,1.0,0.0,Diverged_in_single-cell
PAPLN,1.0,FALSE,1,1.0,0.0,1.0,1.0,1.0,0.0,Diverged_in_single-cell
PAPPA2,1.0,FALSE,0,1.0,0.0,1.0,0.888429506770308,1.0,0.0,Diverged_in_single-cell
PARD6B,1.0,FALSE,0,0.0,1.0,1.0,0.744538516302725,1.0,0.0,Diverged_in_single-cell
PARP14,1.0,FALSE,1,0.0,0.0,1.0,1.0,1.0,0.0,Diverged_in_single-cell
PARP2,1.0,FALSE,1,0.0,1.0,1.0,0.155560946475818,1.0,0.0,Diverged_in_single-cell
PASD1,1.0,FALSE,0,1.0,0.0,1.0,1.0,1.0,0.0,Diverged_in_single-cell
PASK,1.0,FALSE,0,0.0,1.0,1.0,1.0,1.0,0.0,Diverged_in_single-cell
PATL1,1.0,FALSE,0,1.0,0.0,1.0,1.0,1.0,0.0,Diverged_in_single-cell
PAX2,1.0,FALSE,0,0.0,1.0,1.0,1.0,1.0,0.0,Diverged_in_single-cell
PAX5,1.0,FALSE,0,1.0,0.0,1.0,1.0,1.0,0.0,Diverged_in_single-cell
PAX7,1.0,FALSE,0,0.0,1.0,1.0,0.849716681197072,1.0,0.0,Diverged_in_single-cell
PAXIP1,1.0,FALSE,0,0.0,1.0,1.0,0.640819940541152,1.0,0.0,Diverged_in_single-cell
PBLD,1.0,FALSE,0,0.0,1.0,1.0,0.234803717969053,1.0,0.0,Diverged_in_single-cell
PCBP1,1.0,FALSE,0,1.0,0.0,1.0,0.148461687518633,1.0,0.0,Diverged_in_single-cell
PCDH12,1.0,FALSE,1,1.0,0.0,1.0,5.44e-06,1.58e-05,1.0,Diverged_in_both
PCED1A,1.0,FALSE,0,0.0,1.0,1.0,1.0,1.0,0.0,Diverged_in_single-cell
PCGF1,1.0,FALSE,1,0.0,0.0,1.0,1.0,1.0,0.0,Diverged_in_single-cell
PCGF3,1.0,FALSE,0,0.0,1.0,1.0,0.0832375785333827,1.0,0.0,Diverged_in_single-cell
PCIF1,1.0,FALSE,0,0.0,1.0,1.0,0.213811137356349,1.0,0.0,Diverged_in_single-cell
PCNA,1.0,FALSE,0,0.0,1.0,1.0,0.718418003316867,1.0,0.0,Diverged_in_single-cell
PCNT,1.0,FALSE,0,0.0,1.0,1.0,0.681043024483222,1.0,0.0,Diverged_in_single-cell
PCP4L1,1.0,FALSE,0,0.0,1.0,1.0,0.0551816929044722,0.907676767676768,0.0,Diverged_in_single-cell
PCSK7,1.0,FALSE,0,0.0,1.0,1.0,0.0086183442572192,1.0,0.0,Diverged_in_single-cell
PDCD2,1.0,FALSE,0,0.0,1.0,1.0,1.0,1.0,0.0,Diverged_in_single-cell
PDCD6,1.0,FALSE,1,0.0,0.0,1.0,0.382801227525441,1.0,0.0,Diverged_in_single-cell
PDCD6IP,1.0,FALSE,1,0.0,0.0,1.0,1.0,1.0,0.0,Diverged_in_single-cell
PDCL2,1.0,FALSE,0,0.0,1.0,1.0,0.378177040421644,1.0,0.0,Diverged_in_single-cell
PDE12,1.0,FALSE,1,1.0,1.0,1.0,1.0,1.0,0.0,Diverged_in_single-cell
PDE5A,1.0,FALSE,1,1.0,0.0,1.0,0.277002670135788,1.0,0.0,Diverged_in_single-cell
PDE6B,1.0,FALSE,1,0.0,1.0,1.0,0.683826075215824,1.0,0.0,Diverged_in_single-cell
PDHB,1.0,FALSE,0,0.0,1.0,1.0,0.0002603396469812,0.314701908443982,0.0,Diverged_in_single-cell
PDHX,1.0,FALSE,0,0.0,1.0,1.0,1.0,1.0,0.0,Diverged_in_single-cell
PDIA6,1.0,FALSE,0,0.0,1.0,1.0,0.946534054971951,1.0,0.0,Diverged_in_single-cell
PDLIM1,1.0,FALSE,0,0.0,1.0,1.0,1.0,1.0,0.0,Diverged_in_single-cell
PDLIM2,1.0,FALSE,0,0.0,1.0,1.0,1.0,1.0,0.0,Diverged_in_single-cell
PDRG1,1.0,FALSE,0,0.0,1.0,1.0,1.0,1.0,0.0,Diverged_in_single-cell
PDZK1,1.0,FALSE,0,0.0,1.0,1.0,0.32552503373742,1.0,0.0,Diverged_in_single-cell
PEAR1,1.0,FALSE,1,1.0,0.0,1.0,1.0,1.0,0.0,Diverged_in_single-cell
PECR,1.0,FALSE,0,0.0,1.0,1.0,1.0,1.0,0.0,Diverged_in_single-cell
PEG10,1.0,FALSE,0,0.0,1.0,1.0,1.0,1.0,0.0,Diverged_in_single-cell
PEG3,1.0,FALSE,0,0.0,1.0,1.0,0.896582863104881,1.0,0.0,Diverged_in_single-cell
PENK,1.0,FALSE,0,0.0,1.0,1.0,1.0,1.0,0.0,Diverged_in_single-cell
PES 1.00,1.0,FALSE,0,0.0,1.0,1.0,1.0,1.0,0.0,Diverged_in_single-cell
PET100,1.0,FALSE,0,0.0,1.0,1.0,0.0139067497046125,0.535963707345286,0.0,Diverged_in_single-cell
PET117,1.0,FALSE,1,0.0,0.0,1.0,,,0.0,Diverged_in_single-cell
PEX11B,1.0,FALSE,0,1.0,1.0,1.0,1.0,1.0,0.0,Diverged_in_single-cell
PEX12,1.0,FALSE,1,0.0,0.0,1.0,1.0,1.0,0.0,Diverged_in_single-cell
PEX19,1.0,FALSE,1,0.0,0.0,1.0,1.0,1.0,0.0,Diverged_in_single-cell
PEX5,1.0,FALSE,0,0.0,1.0,1.0,0.19197485308175,1.0,0.0,Diverged_in_single-cell
PFDN4,1.0,FALSE,0,0.0,1.0,1.0,1.0,1.0,0.0,Diverged_in_single-cell
PFDN5,1.0,FALSE,0,1.0,0.0,1.0,1.0,1.0,0.0,Diverged_in_single-cell
PFDN6,1.0,FALSE,1,0.0,1.0,1.0,8.26e-06,0.0001651517261661,1.0,Diverged_in_both
PFKFB1,1.0,FALSE,0,1.0,0.0,1.0,0.0008345651335733,0.0002271067376405,1.0,Diverged_in_both
PFN1,1.0,FALSE,0,1.0,0.0,1.0,1.0,1.0,0.0,Diverged_in_single-cell
PFN4,1.0,FALSE,0,1.0,1.0,1.0,1.0,1.0,0.0,Diverged_in_single-cell
PGAP3,1.0,FALSE,0,0.0,1.0,1.0,0.839866790305821,1.0,0.0,Diverged_in_single-cell
PGBD4,1.0,FALSE,0,0.0,1.0,1.0,1.0,1.0,0.0,Diverged_in_single-cell
PGLS,1.0,FALSE,1,0.0,1.0,1.0,1.0,1.0,0.0,Diverged_in_single-cell
PGLYRP1,1.0,FALSE,0,1.0,1.0,1.0,0.815784866094355,1.0,0.0,Diverged_in_single-cell
PGM5,1.0,FALSE,1,0.0,0.0,1.0,0.0001448797862688,0.392480880161882,0.0,Diverged_in_single-cell
PGRMC2,1.0,FALSE,0,0.0,1.0,1.0,0.0917836063267493,1.0,0.0,Diverged_in_single-cell
PHF1,1.0,FALSE,0,0.0,1.0,1.0,0.0051779321587849,1.0,0.0,Diverged_in_single-cell
PHF12,1.0,FALSE,0,1.0,1.0,1.0,1.0,1.0,0.0,Diverged_in_single-cell
PHF13,1.0,FALSE,0,1.0,0.0,1.0,1.0,1.0,0.0,Diverged_in_single-cell
PHF5A,1.0,FALSE,0,1.0,0.0,1.0,1.0,1.0,0.0,Diverged_in_single-cell
PHF6,1.0,FALSE,1,0.0,0.0,1.0,0.0929331475331655,1.0,0.0,Diverged_in_single-cell
PHF8,1.0,FALSE,0,0.0,1.0,1.0,1.0,1.0,0.0,Diverged_in_single-cell
PHKA2,1.0,FALSE,0,1.0,0.0,1.0,1.0,1.0,0.0,Diverged_in_single-cell
PHKG1,1.0,FALSE,1,1.0,0.0,1.0,1.94e-05,1.0,0.0,Diverged_in_single-cell
PHLDA2,1.0,FALSE,0,0.0,1.0,1.0,0.453041890556302,1.0,0.0,Diverged_in_single-cell
PHOSPHO2,1.0,FALSE,1,1.0,0.0,1.0,8.18e-07,1.0,0.0,Diverged_in_single-cell
PHTF2,1.0,FALSE,1,0.0,0.0,1.0,0.0019326483874628,1.0,0.0,Diverged_in_single-cell
PHYHD1,1.0,FALSE,1,0.0,0.0,1.0,1.0,1.0,0.0,Diverged_in_single-cell
PI15,1.0,FALSE,0,1.0,0.0,1.0,0.184514262197967,1.0,0.0,Diverged_in_single-cell
PI16,1.0,FALSE,0,1.0,0.0,1.0,,,0.0,Diverged_in_single-cell
PIAS3,1.0,FALSE,0,1.0,0.0,1.0,1.0,1.0,0.0,Diverged_in_single-cell
PIBF1,1.0,FALSE,0,0.0,1.0,1.0,1.0,1.0,0.0,Diverged_in_single-cell
PIGB,1.0,FALSE,0,0.0,1.0,1.0,0.634449154097596,1.0,0.0,Diverged_in_single-cell
PIGC,1.0,FALSE,0,1.0,1.0,1.0,1.0,1.0,0.0,Diverged_in_single-cell
PIGH,1.0,FALSE,1,0.0,0.0,1.0,1.0,1.0,0.0,Diverged_in_single-cell
PIGN,1.0,FALSE,0,0.0,1.0,1.0,1.0,1.0,0.0,Diverged_in_single-cell
PIGO,1.0,FALSE,0,0.0,1.0,1.0,0.277002670135788,1.0,0.0,Diverged_in_single-cell
PIGV,1.0,FALSE,0,1.0,0.0,1.0,0.277002670135788,1.0,0.0,Diverged_in_single-cell
PIGW,1.0,FALSE,1,0.0,0.0,1.0,0.0510408247772059,1.0,0.0,Diverged_in_single-cell
PIGX,1.0,FALSE,0,0.0,1.0,1.0,1.0,1.0,0.0,Diverged_in_single-cell
PIGZ,1.0,FALSE,0,0.0,1.0,1.0,1.0,1.0,0.0,Diverged_in_single-cell
PIK3R2,1.0,FALSE,0,0.0,1.0,1.0,1.79e-05,1.0,0.0,Diverged_in_single-cell
PIK3R4,1.0,FALSE,0,0.0,1.0,1.0,1.0,1.0,0.0,Diverged_in_single-cell
PINX1,1.0,FALSE,0,0.0,1.0,1.0,1.0,1.0,0.0,Diverged_in_single-cell
PIP4K2C,1.0,FALSE,0,0.0,1.0,1.0,1.0,1.0,0.0,Diverged_in_single-cell
PIP5K1C,1.0,FALSE,0,1.0,0.0,1.0,1.0,1.0,0.0,Diverged_in_single-cell
PIRT,1.0,FALSE,1,0.0,0.0,1.0,,,0.0,Diverged_in_single-cell
PITRM1,1.0,FALSE,0,0.0,1.0,1.0,0.911484782045052,1.0,0.0,Diverged_in_single-cell
PIWIL1,1.0,FALSE,0,0.0,1.0,1.0,1.0,1.0,0.0,Diverged_in_single-cell
PIWIL2,1.0,FALSE,1,0.0,0.0,1.0,1.0,1.0,0.0,Diverged_in_single-cell
PIWIL3,1.0,FALSE,1,1.0,1.0,1.0,1.0,1.0,0.0,Diverged_in_single-cell
PIWIL4,1.0,FALSE,0,1.0,0.0,1.0,1.0,1.0,0.0,Diverged_in_single-cell
PKD1L1,1.0,FALSE,1,0.0,0.0,1.0,,,0.0,Diverged_in_single-cell
PKD2L1,1.0,FALSE,1,0.0,0.0,1.0,0.75491203019753,1.0,0.0,Diverged_in_single-cell
PKHD1L1,1.0,FALSE,0,1.0,0.0,1.0,1.0,1.0,0.0,Diverged_in_single-cell
PKN2,1.0,FALSE,0,1.0,0.0,1.0,1.0,1.0,0.0,Diverged_in_single-cell
PKP2,1.0,FALSE,0,0.0,1.0,1.0,0.362661306002618,1.0,0.0,Diverged_in_single-cell
PLA2G12B,1.0,FALSE,1,0.0,0.0,1.0,0.303898426405489,1.0,0.0,Diverged_in_single-cell
PLA2G5,1.0,FALSE,0,1.0,0.0,1.0,,,0.0,Diverged_in_single-cell
PLAC1,1.0,FALSE,0,1.0,0.0,1.0,,,0.0,Diverged_in_single-cell
PLAC8,1.0,FALSE,0,1.0,0.0,1.0,0.0034591643799498,1.0,0.0,Diverged_in_single-cell
PLAGL2,1.0,FALSE,0,0.0,1.0,1.0,0.922893430289821,1.0,0.0,Diverged_in_single-cell
PLAT,1.0,FALSE,1,0.0,0.0,1.0,1.0,1.0,0.0,Diverged_in_single-cell
PLAU,1.0,FALSE,1,0.0,0.0,1.0,1.0,1.0,0.0,Diverged_in_single-cell
PLCXD1,1.0,FALSE,0,1.0,1.0,1.0,3.06e-05,1.0,0.0,Diverged_in_single-cell
PLD6,1.0,FALSE,0,0.0,1.0,1.0,1.0,1.0,0.0,Diverged_in_single-cell
PLEK2,1.0,FALSE,0,0.0,1.0,1.0,0.98375463864335,1.0,0.0,Diverged_in_single-cell
PLEKHG4B,1.0,FALSE,1,0.0,0.0,1.0,1.0,1.0,0.0,Diverged_in_single-cell
PLEKHG6,1.0,FALSE,0,0.0,1.0,1.0,1.0,1.0,0.0,Diverged_in_single-cell
PLEKHG7,1.0,FALSE,0,0.0,1.0,1.0,1.0,1.0,0.0,Diverged_in_single-cell
PLEKHJ1,1.0,FALSE,0,0.0,1.0,1.0,1.0,1.0,0.0,Diverged_in_single-cell
PLET1,1.0,FALSE,0,0.0,1.0,1.0,,,0.0,Diverged_in_single-cell
PLG,1.0,FALSE,0,1.0,0.0,1.0,0.0149515391155559,0.0037222313856922,1.0,Diverged_in_both
PLGRKT,1.0,FALSE,0,0.0,1.0,1.0,1.0,1.0,0.0,Diverged_in_single-cell
PLIN1,1.0,FALSE,0,1.0,0.0,1.0,1.0,1.0,0.0,Diverged_in_single-cell
PLIN5,1.0,FALSE,1,1.0,0.0,1.0,1.0,1.0,0.0,Diverged_in_single-cell
PLK4,1.0,FALSE,0,0.0,1.0,1.0,1.0,1.0,0.0,Diverged_in_single-cell
PLRG1,1.0,FALSE,0,1.0,0.0,1.0,1.0,1.0,0.0,Diverged_in_single-cell
PLSCR2,1.0,FALSE,1,0.0,0.0,1.0,1.0,1.0,0.0,Diverged_in_single-cell
PLSCR5,1.0,FALSE,1,0.0,1.0,1.0,1.0,1.0,0.0,Diverged_in_single-cell
PM20D1,1.0,FALSE,0,0.0,1.0,1.0,0.0519032373145535,1.0,0.0,Diverged_in_single-cell
PM20D2,1.0,FALSE,0,0.0,1.0,1.0,0.358329926642059,1.0,0.0,Diverged_in_single-cell
PMEL,1.0,FALSE,1,1.0,0.0,1.0,0.858594643074453,1.0,0.0,Diverged_in_single-cell
PMP2,1.0,FALSE,1,0.0,0.0,1.0,1.0,1.0,0.0,Diverged_in_single-cell
PMPCA,1.0,FALSE,1,0.0,1.0,1.0,1.0,1.0,0.0,Diverged_in_single-cell
PMPCB,1.0,FALSE,0,0.0,1.0,1.0,0.448633006935632,1.0,0.0,Diverged_in_single-cell
PMS2,1.0,FALSE,0,0.0,1.0,1.0,0.946245073657147,1.0,0.0,Diverged_in_single-cell
PMVK,1.0,FALSE,0,0.0,1.0,1.0,1.0,1.0,0.0,Diverged_in_single-cell
PNCK,1.0,FALSE,0,0.0,1.0,1.0,1.0,1.0,0.0,Diverged_in_single-cell
PNMA1,1.0,FALSE,0,0.0,1.0,1.0,,,0.0,Diverged_in_single-cell
PNN,1.0,FALSE,1,0.0,0.0,1.0,1.0,1.0,0.0,Diverged_in_single-cell
PNOC,1.0,FALSE,0,0.0,1.0,1.0,1.0,1.0,0.0,Diverged_in_single-cell
PNPLA1,1.0,FALSE,0,0.0,1.0,1.0,,,0.0,Diverged_in_single-cell
PNPLA5,1.0,FALSE,0,0.0,1.0,1.0,0.824243809857824,1.0,0.0,Diverged_in_single-cell
PNPLA6,1.0,FALSE,1,0.0,0.0,1.0,0.0462180750224283,1.0,0.0,Diverged_in_single-cell
PNPLA8,1.0,FALSE,0,1.0,0.0,1.0,1.0,1.0,0.0,Diverged_in_single-cell
POFUT1,1.0,FALSE,0,0.0,1.0,1.0,0.0169418515574567,1.0,0.0,Diverged_in_single-cell
POLD2,1.0,FALSE,1,0.0,0.0,1.0,1.0,1.0,0.0,Diverged_in_single-cell
POLE,1.0,FALSE,0,0.0,1.0,1.0,0.0026897466180665,0.0336038293257545,1.0,Diverged_in_both
POLG2,1.0,FALSE,0,0.0,1.0,1.0,1.0,1.0,0.0,Diverged_in_single-cell
POLH,1.0,FALSE,0,0.0,1.0,1.0,1.0,1.0,0.0,Diverged_in_single-cell
POLM,1.0,FALSE,0,1.0,0.0,1.0,0.762989515430301,1.0,0.0,Diverged_in_single-cell
POLR1B,1.0,FALSE,1,0.0,0.0,1.0,1.0,1.0,0.0,Diverged_in_single-cell
POLR1E,1.0,FALSE,0,0.0,1.0,1.0,1.0,1.0,0.0,Diverged_in_single-cell
POLR2B,1.0,FALSE,0,0.0,1.0,1.0,1.0,1.0,0.0,Diverged_in_single-cell
POLR2E,1.0,FALSE,0,0.0,1.0,1.0,0.210572053166759,1.0,0.0,Diverged_in_single-cell
POLR2G,1.0,FALSE,0,0.0,1.0,1.0,0.905442069730776,1.0,0.0,Diverged_in_single-cell
POLR2I,1.0,FALSE,0,1.0,0.0,1.0,0.595881195671307,1.0,0.0,Diverged_in_single-cell
POLR2K,1.0,FALSE,1,0.0,0.0,1.0,1.0,1.0,0.0,Diverged_in_single-cell
POLR3C,1.0,FALSE,0,0.0,1.0,1.0,1.0,1.0,0.0,Diverged_in_single-cell
POLRMT,1.0,FALSE,0,1.0,1.0,1.0,0.762989515430301,1.0,0.0,Diverged_in_single-cell
POMC,1.0,FALSE,1,0.0,1.0,1.0,1.0,1.0,0.0,Diverged_in_single-cell
POMK,1.0,FALSE,1,0.0,0.0,1.0,0.0920918284451552,1.0,0.0,Diverged_in_single-cell
POMP,1.0,FALSE,1,1.0,0.0,1.0,0.922019847606019,1.0,0.0,Diverged_in_single-cell
PON3,1.0,FALSE,1,0.0,0.0,1.0,1.0,1.0,0.0,Diverged_in_single-cell
POPDC2,1.0,FALSE,0,1.0,1.0,1.0,0.0002927265110121,0.0015749830367673,1.0,Diverged_in_both
PORCN,1.0,FALSE,0,1.0,0.0,1.0,0.0693607986787539,1.0,0.0,Diverged_in_single-cell
POSTN,1.0,FALSE,0,0.0,1.0,1.0,1.0,1.0,0.0,Diverged_in_single-cell
POT1,1.0,FALSE,0,0.0,1.0,1.0,1.0,1.0,0.0,Diverged_in_single-cell
POU2AF1,1.0,FALSE,1,1.0,0.0,1.0,0.582354034841473,1.0,0.0,Diverged_in_single-cell
POU2F3,1.0,FALSE,0,0.0,1.0,1.0,1.0,1.0,0.0,Diverged_in_single-cell
POU3F1,1.0,FALSE,0,0.0,1.0,1.0,1.0,1.0,0.0,Diverged_in_single-cell
POU5F1,1.0,FALSE,0,1.0,1.0,1.0,1.0,1.0,0.0,Diverged_in_single-cell
PP2D1,1.0,FALSE,1,1.0,0.0,1.0,1.0,1.0,0.0,Diverged_in_single-cell
PPA2,1.0,FALSE,0,0.0,1.0,1.0,0.345642288997096,1.0,0.0,Diverged_in_single-cell
PPAN,1.0,FALSE,1,1.0,0.0,1.0,0.924526967620332,1.0,0.0,Diverged_in_single-cell
PPCS,1.0,FALSE,1,0.0,0.0,1.0,1.0,1.0,0.0,Diverged_in_single-cell
PPEF2,1.0,FALSE,0,0.0,1.0,1.0,1.0,1.0,0.0,Diverged_in_single-cell
PPID,1.0,FALSE,0,0.0,1.0,1.0,0.0155516416673718,1.0,0.0,Diverged_in_single-cell
PPIH,1.0,FALSE,0,0.0,1.0,1.0,0.0569082101216608,0.702062845711864,0.0,Diverged_in_single-cell
PPIL1,1.0,FALSE,1,0.0,0.0,1.0,0.217886795809016,1.0,0.0,Diverged_in_single-cell
PPIL3,1.0,FALSE,1,0.0,0.0,1.0,0.97812761128904,1.0,0.0,Diverged_in_single-cell
PPM1N,1.0,FALSE,1,0.0,0.0,1.0,1.0,1.0,0.0,Diverged_in_single-cell
PPOX,1.0,FALSE,1,0.0,0.0,1.0,1.0,1.0,0.0,Diverged_in_single-cell
PPP1CA,1.0,FALSE,1,1.0,0.0,1.0,0.950443200091785,1.0,0.0,Diverged_in_single-cell
PPP1CC,1.0,FALSE,0,1.0,0.0,1.0,0.87342930818106,1.0,0.0,Diverged_in_single-cell
PPP1R14A,1.0,FALSE,0,1.0,0.0,1.0,1.0,1.0,0.0,Diverged_in_single-cell
PPP1R14D,1.0,FALSE,0,1.0,1.0,1.0,0.998839095183453,1.0,0.0,Diverged_in_single-cell
PPP1R1C,1.0,FALSE,0,0.0,1.0,1.0,1.0,1.0,0.0,Diverged_in_single-cell
PPP1R37,1.0,FALSE,0,0.0,1.0,1.0,1.0,1.0,0.0,Diverged_in_single-cell
PPP1R3A,1.0,FALSE,1,0.0,0.0,1.0,1.0,1.0,0.0,Diverged_in_single-cell
PPP1R9B,1.0,FALSE,1,0.0,1.0,1.0,1.0,1.0,0.0,Diverged_in_single-cell
PPP2CA,1.0,FALSE,0,1.0,1.0,1.0,1.0,1.0,0.0,Diverged_in_single-cell
PPP2R5D,1.0,FALSE,1,0.0,0.0,1.0,0.282610116857323,1.0,0.0,Diverged_in_single-cell
PPP3CB,1.0,FALSE,1,0.0,0.0,1.0,1.0,1.0,0.0,Diverged_in_single-cell
PPP4R4,1.0,FALSE,0,0.0,1.0,1.0,0.0545919150643508,1.0,0.0,Diverged_in_single-cell
PPP5C,1.0,FALSE,0,0.0,1.0,1.0,0.402881810959526,1.0,0.0,Diverged_in_single-cell
PPP6R1,1.0,FALSE,0,0.0,1.0,1.0,1.0,1.0,0.0,Diverged_in_single-cell
PPT1,1.0,FALSE,0,1.0,0.0,1.0,1.0,1.0,0.0,Diverged_in_single-cell
PPWD1,1.0,FALSE,0,0.0,1.0,1.0,1.0,1.0,0.0,Diverged_in_single-cell
PQBP1,1.0,FALSE,0,0.0,1.0,1.0,1.0,1.0,0.0,Diverged_in_single-cell
PQLC2,1.0,FALSE,0,0.0,1.0,1.0,,,0.0,Diverged_in_single-cell
PQLC3,1.0,FALSE,0,0.0,1.0,1.0,,,0.0,Diverged_in_single-cell
PRAM1,1.0,FALSE,0,1.0,0.0,1.0,1.0,1.0,0.0,Diverged_in_single-cell
PRC1,1.0,FALSE,1,0.0,0.0,1.0,0.0014835483636672,0.513309024687383,0.0,Diverged_in_single-cell
PRCD,1.0,FALSE,0,0.0,1.0,1.0,0.0178959618512128,0.0338838612368024,1.0,Diverged_in_both
PRDM11,1.0,FALSE,0,0.0,1.0,1.0,0.424897744639159,1.0,0.0,Diverged_in_single-cell
PRDM12,1.0,FALSE,1,0.0,1.0,1.0,0.0029927631761573,0.144531138655153,0.0,Diverged_in_single-cell
PRDM15,1.0,FALSE,0,0.0,1.0,1.0,1.0,1.0,0.0,Diverged_in_single-cell
PRDM4,1.0,FALSE,1,0.0,0.0,1.0,1.0,1.0,0.0,Diverged_in_single-cell
PRDX1,1.0,FALSE,0,0.0,1.0,1.0,0.618954167244871,1.0,0.0,Diverged_in_single-cell
PRDX3,1.0,FALSE,0,1.0,1.0,1.0,0.0240285626052811,1.0,0.0,Diverged_in_single-cell
PRDX5,1.0,FALSE,0,0.0,1.0,1.0,0.699245153346729,1.0,0.0,Diverged_in_single-cell
PRG4,1.0,FALSE,1,1.0,1.0,1.0,0.000877132900084,1.0,0.0,Diverged_in_single-cell
PRIM2,1.0,FALSE,1,0.0,0.0,1.0,0.697142669459062,1.0,0.0,Diverged_in_single-cell
PRIMA1,1.0,FALSE,1,0.0,0.0,1.0,3.52e-07,0.20410971210426,0.0,Diverged_in_single-cell
PRKAG1,1.0,FALSE,1,0.0,0.0,1.0,1.0,1.0,0.0,Diverged_in_single-cell
PRKCG,1.0,FALSE,0,0.0,1.0,1.0,1.0,1.0,0.0,Diverged_in_single-cell
PRKD3,1.0,FALSE,1,0.0,0.0,1.0,0.321843164021375,1.0,0.0,Diverged_in_single-cell
PRKRIP1,1.0,FALSE,1,1.0,1.0,1.0,0.841932046237943,1.0,0.0,Diverged_in_single-cell
PRKX,1.0,FALSE,1,0.0,0.0,1.0,1.0,1.0,0.0,Diverged_in_single-cell
PRLHR,1.0,FALSE,1,0.0,0.0,1.0,1.0,1.0,0.0,Diverged_in_single-cell
PRMT1,1.0,FALSE,0,1.0,1.0,1.0,1.0,1.0,0.0,Diverged_in_single-cell
PRMT5,1.0,FALSE,0,0.0,1.0,1.0,1.0,1.0,0.0,Diverged_in_single-cell
PRMT6,1.0,FALSE,0,1.0,0.0,1.0,1.0,1.0,0.0,Diverged_in_single-cell
PRMT9,1.0,FALSE,0,0.0,1.0,1.0,0.762989515430301,1.0,0.0,Diverged_in_single-cell
PROCR,1.0,FALSE,0,1.0,0.0,1.0,6.71e-05,0.182224349863636,0.0,Diverged_in_single-cell
PROK2,1.0,FALSE,1,0.0,0.0,1.0,1.0,1.0,0.0,Diverged_in_single-cell
PROM1,1.0,FALSE,1,0.0,0.0,1.0,1.0,1.0,0.0,Diverged_in_single-cell
PROSER1,1.0,FALSE,0,0.0,1.0,1.0,1.0,1.0,0.0,Diverged_in_single-cell
PROSER3,1.0,FALSE,0,0.0,1.0,1.0,1.0,1.0,0.0,Diverged_in_single-cell
PROZ,1.0,FALSE,0,1.0,0.0,1.0,0.0320553651292463,0.0399702959287993,1.0,Diverged_in_both
PRPF18,1.0,FALSE,0,0.0,1.0,1.0,0.421490065325392,1.0,0.0,Diverged_in_single-cell
PRPF31,1.0,FALSE,1,1.0,0.0,1.0,1.02e-05,0.0119325770784708,1.0,Diverged_in_both
PRPF38A,1.0,FALSE,1,1.0,1.0,1.0,1.0,1.0,0.0,Diverged_in_single-cell
PRPF39,1.0,FALSE,1,1.0,0.0,1.0,0.252888372336782,1.0,0.0,Diverged_in_single-cell
PRPF4,1.0,FALSE,0,0.0,1.0,1.0,1.0,1.0,0.0,Diverged_in_single-cell
PRPF40A,1.0,FALSE,1,0.0,0.0,1.0,1.0,1.0,0.0,Diverged_in_single-cell
PRPH2,1.0,FALSE,1,1.0,1.0,1.0,0.358329926642059,1.0,0.0,Diverged_in_single-cell
PRPS1,1.0,FALSE,0,0.0,1.0,1.0,1.0,1.0,0.0,Diverged_in_single-cell
PRPSAP2,1.0,FALSE,0,0.0,1.0,1.0,0.0953585957600739,1.0,0.0,Diverged_in_single-cell
PRR16,1.0,FALSE,0,0.0,1.0,1.0,1.0,1.0,0.0,Diverged_in_single-cell
PRR3,1.0,FALSE,0,0.0,1.0,1.0,,,0.0,Diverged_in_single-cell
PRR36,1.0,FALSE,1,0.0,0.0,1.0,1.0,1.0,0.0,Diverged_in_single-cell
PRR7,1.0,FALSE,0,0.0,1.0,1.0,1.0,1.0,0.0,Diverged_in_single-cell
PRRG3,1.0,FALSE,0,0.0,1.0,1.0,1.0,1.0,0.0,Diverged_in_single-cell
PRRG4,1.0,FALSE,1,0.0,0.0,1.0,1.0,1.0,0.0,Diverged_in_single-cell
PRRX2,1.0,FALSE,1,0.0,1.0,1.0,1.0,1.0,0.0,Diverged_in_single-cell
PRSS12,1.0,FALSE,1,0.0,0.0,1.0,0.496818691124715,0.314701908443982,0.0,Diverged_in_single-cell
PRSS38,1.0,FALSE,0,1.0,0.0,1.0,1.0,1.0,0.0,Diverged_in_single-cell
PRTG,1.0,FALSE,1,0.0,0.0,1.0,1.0,1.0,0.0,Diverged_in_single-cell
PRX,1.0,FALSE,1,0.0,0.0,1.0,,,0.0,Diverged_in_single-cell
PSENEN,1.0,FALSE,1,1.0,1.0,1.0,1.0,1.0,0.0,Diverged_in_single-cell
PSMA2,1.0,FALSE,1,0.0,1.0,1.0,0.0779636577563203,1.0,0.0,Diverged_in_single-cell
PSMA3,1.0,FALSE,0,1.0,0.0,1.0,0.228393505826229,1.0,0.0,Diverged_in_single-cell
PSMA6,1.0,FALSE,1,1.0,1.0,1.0,6.13e-06,2.49e-06,1.0,Diverged_in_both
PSMA7,1.0,FALSE,0,1.0,0.0,1.0,0.806368642148706,1.0,0.0,Diverged_in_single-cell
PSMA8,1.0,FALSE,0,1.0,1.0,1.0,0.349343125009924,1.0,0.0,Diverged_in_single-cell
PSMB1,1.0,FALSE,1,0.0,0.0,1.0,0.0201364144323578,1.0,0.0,Diverged_in_single-cell
PSMB2,1.0,FALSE,1,0.0,0.0,1.0,0.0040164228212779,0.0573319204685585,0.0,Diverged_in_single-cell
PSMB3,1.0,FALSE,1,1.0,0.0,1.0,8.26e-06,2.49e-06,1.0,Diverged_in_both
PSMB4,1.0,FALSE,0,1.0,1.0,1.0,0.888429506770308,1.0,0.0,Diverged_in_single-cell
PSMB5,1.0,FALSE,0,0.0,1.0,1.0,0.0217002183293343,1.0,0.0,Diverged_in_single-cell
PSMC1,1.0,FALSE,0,1.0,1.0,1.0,0.502229604579631,1.0,0.0,Diverged_in_single-cell
PSMC2,1.0,FALSE,0,0.0,1.0,1.0,0.213811137356349,1.0,0.0,Diverged_in_single-cell
PSMC3IP,1.0,FALSE,0,0.0,1.0,1.0,0.151946190738902,0.587512026019721,0.0,Diverged_in_single-cell
PSMC5,1.0,FALSE,0,0.0,1.0,1.0,0.127826491038556,1.0,0.0,Diverged_in_single-cell
PSMC6,1.0,FALSE,0,0.0,1.0,1.0,0.784609554985984,1.0,0.0,Diverged_in_single-cell
PSMD12,1.0,FALSE,0,0.0,1.0,1.0,1.0,1.0,0.0,Diverged_in_single-cell
PSMD2,1.0,FALSE,0,0.0,1.0,1.0,0.200627514321196,1.0,0.0,Diverged_in_single-cell
PSMD3,1.0,FALSE,0,0.0,1.0,1.0,0.0435833371052568,1.0,0.0,Diverged_in_single-cell
PSMD6,1.0,FALSE,0,1.0,1.0,1.0,0.009815023771362,0.0928056709835463,0.0,Diverged_in_single-cell
PSME3,1.0,FALSE,0,0.0,1.0,1.0,0.134491194154771,1.0,0.0,Diverged_in_single-cell
PSMF1,1.0,FALSE,0,0.0,1.0,1.0,1.0,1.0,0.0,Diverged_in_single-cell
PSMG1,1.0,FALSE,0,0.0,1.0,1.0,1.0,1.0,0.0,Diverged_in_single-cell
PSPN,1.0,FALSE,1,1.0,0.0,1.0,0.412565154312553,1.0,0.0,Diverged_in_single-cell
PTAFR,1.0,FALSE,1,1.0,0.0,1.0,0.957947378035882,1.0,0.0,Diverged_in_single-cell
PTCH2,1.0,FALSE,0,0.0,1.0,1.0,0.964282656598852,1.0,0.0,Diverged_in_single-cell
PTGER3,1.0,FALSE,0,0.0,1.0,1.0,1.0,1.0,0.0,Diverged_in_single-cell
PTGES2,1.0,FALSE,0,0.0,1.0,1.0,1.0,1.0,0.0,Diverged_in_single-cell
PTGES3L,1.0,FALSE,0,1.0,1.0,1.0,1.0,1.0,0.0,Diverged_in_single-cell
PTGIR,1.0,FALSE,0,0.0,1.0,1.0,1.0,1.0,0.0,Diverged_in_single-cell
PTP4A1,1.0,FALSE,0,0.0,1.0,1.0,1.0,1.0,0.0,Diverged_in_single-cell
PTPMT1,1.0,FALSE,0,0.0,1.0,1.0,1.29e-06,3.74e-05,1.0,Diverged_in_both
PTPN23,1.0,FALSE,0,0.0,1.0,1.0,1.0,1.0,0.0,Diverged_in_single-cell
PTPN7,1.0,FALSE,1,0.0,0.0,1.0,1.0,1.0,0.0,Diverged_in_single-cell
PTPRC,1.0,FALSE,0,1.0,0.0,1.0,0.675054451631611,1.0,0.0,Diverged_in_single-cell
PTRHD1,1.0,FALSE,0,0.0,1.0,1.0,1.0,1.0,0.0,Diverged_in_single-cell
PUF60,1.0,FALSE,1,0.0,0.0,1.0,1.0,1.0,0.0,Diverged_in_single-cell
PUS10,1.0,FALSE,0,0.0,1.0,1.0,0.718418003316867,1.0,0.0,Diverged_in_single-cell
PUS3,1.0,FALSE,1,0.0,1.0,1.0,0.549800290789505,1.0,0.0,Diverged_in_single-cell
PUS7L,1.0,FALSE,0,0.0,1.0,1.0,1.0,1.0,0.0,Diverged_in_single-cell
PUSL1,1.0,FALSE,0,0.0,1.0,1.0,1.0,1.0,0.0,Diverged_in_single-cell
PWP1,1.0,FALSE,1,0.0,1.0,1.0,1.0,1.0,0.0,Diverged_in_single-cell
PWP2,1.0,FALSE,0,0.0,1.0,1.0,0.0021618633020923,1.0,0.0,Diverged_in_single-cell
PXDC1,1.0,FALSE,1,0.0,0.0,1.0,1.0,1.0,0.0,Diverged_in_single-cell
PXDNL,1.0,FALSE,0,0.0,1.0,1.0,0.328610503091721,0.453580264389256,0.0,Diverged_in_single-cell
PXMP4,1.0,FALSE,0,0.0,1.0,1.0,0.82505076769933,1.0,0.0,Diverged_in_single-cell
PXT1,1.0,FALSE,1,0.0,0.0,1.0,,,0.0,Diverged_in_single-cell
PXYLP1,1.0,FALSE,0,0.0,1.0,1.0,1.0,1.0,0.0,Diverged_in_single-cell
PYGM,1.0,FALSE,1,0.0,0.0,1.0,0.0743275091718063,1.0,0.0,Diverged_in_single-cell
PYGO2,1.0,FALSE,0,1.0,0.0,1.0,0.246290671624623,1.0,0.0,Diverged_in_single-cell
PYY,1.0,FALSE,0,0.0,1.0,1.0,1.0,1.0,0.0,Diverged_in_single-cell
QRFPR,1.0,FALSE,0,0.0,1.0,1.0,1.0,1.0,0.0,Diverged_in_single-cell
QRICH1,1.0,FALSE,1,0.0,0.0,1.0,1.0,1.0,0.0,Diverged_in_single-cell
QSOX2,1.0,FALSE,1,0.0,1.0,1.0,1.0,1.0,0.0,Diverged_in_single-cell
R3HDM4,1.0,FALSE,0,0.0,1.0,1.0,1.0,1.0,0.0,Diverged_in_single-cell
RAB11B,1.0,FALSE,0,1.0,0.0,1.0,0.584730229128677,1.0,0.0,Diverged_in_single-cell
RAB11FIP2,1.0,FALSE,1,0.0,0.0,1.0,0.376181488228228,1.0,0.0,Diverged_in_single-cell
RAB15,1.0,FALSE,0,0.0,1.0,1.0,0.140798653790515,1.0,0.0,Diverged_in_single-cell
RAB19,1.0,FALSE,0,1.0,1.0,1.0,1.0,1.0,0.0,Diverged_in_single-cell
RAB24,1.0,FALSE,1,0.0,1.0,1.0,0.760267956250774,1.0,0.0,Diverged_in_single-cell
RAB34,1.0,FALSE,1,0.0,0.0,1.0,0.127826491038556,1.0,0.0,Diverged_in_single-cell
RAB38,1.0,FALSE,0,1.0,0.0,1.0,1.0,1.0,0.0,Diverged_in_single-cell
RAB39B,1.0,FALSE,0,1.0,0.0,1.0,1.0,1.0,0.0,Diverged_in_single-cell
RAB3B,1.0,FALSE,0,0.0,1.0,1.0,1.0,1.0,0.0,Diverged_in_single-cell
RAB3IL1,1.0,FALSE,1,0.0,0.0,1.0,1.0,1.0,0.0,Diverged_in_single-cell
RAB40AL,1.0,FALSE,0,1.0,0.0,1.0,0.325484488632751,0.489444930727464,0.0,Diverged_in_single-cell
RAB5A,1.0,FALSE,0,1.0,0.0,1.0,1.0,1.0,0.0,Diverged_in_single-cell
RAB5B,1.0,FALSE,0,0.0,1.0,1.0,1.0,1.0,0.0,Diverged_in_single-cell
RAB5C,1.0,FALSE,1,1.0,0.0,1.0,1.0,1.0,0.0,Diverged_in_single-cell
RAB6A,1.0,FALSE,0,0.0,1.0,1.0,1.0,1.0,0.0,Diverged_in_single-cell
RAB8A,1.0,FALSE,0,1.0,1.0,1.0,1.0,1.0,0.0,Diverged_in_single-cell
RABEPK,1.0,FALSE,0,0.0,1.0,1.0,1.0,1.0,0.0,Diverged_in_single-cell
RABGGTA,1.0,FALSE,0,1.0,1.0,1.0,0.0011874542347621,0.640597254315128,0.0,Diverged_in_single-cell
RABL2B,1.0,FALSE,0,0.0,1.0,1.0,0.025377211630769,1.0,0.0,Diverged_in_single-cell
RAC3,1.0,FALSE,0,0.0,1.0,1.0,1.0,1.0,0.0,Diverged_in_single-cell
RAD1,1.0,FALSE,0,0.0,1.0,1.0,1.0,1.0,0.0,Diverged_in_single-cell
RAD50,1.0,FALSE,0,0.0,1.0,1.0,0.148376556735848,1.0,0.0,Diverged_in_single-cell
RAD51,1.0,FALSE,1,0.0,1.0,1.0,0.0022130072677864,1.0,0.0,Diverged_in_single-cell
RAD51C,1.0,FALSE,0,0.0,1.0,1.0,1.0,1.0,0.0,Diverged_in_single-cell
RAD51D,1.0,FALSE,1,1.0,1.0,1.0,0.16974216190248,1.0,0.0,Diverged_in_single-cell
RAD52,1.0,FALSE,0,0.0,1.0,1.0,0.469886449477786,1.0,0.0,Diverged_in_single-cell
RAD54L2,1.0,FALSE,0,0.0,1.0,1.0,0.911484782045052,1.0,0.0,Diverged_in_single-cell
RAD9B,1.0,FALSE,0,0.0,1.0,1.0,0.231655894399099,1.0,0.0,Diverged_in_single-cell
RAMP3,1.0,FALSE,0,1.0,0.0,1.0,1.0,1.0,0.0,Diverged_in_single-cell
RANBP1,1.0,FALSE,0,0.0,1.0,1.0,1.0,1.0,0.0,Diverged_in_single-cell
RANGAP1,1.0,FALSE,1,0.0,0.0,1.0,0.697158798820581,1.0,0.0,Diverged_in_single-cell
RAP2C,1.0,FALSE,1,0.0,0.0,1.0,1.0,1.0,0.0,Diverged_in_single-cell
RASEF,1.0,FALSE,0,0.0,1.0,1.0,1.0,1.0,0.0,Diverged_in_single-cell
RASGRP1,1.0,FALSE,0,0.0,1.0,1.0,1.0,1.0,0.0,Diverged_in_single-cell
RASGRP3,1.0,FALSE,1,0.0,0.0,1.0,0.23774664019245,1.0,0.0,Diverged_in_single-cell
RASL12,1.0,FALSE,1,0.0,0.0,1.0,1.0,1.0,0.0,Diverged_in_single-cell
RASSF1,1.0,FALSE,1,0.0,0.0,1.0,0.600311143195412,1.0,0.0,Diverged_in_single-cell
RASSF6,1.0,FALSE,0,0.0,1.0,1.0,0.704584218139092,1.0,0.0,Diverged_in_single-cell
RASSF7,1.0,FALSE,0,0.0,1.0,1.0,1.0,1.0,0.0,Diverged_in_single-cell
RAVER1,1.0,FALSE,0,0.0,1.0,1.0,1.0,1.0,0.0,Diverged_in_single-cell
RBAK,1.0,FALSE,0,1.0,1.0,1.0,0.0640759947175902,1.0,0.0,Diverged_in_single-cell
RBBP4,1.0,FALSE,0,0.0,1.0,1.0,1.0,1.0,0.0,Diverged_in_single-cell
RBKS,1.0,FALSE,0,0.0,1.0,1.0,1.0,1.0,0.0,Diverged_in_single-cell
RBM10,1.0,FALSE,0,0.0,1.0,1.0,0.389373980161116,1.0,0.0,Diverged_in_single-cell
RBM12B,1.0,FALSE,0,1.0,1.0,1.0,0.989498431182434,1.0,0.0,Diverged_in_single-cell
RBM15,1.0,FALSE,0,0.0,1.0,1.0,0.923749411976804,1.0,0.0,Diverged_in_single-cell
RBM18,1.0,FALSE,0,0.0,1.0,1.0,1.0,1.0,0.0,Diverged_in_single-cell
RBM22,1.0,FALSE,0,1.0,0.0,1.0,1.0,1.0,0.0,Diverged_in_single-cell
RBM27,1.0,FALSE,0,0.0,1.0,1.0,0.0001704119101427,1.0,0.0,Diverged_in_single-cell
RBM3,1.0,FALSE,1,0.0,0.0,1.0,,,0.0,Diverged_in_single-cell
RBM41,1.0,FALSE,0,1.0,0.0,1.0,1.0,1.0,0.0,Diverged_in_single-cell
RBM43,1.0,FALSE,0,0.0,1.0,1.0,0.860511237820964,1.0,0.0,Diverged_in_single-cell
RBM6,1.0,FALSE,1,1.0,0.0,1.0,0.132649551266917,1.0,0.0,Diverged_in_single-cell
RBM7,1.0,FALSE,1,1.0,1.0,1.0,1.0,1.0,0.0,Diverged_in_single-cell
RBP1,1.0,FALSE,0,1.0,0.0,1.0,0.839230141247492,1.0,0.0,Diverged_in_single-cell
RBP4,1.0,FALSE,0,0.0,1.0,1.0,1.0,1.0,0.0,Diverged_in_single-cell
RBP7,1.0,FALSE,0,1.0,0.0,1.0,0.140103518445424,1.0,0.0,Diverged_in_single-cell
RBPMS,1.0,FALSE,0,1.0,0.0,1.0,0.0016481226242175,1.0,0.0,Diverged_in_single-cell
RBSN,1.0,FALSE,0,0.0,1.0,1.0,1.0,1.0,0.0,Diverged_in_single-cell
RCAN1,1.0,FALSE,0,0.0,1.0,1.0,1.0,1.0,0.0,Diverged_in_single-cell
RCC1,1.0,FALSE,1,0.0,1.0,1.0,0.200627514321196,1.0,0.0,Diverged_in_single-cell
RCOR2,1.0,FALSE,0,0.0,1.0,1.0,1.0,1.0,0.0,Diverged_in_single-cell
RCSD1,1.0,FALSE,0,1.0,0.0,1.0,0.0475740549692048,1.0,0.0,Diverged_in_single-cell
RDH11,1.0,FALSE,0,1.0,0.0,1.0,1.0,1.0,0.0,Diverged_in_single-cell
RDH13,1.0,FALSE,0,0.0,1.0,1.0,3.48e-05,1.0,0.0,Diverged_in_single-cell
RDH14,1.0,FALSE,1,1.0,1.0,1.0,0.486860735329727,1.0,0.0,Diverged_in_single-cell
RDH5,1.0,FALSE,0,1.0,0.0,1.0,0.995401267590976,1.0,0.0,Diverged_in_single-cell
RDM1,1.0,FALSE,0,0.0,1.0,1.0,0.000196712540922,0.0010529376339482,1.0,Diverged_in_both
REC114,1.0,FALSE,0,0.0,1.0,1.0,1.0,1.0,0.0,Diverged_in_single-cell
REC8,1.0,FALSE,0,0.0,1.0,1.0,0.0029157538957397,1.0,0.0,Diverged_in_single-cell
RECQL4,1.0,FALSE,0,0.0,1.0,1.0,0.240108458718243,1.0,0.0,Diverged_in_single-cell
REEP6,1.0,FALSE,1,0.0,0.0,1.0,1.0,1.0,0.0,Diverged_in_single-cell
RENBP,1.0,FALSE,1,0.0,0.0,1.0,1.0,1.0,0.0,Diverged_in_single-cell
REPIN1,1.0,FALSE,0,1.0,1.0,1.0,0.998839095183453,1.0,0.0,Diverged_in_single-cell
RERGL,1.0,FALSE,0,1.0,0.0,1.0,0.0862550622747804,1.0,0.0,Diverged_in_single-cell
RESP18,1.0,FALSE,1,0.0,0.0,1.0,,,0.0,Diverged_in_single-cell
REST,1.0,FALSE,0,1.0,0.0,1.0,1.0,1.0,0.0,Diverged_in_single-cell
RET,1.0,FALSE,0,0.0,1.0,1.0,1.0,1.0,0.0,Diverged_in_single-cell
RETSAT,1.0,FALSE,0,0.0,1.0,1.0,1.0,1.0,0.0,Diverged_in_single-cell
REXO4,1.0,FALSE,0,0.0,1.0,1.0,1.79e-05,8.16e-06,1.0,Diverged_in_both
RFC4,1.0,FALSE,0,0.0,1.0,1.0,0.23774664019245,1.0,0.0,Diverged_in_single-cell
RFC5,1.0,FALSE,0,0.0,1.0,1.0,1.0,1.0,0.0,Diverged_in_single-cell
RFX5,1.0,FALSE,1,0.0,0.0,1.0,0.777004172451756,1.0,0.0,Diverged_in_single-cell
RFXAP,1.0,FALSE,0,0.0,1.0,1.0,1.0,1.0,0.0,Diverged_in_single-cell
RGS13,1.0,FALSE,1,0.0,0.0,1.0,1.0,1.0,0.0,Diverged_in_single-cell
RGS18,1.0,FALSE,0,1.0,0.0,1.0,1.0,1.0,0.0,Diverged_in_single-cell
RGS21,1.0,FALSE,0,0.0,1.0,1.0,0.600311143195412,1.0,0.0,Diverged_in_single-cell
RGS8,1.0,FALSE,0,0.0,1.0,1.0,1.0,1.0,0.0,Diverged_in_single-cell
RGSL1,1.0,FALSE,0,0.0,1.0,1.0,1.0,1.0,0.0,Diverged_in_single-cell
RHAG,1.0,FALSE,1,1.0,0.0,1.0,1.0,1.0,0.0,Diverged_in_single-cell
RHBDD2,1.0,FALSE,0,0.0,1.0,1.0,1.0,1.0,0.0,Diverged_in_single-cell
RHNO1,1.0,FALSE,0,1.0,1.0,1.0,0.705495603015468,0.803538100162477,0.0,Diverged_in_single-cell
RHOG,1.0,FALSE,0,1.0,0.0,1.0,1.0,1.0,0.0,Diverged_in_single-cell
RHOH,1.0,FALSE,0,1.0,0.0,1.0,1.0,1.0,0.0,Diverged_in_single-cell
RIC8A,1.0,FALSE,0,0.0,1.0,1.0,0.0035512825087435,1.0,0.0,Diverged_in_single-cell
RIIAD1,1.0,FALSE,0,0.0,1.0,1.0,0.900169843553097,1.0,0.0,Diverged_in_single-cell
RIMKLA,1.0,FALSE,0,0.0,1.0,1.0,1.0,1.0,0.0,Diverged_in_single-cell
RING1,1.0,FALSE,1,0.0,0.0,1.0,1.79e-05,2.53e-05,1.0,Diverged_in_both
RIPPLY3,1.0,FALSE,0,1.0,1.0,1.0,1.0,1.0,0.0,Diverged_in_single-cell
RLBP1,1.0,FALSE,1,1.0,0.0,1.0,0.0034097218910011,0.009706505445571,1.0,Diverged_in_both
RLN3,1.0,FALSE,1,1.0,1.0,1.0,1.0,1.0,0.0,Diverged_in_single-cell
RMND1,1.0,FALSE,0,0.0,1.0,1.0,0.205294835085138,1.0,0.0,Diverged_in_single-cell
RNASE1,1.0,FALSE,1,0.0,0.0,1.0,1.0,1.0,0.0,Diverged_in_single-cell
RNASEH1,1.0,FALSE,0,1.0,0.0,1.0,0.267735146499456,1.0,0.0,Diverged_in_single-cell
RNF11,1.0,FALSE,0,1.0,0.0,1.0,1.0,1.0,0.0,Diverged_in_single-cell
RNF113B,1.0,FALSE,0,0.0,1.0,1.0,0.210572053166759,1.0,0.0,Diverged_in_single-cell
RNF114,1.0,FALSE,0,1.0,0.0,1.0,1.0,1.0,0.0,Diverged_in_single-cell
RNF126,1.0,FALSE,0,0.0,1.0,1.0,0.746665368000511,1.0,0.0,Diverged_in_single-cell
RNF135,1.0,FALSE,1,0.0,0.0,1.0,0.951460084073508,1.0,0.0,Diverged_in_single-cell
RNF139,1.0,FALSE,1,0.0,0.0,1.0,0.549800290789505,1.0,0.0,Diverged_in_single-cell
RNF14,1.0,FALSE,0,0.0,1.0,1.0,1.0,1.0,0.0,Diverged_in_single-cell
RNF167,1.0,FALSE,1,0.0,1.0,1.0,0.49653924352919,1.0,0.0,Diverged_in_single-cell
RNF17,1.0,FALSE,1,0.0,1.0,1.0,1.0,1.0,0.0,Diverged_in_single-cell
RNF170,1.0,FALSE,1,0.0,0.0,1.0,1.0,1.0,0.0,Diverged_in_single-cell
RNF181,1.0,FALSE,1,0.0,1.0,1.0,0.862484400397356,1.0,0.0,Diverged_in_single-cell
RNF20,1.0,FALSE,0,0.0,1.0,1.0,0.811221094259801,1.0,0.0,Diverged_in_single-cell
RNF219,1.0,FALSE,0,0.0,1.0,1.0,,,0.0,Diverged_in_single-cell
RNF25,1.0,FALSE,0,0.0,1.0,1.0,0.72568575656584,1.0,0.0,Diverged_in_single-cell
RNF26,1.0,FALSE,1,0.0,1.0,1.0,1.0,1.0,0.0,Diverged_in_single-cell
RNF43,1.0,FALSE,0,0.0,1.0,1.0,0.0161437633569464,0.138153407313085,0.0,Diverged_in_single-cell
RNF5,1.0,FALSE,0,0.0,1.0,1.0,1.06e-05,1.0,0.0,Diverged_in_single-cell
RNF8,1.0,FALSE,0,0.0,1.0,1.0,0.970782079545028,1.0,0.0,Diverged_in_single-cell
RNPEPL1,1.0,FALSE,0,0.0,1.0,1.0,1.0,1.0,0.0,Diverged_in_single-cell
ROBO2,1.0,FALSE,0,0.0,1.0,1.0,0.516437235717352,1.0,0.0,Diverged_in_single-cell
ROBO4,1.0,FALSE,1,0.0,0.0,1.0,0.691546644597406,1.0,0.0,Diverged_in_single-cell
ROMO1,1.0,FALSE,1,0.0,0.0,1.0,0.652674009602889,1.0,0.0,Diverged_in_single-cell
ROPN1L,1.0,FALSE,0,0.0,1.0,1.0,0.475693795142414,1.0,0.0,Diverged_in_single-cell
ROS1,1.0,FALSE,0,1.0,1.0,1.0,1.0,1.0,0.0,Diverged_in_single-cell
RP1,1.0,FALSE,1,0.0,0.0,1.0,1.0,1.0,0.0,Diverged_in_single-cell
RP1L1,1.0,FALSE,0,0.0,1.0,1.0,0.746665368000511,0.373089817264289,0.0,Diverged_in_single-cell
RPA2,1.0,FALSE,1,0.0,0.0,1.0,0.247405218089307,1.0,0.0,Diverged_in_single-cell
RPA3,1.0,FALSE,0,0.0,1.0,1.0,0.136844439058465,1.0,0.0,Diverged_in_single-cell
RPF2,1.0,FALSE,0,0.0,1.0,1.0,1.0,1.0,0.0,Diverged_in_single-cell
RPGRIP1,1.0,FALSE,1,0.0,0.0,1.0,0.590195007214723,1.0,0.0,Diverged_in_single-cell
RPIA,1.0,FALSE,1,1.0,0.0,1.0,1.0,1.0,0.0,Diverged_in_single-cell
RPL12,1.0,FALSE,0,1.0,0.0,1.0,1.0,1.0,0.0,Diverged_in_single-cell
RPL17,1.0,FALSE,0,0.0,1.0,1.0,1.67e-05,1.0,0.0,Diverged_in_single-cell
RPL21,1.0,FALSE,0,0.0,1.0,1.0,1.0,1.0,0.0,Diverged_in_single-cell
RPL22,1.0,FALSE,0,0.0,1.0,1.0,1.0,1.0,0.0,Diverged_in_single-cell
RPL22L1,1.0,FALSE,0,0.0,1.0,1.0,1.0,1.0,0.0,Diverged_in_single-cell
RPL23A,1.0,FALSE,0,0.0,1.0,1.0,1.0,1.0,0.0,Diverged_in_single-cell
RPL26,1.0,FALSE,0,1.0,0.0,1.0,1.0,1.0,0.0,Diverged_in_single-cell
RPL26L1,1.0,FALSE,1,0.0,0.0,1.0,0.507764956704501,1.0,0.0,Diverged_in_single-cell
RPL31,1.0,FALSE,0,1.0,0.0,1.0,1.0,1.0,0.0,Diverged_in_single-cell
RPL37,1.0,FALSE,0,1.0,0.0,1.0,1.0,1.0,0.0,Diverged_in_single-cell
RPL39,1.0,FALSE,0,1.0,0.0,1.0,1.0,1.0,0.0,Diverged_in_single-cell
RPL7,1.0,FALSE,1,1.0,0.0,1.0,1.0,1.0,0.0,Diverged_in_single-cell
RPL7L1,1.0,FALSE,1,1.0,0.0,1.0,1.0,1.0,0.0,Diverged_in_single-cell
RPL9,1.0,FALSE,0,1.0,0.0,1.0,1.0,1.0,0.0,Diverged_in_single-cell
RPN1,1.0,FALSE,0,0.0,1.0,1.0,0.523740831719302,1.0,0.0,Diverged_in_single-cell
RPP14,1.0,FALSE,0,0.0,1.0,1.0,1.0,1.0,0.0,Diverged_in_single-cell
RPP21,1.0,FALSE,1,1.0,0.0,1.0,0.972169734482925,1.0,0.0,Diverged_in_single-cell
RPP30,1.0,FALSE,0,0.0,1.0,1.0,0.958260302642452,1.0,0.0,Diverged_in_single-cell
RPP40,1.0,FALSE,0,0.0,1.0,1.0,1.0,1.0,0.0,Diverged_in_single-cell
RPS10,1.0,FALSE,0,1.0,1.0,1.0,0.025377211630769,0.0959508479225952,0.0,Diverged_in_single-cell
RPS19BP1,1.0,FALSE,0,0.0,1.0,1.0,1.0,1.0,0.0,Diverged_in_single-cell
RPS20,1.0,FALSE,0,1.0,0.0,1.0,1.0,1.0,0.0,Diverged_in_single-cell
RPS21,1.0,FALSE,0,1.0,0.0,1.0,1.0,1.0,0.0,Diverged_in_single-cell
RPS26,1.0,FALSE,1,0.0,1.0,1.0,0.922252602587558,1.0,0.0,Diverged_in_single-cell
RPS6KA2,1.0,FALSE,0,0.0,1.0,1.0,0.609691044110069,1.0,0.0,Diverged_in_single-cell
RPS6KL1,1.0,FALSE,0,0.0,1.0,1.0,0.604047092757995,1.0,0.0,Diverged_in_single-cell
RPUSD2,1.0,FALSE,0,0.0,1.0,1.0,0.799430745564881,1.0,0.0,Diverged_in_single-cell
RRAGB,1.0,FALSE,0,0.0,1.0,1.0,1.0,1.0,0.0,Diverged_in_single-cell
RRAGC,1.0,FALSE,0,0.0,1.0,1.0,1.0,1.0,0.0,Diverged_in_single-cell
RRM1,1.0,FALSE,1,0.0,0.0,1.0,1.0,1.0,0.0,Diverged_in_single-cell
RRM2,1.0,FALSE,0,0.0,1.0,1.0,1.0,1.0,0.0,Diverged_in_single-cell
RRP1,1.0,FALSE,0,0.0,1.0,1.0,1.0,1.0,0.0,Diverged_in_single-cell
RRP36,1.0,FALSE,1,1.0,1.0,1.0,1.0,1.0,0.0,Diverged_in_single-cell
RRP7A,1.0,FALSE,0,1.0,0.0,1.0,1.0,1.0,0.0,Diverged_in_single-cell
RRP9,1.0,FALSE,0,0.0,1.0,1.0,0.174032655763099,1.0,0.0,Diverged_in_single-cell
RRS1,1.0,FALSE,1,0.0,0.0,1.0,1.0,1.0,0.0,Diverged_in_single-cell
RS1,1.0,FALSE,0,1.0,0.0,1.0,0.170243893052,0.20410971210426,0.0,Diverged_in_single-cell
RSPH4A,1.0,FALSE,0,1.0,0.0,1.0,0.705519296690116,1.0,0.0,Diverged_in_single-cell
RSPH6A,1.0,FALSE,0,0.0,1.0,1.0,1.0,1.0,0.0,Diverged_in_single-cell
RSPO3,1.0,FALSE,0,0.0,1.0,1.0,0.337587865126108,1.0,0.0,Diverged_in_single-cell
RTBDN,1.0,FALSE,0,0.0,1.0,1.0,1.0,1.0,0.0,Diverged_in_single-cell
RTCA,1.0,FALSE,0,0.0,1.0,1.0,0.78071949573955,1.0,0.0,Diverged_in_single-cell
RTEL1,1.0,FALSE,1,0.0,1.0,1.0,0.0004262502354561,1.0,0.0,Diverged_in_single-cell
RUNDC3A,1.0,FALSE,0,0.0,1.0,1.0,1.0,1.0,0.0,Diverged_in_single-cell
RUVBL2,1.0,FALSE,0,0.0,1.0,1.0,0.0019326483874628,1.0,0.0,Diverged_in_single-cell
RWDD1,1.0,FALSE,0,1.0,1.0,1.0,0.21864807361424,1.0,0.0,Diverged_in_single-cell
RWDD2B,1.0,FALSE,0,0.0,1.0,1.0,0.549800290789505,1.0,0.0,Diverged_in_single-cell
RWDD4,1.0,FALSE,0,0.0,1.0,1.0,1.0,1.0,0.0,Diverged_in_single-cell
RXFP2,1.0,FALSE,0,0.0,1.0,1.0,0.0804448950049297,1.0,0.0,Diverged_in_single-cell
RXRB,1.0,FALSE,0,0.0,1.0,1.0,8.26e-06,0.0020975071269819,1.0,Diverged_in_both
S100A13,1.0,FALSE,0,1.0,0.0,1.0,1.0,1.0,0.0,Diverged_in_single-cell
S100A16,1.0,FALSE,1,1.0,0.0,1.0,0.905335908400982,1.0,0.0,Diverged_in_single-cell
S1PR1,1.0,FALSE,1,0.0,0.0,1.0,0.771539449197757,1.0,0.0,Diverged_in_single-cell
SAC3D1,1.0,FALSE,0,0.0,1.0,1.0,1.0,1.0,0.0,Diverged_in_single-cell
SAG,1.0,FALSE,0,0.0,1.0,1.0,0.0551863241825608,1.0,0.0,Diverged_in_single-cell
SALL3,1.0,FALSE,1,0.0,0.0,1.0,0.144744932014077,1.0,0.0,Diverged_in_single-cell
SAMD1,1.0,FALSE,0,1.0,1.0,1.0,0.285510414550891,1.0,0.0,Diverged_in_single-cell
SAMD10,1.0,FALSE,0,1.0,1.0,1.0,1.0,1.0,0.0,Diverged_in_single-cell
SAMD3,1.0,FALSE,0,0.0,1.0,1.0,0.0310004073539653,1.0,0.0,Diverged_in_single-cell
SAMD7,1.0,FALSE,0,0.0,1.0,1.0,1.0,1.0,0.0,Diverged_in_single-cell
SAMD9L,1.0,FALSE,1,0.0,0.0,1.0,0.0323717157866405,1.0,0.0,Diverged_in_single-cell
SAP130,1.0,FALSE,0,0.0,1.0,1.0,0.162858235704099,1.0,0.0,Diverged_in_single-cell
SARM1,1.0,FALSE,0,0.0,1.0,1.0,0.549800290789505,1.0,0.0,Diverged_in_single-cell
SARNP,1.0,FALSE,0,1.0,0.0,1.0,6.58e-08,8.16e-06,1.0,Diverged_in_both
SART1,1.0,FALSE,0,0.0,1.0,1.0,0.657266806560251,1.0,0.0,Diverged_in_single-cell
SASH3,1.0,FALSE,0,1.0,0.0,1.0,0.72568575656584,1.0,0.0,Diverged_in_single-cell
SATL1,1.0,FALSE,1,0.0,0.0,1.0,1.0,1.0,0.0,Diverged_in_single-cell
SAXO1,1.0,FALSE,0,1.0,0.0,1.0,1.0,1.0,0.0,Diverged_in_single-cell
SBF1,1.0,FALSE,1,0.0,0.0,1.0,1.0,1.0,0.0,Diverged_in_single-cell
SBK2,1.0,FALSE,1,0.0,1.0,1.0,1.0,1.0,0.0,Diverged_in_single-cell
SBSN,1.0,FALSE,1,0.0,0.0,1.0,,,0.0,Diverged_in_single-cell
SBSPON,1.0,FALSE,0,1.0,1.0,1.0,0.0149515391155559,1.0,0.0,Diverged_in_single-cell
SC5D,1.0,FALSE,1,0.0,0.0,1.0,0.0510408247772059,1.0,0.0,Diverged_in_single-cell
SCAF4,1.0,FALSE,1,1.0,0.0,1.0,0.968844621819293,1.0,0.0,Diverged_in_single-cell
SCAMP3,1.0,FALSE,0,0.0,1.0,1.0,0.0114750972346034,1.0,0.0,Diverged_in_single-cell
SCARA5,1.0,FALSE,0,0.0,1.0,1.0,0.0032492607454196,1.0,0.0,Diverged_in_single-cell
SCARF1,1.0,FALSE,1,0.0,0.0,1.0,3.79e-05,1.0,0.0,Diverged_in_single-cell
SCGN,1.0,FALSE,1,0.0,1.0,1.0,1.0,1.0,0.0,Diverged_in_single-cell
SCIN,1.0,FALSE,1,0.0,0.0,1.0,0.410200386168275,1.0,0.0,Diverged_in_single-cell
SCLY,1.0,FALSE,1,0.0,1.0,1.0,0.0004895754357282,0.587512026019721,0.0,Diverged_in_single-cell
SCML4,1.0,FALSE,0,0.0,1.0,1.0,1.0,1.0,0.0,Diverged_in_single-cell
SCN10A,1.0,FALSE,0,1.0,0.0,1.0,1.0,1.0,0.0,Diverged_in_single-cell
SCN11A,1.0,FALSE,0,0.0,1.0,1.0,1.0,1.0,0.0,Diverged_in_single-cell
SCN2B,1.0,FALSE,0,0.0,1.0,1.0,1.0,1.0,0.0,Diverged_in_single-cell
SCN4B,1.0,FALSE,0,0.0,1.0,1.0,0.0057584744463114,1.0,0.0,Diverged_in_single-cell
SCNM1,1.0,FALSE,1,0.0,1.0,1.0,1.0,1.0,0.0,Diverged_in_single-cell
SCNN1A,1.0,FALSE,0,1.0,0.0,1.0,1.0,1.0,0.0,Diverged_in_single-cell
SCYL3,1.0,FALSE,0,0.0,1.0,1.0,0.267735146499456,1.0,0.0,Diverged_in_single-cell
SDAD1,1.0,FALSE,0,1.0,0.0,1.0,1.0,1.0,0.0,Diverged_in_single-cell
SDC4,1.0,FALSE,1,0.0,0.0,1.0,1.0,1.0,0.0,Diverged_in_single-cell
SDCBP2,1.0,FALSE,0,1.0,0.0,1.0,0.881491124784025,1.0,0.0,Diverged_in_single-cell
SDE2,1.0,FALSE,0,1.0,0.0,1.0,0.0929331475331655,1.0,0.0,Diverged_in_single-cell
SDF2,1.0,FALSE,1,0.0,1.0,1.0,1.0,1.0,0.0,Diverged_in_single-cell
SDF4,1.0,FALSE,1,1.0,1.0,1.0,0.259229157407262,1.0,0.0,Diverged_in_single-cell
SDHAF1,1.0,FALSE,0,0.0,1.0,1.0,1.0,1.0,0.0,Diverged_in_single-cell
SDHAF4,1.0,FALSE,1,0.0,0.0,1.0,1.0,1.0,0.0,Diverged_in_single-cell
SDHD,1.0,FALSE,0,0.0,1.0,1.0,0.540936769336531,1.0,0.0,Diverged_in_single-cell
SDR39U1,1.0,FALSE,0,0.0,1.0,1.0,0.762989515430301,1.0,0.0,Diverged_in_single-cell
SDS,1.0,FALSE,1,1.0,0.0,1.0,0.110929910477599,1.0,0.0,Diverged_in_single-cell
SEC16A,1.0,FALSE,1,0.0,0.0,1.0,1.0,1.0,0.0,Diverged_in_single-cell
SEC22B,1.0,FALSE,1,0.0,0.0,1.0,1.0,1.0,0.0,Diverged_in_single-cell
SEC23IP,1.0,FALSE,0,0.0,1.0,1.0,0.376181488228228,1.0,0.0,Diverged_in_single-cell
SEC24A,1.0,FALSE,0,0.0,1.0,1.0,0.87342930818106,1.0,0.0,Diverged_in_single-cell
SEC24C,1.0,FALSE,1,0.0,0.0,1.0,0.87342930818106,1.0,0.0,Diverged_in_single-cell
SELP,1.0,FALSE,0,0.0,1.0,1.0,1.0,1.0,0.0,Diverged_in_single-cell
SEMA4F,1.0,FALSE,1,0.0,1.0,1.0,1.0,1.0,0.0,Diverged_in_single-cell
SENP3,1.0,FALSE,1,1.0,0.0,1.0,0.0094287992077963,1.0,0.0,Diverged_in_single-cell
SERF2,1.0,FALSE,1,0.0,0.0,1.0,1.0,1.0,0.0,Diverged_in_single-cell
SERINC4,1.0,FALSE,0,1.0,0.0,1.0,0.0130931975576379,0.146700093798058,0.0,Diverged_in_single-cell
SERP1,1.0,FALSE,0,0.0,1.0,1.0,0.0009966093488994,1.0,0.0,Diverged_in_single-cell
SERPINC1,1.0,FALSE,0,1.0,1.0,1.0,0.399309837864394,1.0,0.0,Diverged_in_single-cell
SERPIND1,1.0,FALSE,0,1.0,0.0,1.0,0.434285351575622,1.0,0.0,Diverged_in_single-cell
SERPINH1,1.0,FALSE,0,1.0,0.0,1.0,2.62e-05,1.0,0.0,Diverged_in_single-cell
SF3A1,1.0,FALSE,1,1.0,0.0,1.0,1.0,1.0,0.0,Diverged_in_single-cell
SF3B1,1.0,FALSE,1,0.0,0.0,1.0,0.109279965007015,1.0,0.0,Diverged_in_single-cell
SF3B4,1.0,FALSE,0,0.0,1.0,1.0,0.648736086982471,1.0,0.0,Diverged_in_single-cell
SF3B5,1.0,FALSE,0,0.0,1.0,1.0,1.0,1.0,0.0,Diverged_in_single-cell
SF3B6,1.0,FALSE,1,1.0,1.0,1.0,0.100544717850254,1.0,0.0,Diverged_in_single-cell
SFT2D3,1.0,FALSE,1,0.0,1.0,1.0,5.44e-06,0.0023741835936674,1.0,Diverged_in_both
SGCB,1.0,FALSE,1,0.0,0.0,1.0,0.434922574149419,1.0,0.0,Diverged_in_single-cell
SGCG,1.0,FALSE,0,0.0,1.0,1.0,0.0006770921899913,0.019338693010981,1.0,Diverged_in_both
SGMS2,1.0,FALSE,0,0.0,1.0,1.0,1.0,1.0,0.0,Diverged_in_single-cell
SGPP1,1.0,FALSE,1,0.0,0.0,1.0,1.94e-05,0.0163453076279621,1.0,Diverged_in_both
SGSM3,1.0,FALSE,0,0.0,1.0,1.0,0.003862077911703,1.0,0.0,Diverged_in_single-cell
SH3BP5L,1.0,FALSE,0,0.0,1.0,1.0,0.900169843553097,1.0,0.0,Diverged_in_single-cell
SH3GLB2,1.0,FALSE,0,0.0,1.0,1.0,1.0,1.0,0.0,Diverged_in_single-cell
SH3TC1,1.0,FALSE,1,0.0,0.0,1.0,1.0,1.0,0.0,Diverged_in_single-cell
SH3YL1,1.0,FALSE,0,0.0,1.0,1.0,0.549800290789505,1.0,0.0,Diverged_in_single-cell
SHBG,1.0,FALSE,0,1.0,0.0,1.0,0.665080594419743,1.0,0.0,Diverged_in_single-cell
SHCBP1L,1.0,FALSE,1,1.0,0.0,1.0,1.0,1.0,0.0,Diverged_in_single-cell
SHE,1.0,FALSE,1,0.0,0.0,1.0,0.698935971692484,1.0,0.0,Diverged_in_single-cell
SHISA2,1.0,FALSE,0,0.0,1.0,1.0,0.815784866094355,1.0,0.0,Diverged_in_single-cell
SHISA8,1.0,FALSE,0,0.0,1.0,1.0,1.0,1.0,0.0,Diverged_in_single-cell
SHPK,1.0,FALSE,0,1.0,0.0,1.0,0.0009153763214117,1.0,0.0,Diverged_in_single-cell
SIAH2,1.0,FALSE,0,0.0,1.0,1.0,1.0,1.0,0.0,Diverged_in_single-cell
SIAH3,1.0,FALSE,0,0.0,1.0,1.0,1.0,1.0,0.0,Diverged_in_single-cell
SIDT2,1.0,FALSE,0,0.0,1.0,1.0,1.0,1.0,0.0,Diverged_in_single-cell
SIGLEC1,1.0,FALSE,1,0.0,0.0,1.0,1.0,1.0,0.0,Diverged_in_single-cell
SIGMAR1,1.0,FALSE,0,0.0,1.0,1.0,0.131063476420282,1.0,0.0,Diverged_in_single-cell
SIK1,1.0,FALSE,1,1.0,0.0,1.0,1.0,1.0,0.0,Diverged_in_single-cell
SIM1,1.0,FALSE,0,1.0,0.0,1.0,0.303898426405489,1.0,0.0,Diverged_in_single-cell
SIM2,1.0,FALSE,0,1.0,0.0,1.0,0.0002537744859216,0.0001413005927731,1.0,Diverged_in_both
SIPA1,1.0,FALSE,1,1.0,0.0,1.0,1.0,1.0,0.0,Diverged_in_single-cell
SIRPB2,1.0,FALSE,1,1.0,0.0,1.0,1.0,1.0,0.0,Diverged_in_single-cell
SIRT1,1.0,FALSE,1,0.0,0.0,1.0,1.0,1.0,0.0,Diverged_in_single-cell
SKA3,1.0,FALSE,1,1.0,0.0,1.0,1.0,1.0,0.0,Diverged_in_single-cell
SLA2,1.0,FALSE,1,1.0,0.0,1.0,1.0,1.0,0.0,Diverged_in_single-cell
SLBP,1.0,FALSE,0,1.0,1.0,1.0,0.664755586110866,1.0,0.0,Diverged_in_single-cell
SLC10A1,1.0,FALSE,0,0.0,1.0,1.0,0.601102354159906,1.0,0.0,Diverged_in_single-cell
SLC10A3,1.0,FALSE,0,0.0,1.0,1.0,0.998449929004795,1.0,0.0,Diverged_in_single-cell
SLC10A5,1.0,FALSE,0,1.0,0.0,1.0,,,0.0,Diverged_in_single-cell
SLC10A7,1.0,FALSE,0,0.0,1.0,1.0,1.0,1.0,0.0,Diverged_in_single-cell
SLC13A1,1.0,FALSE,0,0.0,1.0,1.0,1.0,1.0,0.0,Diverged_in_single-cell
SLC13A5,1.0,FALSE,0,1.0,0.0,1.0,0.662777204320715,1.0,0.0,Diverged_in_single-cell
SLC15A1,1.0,FALSE,1,0.0,1.0,1.0,1.0,1.0,0.0,Diverged_in_single-cell
SLC16A4,1.0,FALSE,0,1.0,0.0,1.0,0.742708546069998,1.0,0.0,Diverged_in_single-cell
SLC16A8,1.0,FALSE,1,0.0,0.0,1.0,1.0,1.0,0.0,Diverged_in_single-cell
SLC17A1,1.0,FALSE,0,1.0,1.0,1.0,0.0061513174362838,1.0,0.0,Diverged_in_single-cell
SLC17A2,1.0,FALSE,1,1.0,0.0,1.0,1.0,1.0,0.0,Diverged_in_single-cell
SLC17A3,1.0,FALSE,1,1.0,1.0,1.0,0.0007965944697993,1.0,0.0,Diverged_in_single-cell
SLC17A6,1.0,FALSE,0,1.0,0.0,1.0,1.0,1.0,0.0,Diverged_in_single-cell
SLC17A9,1.0,FALSE,0,1.0,0.0,1.0,1.0,1.0,0.0,Diverged_in_single-cell
SLC18A1,1.0,FALSE,1,1.0,0.0,1.0,0.806368642148706,1.0,0.0,Diverged_in_single-cell
SLC18A2,1.0,FALSE,0,0.0,1.0,1.0,1.0,1.0,0.0,Diverged_in_single-cell
SLC1A3,1.0,FALSE,1,0.0,0.0,1.0,0.676836813336929,1.0,0.0,Diverged_in_single-cell
SLC1A5,1.0,FALSE,1,1.0,0.0,1.0,1.0,1.0,0.0,Diverged_in_single-cell
SLC22A3,1.0,FALSE,1,0.0,0.0,1.0,0.736017561629028,1.0,0.0,Diverged_in_single-cell
SLC22A7,1.0,FALSE,0,1.0,0.0,1.0,1.0,1.0,0.0,Diverged_in_single-cell
SLC22A8,1.0,FALSE,0,0.0,1.0,1.0,1.0,1.0,0.0,Diverged_in_single-cell
SLC23A1,1.0,FALSE,0,0.0,1.0,1.0,0.188126079155942,1.0,0.0,Diverged_in_single-cell
SLC23A3,1.0,FALSE,0,1.0,1.0,1.0,1.0,1.0,0.0,Diverged_in_single-cell
SLC24A1,1.0,FALSE,0,1.0,0.0,1.0,1.0,1.0,0.0,Diverged_in_single-cell
SLC24A5,1.0,FALSE,0,1.0,0.0,1.0,1.0,1.0,0.0,Diverged_in_single-cell
SLC25A17,1.0,FALSE,0,0.0,1.0,1.0,1.0,1.0,0.0,Diverged_in_single-cell
SLC25A28,1.0,FALSE,0,1.0,0.0,1.0,1.0,1.0,0.0,Diverged_in_single-cell
SLC25A30,1.0,FALSE,0,1.0,0.0,1.0,0.736017561629028,1.0,0.0,Diverged_in_single-cell
SLC25A31,1.0,FALSE,0,1.0,0.0,1.0,,,0.0,Diverged_in_single-cell
SLC25A36,1.0,FALSE,0,0.0,1.0,1.0,1.0,1.0,0.0,Diverged_in_single-cell
SLC25A48,1.0,FALSE,1,0.0,0.0,1.0,0.85809401926313,1.0,0.0,Diverged_in_single-cell
SLC25A5,1.0,FALSE,0,0.0,1.0,1.0,1.0,1.0,0.0,Diverged_in_single-cell
SLC25A51,1.0,FALSE,0,0.0,1.0,1.0,0.676836813336929,1.0,0.0,Diverged_in_single-cell
SLC25A53,1.0,FALSE,0,1.0,0.0,1.0,,,0.0,Diverged_in_single-cell
SLC26A3,1.0,FALSE,1,1.0,1.0,1.0,1.0,1.0,0.0,Diverged_in_single-cell
SLC26A5,1.0,FALSE,0,0.0,1.0,1.0,0.893783225198146,1.0,0.0,Diverged_in_single-cell
SLC26A7,1.0,FALSE,0,0.0,1.0,1.0,1.0,1.0,0.0,Diverged_in_single-cell
SLC27A2,1.0,FALSE,0,0.0,1.0,1.0,0.0281060857665698,0.702062845711864,0.0,Diverged_in_single-cell
SLC28A1,1.0,FALSE,0,0.0,1.0,1.0,1.0,1.0,0.0,Diverged_in_single-cell
SLC28A2,1.0,FALSE,0,1.0,0.0,1.0,0.172376404906466,0.0858609427100893,0.0,Diverged_in_single-cell
SLC28A3,1.0,FALSE,1,0.0,0.0,1.0,0.146389090711934,1.0,0.0,Diverged_in_single-cell
SLC2A2,1.0,FALSE,0,1.0,0.0,1.0,1.0,1.0,0.0,Diverged_in_single-cell
SLC2A8,1.0,FALSE,0,0.0,1.0,1.0,0.916805233034392,1.0,0.0,Diverged_in_single-cell
SLC30A5,1.0,FALSE,0,0.0,1.0,1.0,0.0161437633569464,1.0,0.0,Diverged_in_single-cell
SLC30A7,1.0,FALSE,0,1.0,0.0,1.0,1.0,1.0,0.0,Diverged_in_single-cell
SLC30A8,1.0,FALSE,0,0.0,1.0,1.0,0.0004683755116543,0.0053521245283259,1.0,Diverged_in_both
SLC31A2,1.0,FALSE,1,0.0,0.0,1.0,0.0090888787557372,1.0,0.0,Diverged_in_single-cell
SLC32A1,1.0,FALSE,0,0.0,1.0,1.0,1.0,1.0,0.0,Diverged_in_single-cell
SLC35A2,1.0,FALSE,0,0.0,1.0,1.0,1.0,1.0,0.0,Diverged_in_single-cell
SLC35A4,1.0,FALSE,0,0.0,1.0,1.0,1.0,1.0,0.0,Diverged_in_single-cell
SLC35C1,1.0,FALSE,1,0.0,1.0,1.0,1.0,1.0,0.0,Diverged_in_single-cell
SLC35E1,1.0,FALSE,0,1.0,0.0,1.0,0.941255465555969,1.0,0.0,Diverged_in_single-cell
SLC35E2B,1.0,FALSE,0,0.0,1.0,1.0,1.0,1.0,0.0,Diverged_in_single-cell
SLC38A11,1.0,FALSE,0,1.0,0.0,1.0,1.0,1.0,0.0,Diverged_in_single-cell
SLC38A3,1.0,FALSE,1,0.0,0.0,1.0,1.0,1.0,0.0,Diverged_in_single-cell
SLC38A4,1.0,FALSE,0,0.0,1.0,1.0,0.645162448952797,1.0,0.0,Diverged_in_single-cell
SLC38A5,1.0,FALSE,1,0.0,0.0,1.0,0.75491203019753,1.0,0.0,Diverged_in_single-cell
SLC39A1,1.0,FALSE,0,0.0,1.0,1.0,0.469886449477786,1.0,0.0,Diverged_in_single-cell
SLC39A14,1.0,FALSE,0,0.0,1.0,1.0,1.0,1.0,0.0,Diverged_in_single-cell
SLC39A3,1.0,FALSE,0,1.0,1.0,1.0,1.0,1.0,0.0,Diverged_in_single-cell
SLC39A4,1.0,FALSE,0,0.0,1.0,1.0,0.0144894679599539,1.0,0.0,Diverged_in_single-cell
SLC39A7,1.0,FALSE,0,1.0,1.0,1.0,8.26e-06,0.0001651517261661,1.0,Diverged_in_both
SLC39A8,1.0,FALSE,0,1.0,0.0,1.0,0.0722330771497585,1.0,0.0,Diverged_in_single-cell
SLC39A9,1.0,FALSE,0,0.0,1.0,1.0,0.542691724973343,1.0,0.0,Diverged_in_single-cell
SLC43A3,1.0,FALSE,1,0.0,0.0,1.0,1.0,1.0,0.0,Diverged_in_single-cell
SLC45A3,1.0,FALSE,1,0.0,0.0,1.0,1.0,1.0,0.0,Diverged_in_single-cell
SLC47A2,1.0,FALSE,0,1.0,0.0,1.0,0.389373980161116,1.0,0.0,Diverged_in_single-cell
SLC4A1AP,1.0,FALSE,0,0.0,1.0,1.0,1.0,1.0,0.0,Diverged_in_single-cell
SLC52A2,1.0,FALSE,1,0.0,0.0,1.0,1.79e-05,0.0010169715061651,1.0,Diverged_in_both
SLC5A1,1.0,FALSE,0,0.0,1.0,1.0,0.424897744639159,1.0,0.0,Diverged_in_single-cell
SLC5A10,1.0,FALSE,0,0.0,1.0,1.0,0.762989515430301,1.0,0.0,Diverged_in_single-cell
SLC5A4,1.0,FALSE,0,0.0,1.0,1.0,0.0717414762873639,0.0119325770784708,0.0,Diverged_in_single-cell
SLC5A5,1.0,FALSE,0,1.0,1.0,1.0,3.52e-05,1.0,0.0,Diverged_in_single-cell
SLC6A12,1.0,FALSE,1,0.0,0.0,1.0,0.780454518565796,1.0,0.0,Diverged_in_single-cell
SLC6A16,1.0,FALSE,0,0.0,1.0,1.0,,,0.0,Diverged_in_single-cell
SLC6A20,1.0,FALSE,0,0.0,1.0,1.0,1.0,1.0,0.0,Diverged_in_single-cell
SLC6A3,1.0,FALSE,0,1.0,0.0,1.0,0.51887369624393,1.0,0.0,Diverged_in_single-cell
SLC6A4,1.0,FALSE,0,0.0,1.0,1.0,0.941866861269451,1.0,0.0,Diverged_in_single-cell
SLC7A10,1.0,FALSE,1,1.0,0.0,1.0,0.0754843682614896,1.0,0.0,Diverged_in_single-cell
SLC7A7,1.0,FALSE,1,0.0,0.0,1.0,1.0,1.0,0.0,Diverged_in_single-cell
SLC7A9,1.0,FALSE,0,0.0,1.0,1.0,1.0,1.0,0.0,Diverged_in_single-cell
SLC9A3,1.0,FALSE,0,0.0,1.0,1.0,1.0,1.0,0.0,Diverged_in_single-cell
SLC9A4,1.0,FALSE,1,0.0,0.0,1.0,1.0,1.0,0.0,Diverged_in_single-cell
SLC9A6,1.0,FALSE,0,0.0,1.0,1.0,0.542691724973343,1.0,0.0,Diverged_in_single-cell
SLCO4C1,1.0,FALSE,0,0.0,1.0,1.0,1.0,1.0,0.0,Diverged_in_single-cell
SLCO6A1,1.0,FALSE,0,0.0,1.0,1.0,1.0,1.0,0.0,Diverged_in_single-cell
SLFNL1,1.0,FALSE,1,0.0,0.0,1.0,,,0.0,Diverged_in_single-cell
SLIRP,1.0,FALSE,0,0.0,1.0,1.0,1.0,1.0,0.0,Diverged_in_single-cell
SMAD6,1.0,FALSE,1,0.0,0.0,1.0,1.0,1.0,0.0,Diverged_in_single-cell
SMARCB1,1.0,FALSE,1,0.0,0.0,1.0,0.0254154054065456,1.0,0.0,Diverged_in_single-cell
SMARCE1,1.0,FALSE,0,0.0,1.0,1.0,5.44e-06,2.49e-06,1.0,Diverged_in_both
SMC1B,1.0,FALSE,0,0.0,1.0,1.0,1.0,1.0,0.0,Diverged_in_single-cell
SMC2,1.0,FALSE,1,0.0,0.0,1.0,0.234803717969053,1.0,0.0,Diverged_in_single-cell
SMCO3,1.0,FALSE,1,0.0,0.0,1.0,0.97812761128904,1.0,0.0,Diverged_in_single-cell
SMDT1,1.0,FALSE,0,0.0,1.0,1.0,0.147746790898305,0.164980793242816,0.0,Diverged_in_single-cell
SMG8,1.0,FALSE,1,1.0,1.0,1.0,0.784609554985984,1.0,0.0,Diverged_in_single-cell
SMIM15,1.0,FALSE,1,1.0,0.0,1.0,1.0,1.0,0.0,Diverged_in_single-cell
SMIM2,1.0,FALSE,0,0.0,1.0,1.0,,,0.0,Diverged_in_single-cell
SMIM7,1.0,FALSE,0,0.0,1.0,1.0,0.771925654166228,1.0,0.0,Diverged_in_single-cell
SMLR1,1.0,FALSE,0,0.0,1.0,1.0,,,0.0,Diverged_in_single-cell
SMNDC1,1.0,FALSE,1,0.0,0.0,1.0,0.234070378081903,1.0,0.0,Diverged_in_single-cell
SMOC2,1.0,FALSE,0,1.0,0.0,1.0,1.0,1.0,0.0,Diverged_in_single-cell
SMPDL3B,1.0,FALSE,0,1.0,1.0,1.0,1.0,1.0,0.0,Diverged_in_single-cell
SMTNL1,1.0,FALSE,0,0.0,1.0,1.0,0.160393103399553,1.0,0.0,Diverged_in_single-cell
SMU1,1.0,FALSE,0,0.0,1.0,1.0,1.0,1.0,0.0,Diverged_in_single-cell
SMUG1,1.0,FALSE,0,0.0,1.0,1.0,0.98375463864335,1.0,0.0,Diverged_in_single-cell
SNAI1,1.0,FALSE,1,1.0,0.0,1.0,1.0,1.0,0.0,Diverged_in_single-cell
SNAP47,1.0,FALSE,0,0.0,1.0,1.0,1.0,1.0,0.0,Diverged_in_single-cell
SNAPC2,1.0,FALSE,0,0.0,1.0,1.0,0.819343402416686,1.0,0.0,Diverged_in_single-cell
SNAPC5,1.0,FALSE,0,1.0,1.0,1.0,1.0,1.0,0.0,Diverged_in_single-cell
SNAPIN,1.0,FALSE,1,0.0,1.0,1.0,0.382163753659082,1.0,0.0,Diverged_in_single-cell
SNIP1,1.0,FALSE,0,0.0,1.0,1.0,0.964282656598852,1.0,0.0,Diverged_in_single-cell
SNRNP27,1.0,FALSE,0,0.0,1.0,1.0,1.0,1.0,0.0,Diverged_in_single-cell
SNRNP40,1.0,FALSE,1,0.0,0.0,1.0,1.0,1.0,0.0,Diverged_in_single-cell
SNRPA1,1.0,FALSE,0,0.0,1.0,1.0,1.0,1.0,0.0,Diverged_in_single-cell
SNRPC,1.0,FALSE,0,0.0,1.0,1.0,0.826587629376222,1.0,0.0,Diverged_in_single-cell
SNRPD1,1.0,FALSE,1,0.0,0.0,1.0,0.101906894177573,1.0,0.0,Diverged_in_single-cell
SNRPD3,1.0,FALSE,1,0.0,0.0,1.0,0.299470615715436,1.0,0.0,Diverged_in_single-cell
SNRPE,1.0,FALSE,0,0.0,1.0,1.0,1.0,1.0,0.0,Diverged_in_single-cell
SNRPF,1.0,FALSE,1,1.0,1.0,1.0,0.973074118738002,1.0,0.0,Diverged_in_single-cell
SNRPG,1.0,FALSE,1,0.0,0.0,1.0,1.0,1.0,0.0,Diverged_in_single-cell
SNRPN,1.0,FALSE,0,1.0,1.0,1.0,1.0,1.0,0.0,Diverged_in_single-cell
SNTG2,1.0,FALSE,0,0.0,1.0,1.0,0.0385025349947386,0.060949127999116,0.0,Diverged_in_single-cell
SNUPN,1.0,FALSE,0,0.0,1.0,1.0,0.0981118631248549,1.0,0.0,Diverged_in_single-cell
SNW1,1.0,FALSE,0,0.0,1.0,1.0,0.542691724973343,1.0,0.0,Diverged_in_single-cell
SNX11,1.0,FALSE,1,0.0,0.0,1.0,1.0,1.0,0.0,Diverged_in_single-cell
SNX12,1.0,FALSE,1,1.0,0.0,1.0,0.502229604579631,1.0,0.0,Diverged_in_single-cell
SNX17,1.0,FALSE,0,1.0,1.0,1.0,0.0305270065704607,1.0,0.0,Diverged_in_single-cell
SNX32,1.0,FALSE,0,0.0,1.0,1.0,0.762989515430301,1.0,0.0,Diverged_in_single-cell
SNX33,1.0,FALSE,0,1.0,0.0,1.0,1.0,1.0,0.0,Diverged_in_single-cell
SNX5,1.0,FALSE,0,1.0,0.0,1.0,1.0,1.0,0.0,Diverged_in_single-cell
SOHLH1,1.0,FALSE,0,0.0,1.0,1.0,,,0.0,Diverged_in_single-cell
SOHLH2,1.0,FALSE,0,1.0,0.0,1.0,,,0.0,Diverged_in_single-cell
SOSTDC1,1.0,FALSE,0,0.0,1.0,1.0,0.0004767508573765,0.757778690269909,0.0,Diverged_in_single-cell
SOWAHC,1.0,FALSE,0,1.0,0.0,1.0,1.0,1.0,0.0,Diverged_in_single-cell
SOX1,1.0,FALSE,1,0.0,0.0,1.0,0.742184106294211,1.0,0.0,Diverged_in_single-cell
SOX10,1.0,FALSE,0,1.0,0.0,1.0,0.003859341702649,1.0,0.0,Diverged_in_single-cell
SOX12,1.0,FALSE,0,1.0,0.0,1.0,1.0,1.0,0.0,Diverged_in_single-cell
SOX2,1.0,FALSE,1,0.0,0.0,1.0,1.0,1.0,0.0,Diverged_in_single-cell
SOX21,1.0,FALSE,1,1.0,0.0,1.0,1.0,1.0,0.0,Diverged_in_single-cell
SP100,1.0,FALSE,1,0.0,0.0,1.0,1.0,1.0,0.0,Diverged_in_single-cell
SP7,1.0,FALSE,0,0.0,1.0,1.0,1.0,1.0,0.0,Diverged_in_single-cell
SP8,1.0,FALSE,1,0.0,0.0,1.0,1.0,1.0,0.0,Diverged_in_single-cell
SPA17,1.0,FALSE,0,0.0,1.0,1.0,5.44e-06,1.0,0.0,Diverged_in_single-cell
SPACA1,1.0,FALSE,0,0.0,1.0,1.0,1.0,1.0,0.0,Diverged_in_single-cell
SPACA5,1.0,FALSE,0,1.0,1.0,1.0,1.0,1.0,0.0,Diverged_in_single-cell
SPACA7,1.0,FALSE,0,1.0,1.0,1.0,,,0.0,Diverged_in_single-cell
SPAG16,1.0,FALSE,0,0.0,1.0,1.0,0.92782176570168,1.0,0.0,Diverged_in_single-cell
SPAG17,1.0,FALSE,0,0.0,1.0,1.0,0.065088998890637,1.0,0.0,Diverged_in_single-cell
SPAG4,1.0,FALSE,0,0.0,1.0,1.0,,,0.0,Diverged_in_single-cell
SPATA18,1.0,FALSE,0,0.0,1.0,1.0,0.0012801927889644,1.0,0.0,Diverged_in_single-cell
SPATA4,1.0,FALSE,0,1.0,0.0,1.0,1.0,1.0,0.0,Diverged_in_single-cell
SPATA7,1.0,FALSE,0,0.0,1.0,1.0,0.565832413798963,1.0,0.0,Diverged_in_single-cell
SPATC1L,1.0,FALSE,1,1.0,0.0,1.0,,,0.0,Diverged_in_single-cell
SPC24,1.0,FALSE,0,1.0,1.0,1.0,1.0,1.0,0.0,Diverged_in_single-cell
SPCS2,1.0,FALSE,0,0.0,1.0,1.0,1.0,1.0,0.0,Diverged_in_single-cell
SPCS3,1.0,FALSE,0,0.0,1.0,1.0,1.0,1.0,0.0,Diverged_in_single-cell
SPDEF,1.0,FALSE,0,1.0,0.0,1.0,0.905335908400982,1.0,0.0,Diverged_in_single-cell
SPEF1,1.0,FALSE,0,0.0,1.0,1.0,1.0,1.0,0.0,Diverged_in_single-cell
SPESP1,1.0,FALSE,0,1.0,0.0,1.0,,,0.0,Diverged_in_single-cell
SPG21,1.0,FALSE,0,0.0,1.0,1.0,1.0,1.0,0.0,Diverged_in_single-cell
SPHK2,1.0,FALSE,0,0.0,1.0,1.0,1.0,1.0,0.0,Diverged_in_single-cell
SPIN3,1.0,FALSE,0,1.0,0.0,1.0,0.13205811525606,1.0,0.0,Diverged_in_single-cell
SPINK2,1.0,FALSE,1,0.0,0.0,1.0,1.0,1.0,0.0,Diverged_in_single-cell
SPINK5,1.0,FALSE,1,1.0,0.0,1.0,1.0,1.0,0.0,Diverged_in_single-cell
SPINK8,1.0,FALSE,0,0.0,1.0,1.0,1.0,1.0,0.0,Diverged_in_single-cell
SPINT2,1.0,FALSE,0,0.0,1.0,1.0,1.0,1.0,0.0,Diverged_in_single-cell
SPP1,1.0,FALSE,1,0.0,0.0,1.0,1.0,1.0,0.0,Diverged_in_single-cell
SPRN,1.0,FALSE,0,0.0,1.0,1.0,,,0.0,Diverged_in_single-cell
SPRTN,1.0,FALSE,0,1.0,1.0,1.0,0.905335908400982,1.0,0.0,Diverged_in_single-cell
SPSB2,1.0,FALSE,0,0.0,1.0,1.0,,,0.0,Diverged_in_single-cell
SPTA1,1.0,FALSE,0,0.0,1.0,1.0,1.0,1.0,0.0,Diverged_in_single-cell
SPTLC1,1.0,FALSE,1,0.0,0.0,1.0,1.0,1.0,0.0,Diverged_in_single-cell
SPTSSB,1.0,FALSE,0,0.0,1.0,1.0,,,0.0,Diverged_in_single-cell
SPTY2D1,1.0,FALSE,0,0.0,1.0,1.0,1.0,1.0,0.0,Diverged_in_single-cell
SRA1,1.0,FALSE,1,0.0,0.0,1.0,0.976710110707284,1.0,0.0,Diverged_in_single-cell
SREK1,1.0,FALSE,1,0.0,0.0,1.0,1.0,1.0,0.0,Diverged_in_single-cell
SRFBP1,1.0,FALSE,1,0.0,0.0,1.0,1.0,1.0,0.0,Diverged_in_single-cell
SRGN,1.0,FALSE,1,0.0,0.0,1.0,1.0,1.0,0.0,Diverged_in_single-cell
SRI,1.0,FALSE,1,0.0,0.0,1.0,0.0080423940463264,0.0573319204685585,0.0,Diverged_in_single-cell
SRP19,1.0,FALSE,0,1.0,0.0,1.0,0.0071897752579453,1.0,0.0,Diverged_in_single-cell
SRP54,1.0,FALSE,1,0.0,0.0,1.0,1.0,1.0,0.0,Diverged_in_single-cell
SRP68,1.0,FALSE,1,0.0,0.0,1.0,1.0,1.0,0.0,Diverged_in_single-cell
SRP9,1.0,FALSE,0,1.0,1.0,1.0,0.565928558483906,1.0,0.0,Diverged_in_single-cell
SRRD,1.0,FALSE,0,0.0,1.0,1.0,0.58683717914129,1.0,0.0,Diverged_in_single-cell
SRRT,1.0,FALSE,1,0.0,0.0,1.0,0.198244556797123,1.0,0.0,Diverged_in_single-cell
SRSF6,1.0,FALSE,1,0.0,0.0,1.0,1.0,1.0,0.0,Diverged_in_single-cell
SS18L1,1.0,FALSE,0,0.0,1.0,1.0,1.0,1.0,0.0,Diverged_in_single-cell
SS18L2,1.0,FALSE,0,1.0,0.0,1.0,1.0,1.0,0.0,Diverged_in_single-cell
SSBP1,1.0,FALSE,0,1.0,0.0,1.0,1.0,1.0,0.0,Diverged_in_single-cell
SSR2,1.0,FALSE,0,1.0,0.0,1.0,0.382801227525441,0.835929119728155,0.0,Diverged_in_single-cell
SSR4,1.0,FALSE,1,0.0,1.0,1.0,1.0,1.0,0.0,Diverged_in_single-cell
ST3GAL5,1.0,FALSE,1,0.0,0.0,1.0,1.0,1.0,0.0,Diverged_in_single-cell
ST6GALNAC1,1.0,FALSE,1,0.0,0.0,1.0,0.162879525593481,0.172553840951371,0.0,Diverged_in_single-cell
ST6GALNAC2,1.0,FALSE,1,0.0,1.0,1.0,1.0,1.0,0.0,Diverged_in_single-cell
ST6GALNAC6,1.0,FALSE,0,1.0,0.0,1.0,8.38e-06,0.924379854842491,0.0,Diverged_in_single-cell
ST8SIA2,1.0,FALSE,0,0.0,1.0,1.0,0.756039157496609,1.0,0.0,Diverged_in_single-cell
ST8SIA5,1.0,FALSE,0,0.0,1.0,1.0,1.0,1.0,0.0,Diverged_in_single-cell
STAB1,1.0,FALSE,0,1.0,0.0,1.0,0.0285508701837652,1.0,0.0,Diverged_in_single-cell
STAC2,1.0,FALSE,0,0.0,1.0,1.0,1.0,1.0,0.0,Diverged_in_single-cell
STAP1,1.0,FALSE,0,1.0,1.0,1.0,1.0,1.0,0.0,Diverged_in_single-cell
STAR,1.0,FALSE,0,0.0,1.0,1.0,1.0,1.0,0.0,Diverged_in_single-cell
STARD13,1.0,FALSE,0,0.0,1.0,1.0,1.0,1.0,0.0,Diverged_in_single-cell
STARD7,1.0,FALSE,0,0.0,1.0,1.0,1.0,1.0,0.0,Diverged_in_single-cell
STAT1,1.0,FALSE,1,0.0,0.0,1.0,1.0,1.0,0.0,Diverged_in_single-cell
STEAP1,1.0,FALSE,0,0.0,1.0,1.0,1.0,1.0,0.0,Diverged_in_single-cell
STEAP2,1.0,FALSE,0,0.0,1.0,1.0,1.0,1.0,0.0,Diverged_in_single-cell
STIP1,1.0,FALSE,0,0.0,1.0,1.0,1.0,1.0,0.0,Diverged_in_single-cell
STK16,1.0,FALSE,0,1.0,0.0,1.0,1.0,1.0,0.0,Diverged_in_single-cell
STK25,1.0,FALSE,0,0.0,1.0,1.0,0.39553212221798,1.0,0.0,Diverged_in_single-cell
STK32C,1.0,FALSE,0,0.0,1.0,1.0,0.637399327175064,1.0,0.0,Diverged_in_single-cell
STMND1,1.0,FALSE,0,0.0,1.0,1.0,1.0,1.0,0.0,Diverged_in_single-cell
STOML1,1.0,FALSE,0,0.0,1.0,1.0,1.0,1.0,0.0,Diverged_in_single-cell
STPG1,1.0,FALSE,0,0.0,1.0,1.0,0.0447717557221116,1.0,0.0,Diverged_in_single-cell
STRADA,1.0,FALSE,0,0.0,1.0,1.0,2.9e-05,1.0,0.0,Diverged_in_single-cell
STRIP1,1.0,FALSE,0,1.0,0.0,1.0,0.998839095183453,1.0,0.0,Diverged_in_single-cell
STT3A,1.0,FALSE,1,0.0,0.0,1.0,1.0,1.0,0.0,Diverged_in_single-cell
STX10,1.0,FALSE,0,0.0,1.0,1.0,0.136844439058465,1.0,0.0,Diverged_in_single-cell
STX16,1.0,FALSE,0,1.0,0.0,1.0,1.0,1.0,0.0,Diverged_in_single-cell
SUCLA2,1.0,FALSE,0,0.0,1.0,1.0,0.951460084073508,1.0,0.0,Diverged_in_single-cell
SUGP1,1.0,FALSE,0,0.0,1.0,1.0,0.41927878057754,1.0,0.0,Diverged_in_single-cell
SULF1,1.0,FALSE,0,0.0,1.0,1.0,1.0,1.0,0.0,Diverged_in_single-cell
SULT2A1,1.0,FALSE,1,0.0,1.0,1.0,1.0,1.0,0.0,Diverged_in_single-cell
SULT2B1,1.0,FALSE,0,0.0,1.0,1.0,1.0,1.0,0.0,Diverged_in_single-cell
SULT6B1,1.0,FALSE,0,1.0,0.0,1.0,1.0,1.0,0.0,Diverged_in_single-cell
SUMO1,1.0,FALSE,0,1.0,0.0,1.0,1.0,1.0,0.0,Diverged_in_single-cell
SUMO2,1.0,FALSE,0,0.0,1.0,1.0,1.0,1.0,0.0,Diverged_in_single-cell
SUN1,1.0,FALSE,1,0.0,0.0,1.0,0.0362260360487013,1.0,0.0,Diverged_in_single-cell
SUPT4H1,1.0,FALSE,0,0.0,1.0,1.0,1.0,1.0,0.0,Diverged_in_single-cell
SUPT5H,1.0,FALSE,1,0.0,1.0,1.0,1.0,1.0,0.0,Diverged_in_single-cell
SUPV3L1,1.0,FALSE,0,0.0,1.0,1.0,1.0,1.0,0.0,Diverged_in_single-cell
SURF2,1.0,FALSE,1,0.0,1.0,1.0,0.0049505986001814,0.0020975071269819,1.0,Diverged_in_both
SURF6,1.0,FALSE,0,1.0,1.0,1.0,2.34e-06,0.0010529376339482,1.0,Diverged_in_both
SUV39H2,1.0,FALSE,1,0.0,0.0,1.0,1.0,1.0,0.0,Diverged_in_single-cell
SWSAP1,1.0,FALSE,0,1.0,0.0,1.0,0.935561603217743,1.0,0.0,Diverged_in_single-cell
SYAP1,1.0,FALSE,0,0.0,1.0,1.0,0.762989515430301,1.0,0.0,Diverged_in_single-cell
SYCE1,1.0,FALSE,0,1.0,1.0,1.0,1.0,1.0,0.0,Diverged_in_single-cell
SYDE1,1.0,FALSE,0,1.0,0.0,1.0,1.0,1.0,0.0,Diverged_in_single-cell
SYF2,1.0,FALSE,1,0.0,0.0,1.0,1.0,1.0,0.0,Diverged_in_single-cell
SYMPK,1.0,FALSE,0,1.0,0.0,1.0,0.536803460981004,1.0,0.0,Diverged_in_single-cell
SYNDIG1L,1.0,FALSE,0,0.0,1.0,1.0,0.534218924722135,1.0,0.0,Diverged_in_single-cell
SYNE3,1.0,FALSE,1,0.0,0.0,1.0,1.0,1.0,0.0,Diverged_in_single-cell
SYNE4,1.0,FALSE,0,1.0,0.0,1.0,1.0,1.0,0.0,Diverged_in_single-cell
SYNGR4,1.0,FALSE,0,1.0,1.0,1.0,,,0.0,Diverged_in_single-cell
SYNJ2BP,1.0,FALSE,1,1.0,0.0,1.0,1.0,1.0,0.0,Diverged_in_single-cell
SYPL2,1.0,FALSE,0,1.0,0.0,1.0,0.002545317752786,1.0,0.0,Diverged_in_single-cell
SYS1,1.0,FALSE,0,0.0,1.0,1.0,0.0029709502094369,0.27159437834811,0.0,Diverged_in_single-cell
SYT10,1.0,FALSE,0,0.0,1.0,1.0,1.0,1.0,0.0,Diverged_in_single-cell
SYTL1,1.0,FALSE,0,0.0,1.0,1.0,0.31558966505153,1.0,0.0,Diverged_in_single-cell
TAC1,1.0,FALSE,1,0.0,0.0,1.0,1.0,1.0,0.0,Diverged_in_single-cell
TAC3,1.0,FALSE,0,0.0,1.0,1.0,0.822344115329541,1.0,0.0,Diverged_in_single-cell
TACR1,1.0,FALSE,0,0.0,1.0,1.0,0.0934825520048905,0.0215533277560332,0.0,Diverged_in_single-cell
TACR2,1.0,FALSE,0,1.0,0.0,1.0,1.0,1.0,0.0,Diverged_in_single-cell
TACR3,1.0,FALSE,0,1.0,0.0,1.0,1.0,1.0,0.0,Diverged_in_single-cell
TADA2B,1.0,FALSE,0,0.0,1.0,1.0,1.0,1.0,0.0,Diverged_in_single-cell
TAF11,1.0,FALSE,0,0.0,1.0,1.0,1.0,1.0,0.0,Diverged_in_single-cell
TAF1D,1.0,FALSE,0,1.0,0.0,1.0,0.466584469480026,1.0,0.0,Diverged_in_single-cell
TAF2,1.0,FALSE,0,1.0,0.0,1.0,1.0,1.0,0.0,Diverged_in_single-cell
TAF4,1.0,FALSE,0,1.0,1.0,1.0,0.822572441448709,1.0,0.0,Diverged_in_single-cell
TAF5,1.0,FALSE,0,1.0,1.0,1.0,0.888429506770308,1.0,0.0,Diverged_in_single-cell
TAF6,1.0,FALSE,0,0.0,1.0,1.0,1.0,1.0,0.0,Diverged_in_single-cell
TAF6L,1.0,FALSE,1,0.0,0.0,1.0,1.0,1.0,0.0,Diverged_in_single-cell
TAF7,1.0,FALSE,0,0.0,1.0,1.0,1.0,1.0,0.0,Diverged_in_single-cell
TAF7L,1.0,FALSE,0,0.0,1.0,1.0,0.18986516283222,1.0,0.0,Diverged_in_single-cell
TAF9,1.0,FALSE,0,1.0,0.0,1.0,0.0363276936726603,0.0224358334165585,1.0,Diverged_in_both
TAL1,1.0,FALSE,1,1.0,0.0,1.0,1.0,1.0,0.0,Diverged_in_single-cell
TAL2,1.0,FALSE,1,1.0,0.0,1.0,1.0,1.0,0.0,Diverged_in_single-cell
TAMM41,1.0,FALSE,0,0.0,1.0,1.0,0.298187532109531,1.0,0.0,Diverged_in_single-cell
TARDBP,1.0,FALSE,0,1.0,1.0,1.0,0.884623745918011,1.0,0.0,Diverged_in_single-cell
TARS2,1.0,FALSE,1,0.0,0.0,1.0,0.853204821804642,1.0,0.0,Diverged_in_single-cell
TAS1R3,1.0,FALSE,1,1.0,1.0,1.0,1.0,1.0,0.0,Diverged_in_single-cell
TAS2R4,1.0,FALSE,1,0.0,0.0,1.0,1.0,1.0,0.0,Diverged_in_single-cell
TATDN3,1.0,FALSE,0,0.0,1.0,1.0,1.0,1.0,0.0,Diverged_in_single-cell
TAX1BP1,1.0,FALSE,0,1.0,0.0,1.0,1.0,1.0,0.0,Diverged_in_single-cell
TBC1D13,1.0,FALSE,0,0.0,1.0,1.0,1.0,1.0,0.0,Diverged_in_single-cell
TBC1D19,1.0,FALSE,1,0.0,1.0,1.0,0.536803460981004,1.0,0.0,Diverged_in_single-cell
TBC1D22B,1.0,FALSE,0,0.0,1.0,1.0,0.911484782045052,1.0,0.0,Diverged_in_single-cell
TBC1D25,1.0,FALSE,0,0.0,1.0,1.0,1.0,1.0,0.0,Diverged_in_single-cell
TBC1D7,1.0,FALSE,0,0.0,1.0,1.0,1.0,1.0,0.0,Diverged_in_single-cell
TBCE,1.0,FALSE,0,0.0,1.0,1.0,,,0.0,Diverged_in_single-cell
TBL2,1.0,FALSE,0,0.0,1.0,1.0,0.0976181971437775,1.0,0.0,Diverged_in_single-cell
TBP,1.0,FALSE,1,0.0,1.0,1.0,0.1210705869758,1.0,0.0,Diverged_in_single-cell
TBR1,1.0,FALSE,0,1.0,1.0,1.0,1.0,1.0,0.0,Diverged_in_single-cell
TBRG1,1.0,FALSE,0,1.0,0.0,1.0,1.0,1.0,0.0,Diverged_in_single-cell
TBRG4,1.0,FALSE,1,0.0,1.0,1.0,0.124572867182467,1.0,0.0,Diverged_in_single-cell
TBX15,1.0,FALSE,0,1.0,0.0,1.0,0.20555850446444,1.0,0.0,Diverged_in_single-cell
TBX18,1.0,FALSE,0,1.0,0.0,1.0,1.0,1.0,0.0,Diverged_in_single-cell
TBX20,1.0,FALSE,1,1.0,0.0,1.0,0.011720949158862,0.641594182378469,0.0,Diverged_in_single-cell
TBX3,1.0,FALSE,1,1.0,0.0,1.0,1.0,1.0,0.0,Diverged_in_single-cell
TCEA1,1.0,FALSE,0,0.0,1.0,1.0,0.162879525593481,1.0,0.0,Diverged_in_single-cell
TCEAL8,1.0,FALSE,0,0.0,1.0,1.0,,,0.0,Diverged_in_single-cell
TCF7L1,1.0,FALSE,1,0.0,0.0,1.0,1.0,1.0,0.0,Diverged_in_single-cell
TCHP,1.0,FALSE,0,0.0,1.0,1.0,1.0,1.0,0.0,Diverged_in_single-cell
TCOF1,1.0,FALSE,0,0.0,1.0,1.0,1.0,1.0,0.0,Diverged_in_single-cell
TCP11,1.0,FALSE,0,0.0,1.0,1.0,1.0,1.0,0.0,Diverged_in_single-cell
TCP11L1,1.0,FALSE,0,0.0,1.0,1.0,1.0,1.0,0.0,Diverged_in_single-cell
TCTE1,1.0,FALSE,0,0.0,1.0,1.0,1.0,1.0,0.0,Diverged_in_single-cell
TCTEX1D1,1.0,FALSE,0,0.0,1.0,1.0,0.0985921055795214,1.0,0.0,Diverged_in_single-cell
TCTN3,1.0,FALSE,1,0.0,0.0,1.0,0.093430866787593,1.0,0.0,Diverged_in_single-cell
TDP1,1.0,FALSE,1,0.0,0.0,1.0,1.0,1.0,0.0,Diverged_in_single-cell
TDRD10,1.0,FALSE,0,1.0,0.0,1.0,1.0,1.0,0.0,Diverged_in_single-cell
TEFM,1.0,FALSE,1,0.0,0.0,1.0,0.0079033453773108,1.0,0.0,Diverged_in_single-cell
TEKT3,1.0,FALSE,1,1.0,0.0,1.0,0.946534054971951,1.0,0.0,Diverged_in_single-cell
TES,1.0,FALSE,0,1.0,0.0,1.0,1.0,1.0,0.0,Diverged_in_single-cell
TESPA1,1.0,FALSE,0,1.0,0.0,1.0,1.0,1.0,0.0,Diverged_in_single-cell
TEX10,1.0,FALSE,0,0.0,1.0,1.0,0.370200599534537,1.0,0.0,Diverged_in_single-cell
TEX14,1.0,FALSE,1,0.0,1.0,1.0,1.0,1.0,0.0,Diverged_in_single-cell
TEX261,1.0,FALSE,1,1.0,1.0,1.0,0.0069048489792408,1.0,0.0,Diverged_in_single-cell
TEX264,1.0,FALSE,0,0.0,1.0,1.0,0.0141089607030851,1.0,0.0,Diverged_in_single-cell
TEX43,1.0,FALSE,1,0.0,0.0,1.0,,,0.0,Diverged_in_single-cell
TFB2M,1.0,FALSE,0,0.0,1.0,1.0,0.98616327973035,1.0,0.0,Diverged_in_single-cell
TFCP2L1,1.0,FALSE,0,1.0,0.0,1.0,0.370200599534537,1.0,0.0,Diverged_in_single-cell
TFE3,1.0,FALSE,1,0.0,0.0,1.0,1.0,1.0,0.0,Diverged_in_single-cell
TFG,1.0,FALSE,1,0.0,0.0,1.0,1.0,1.0,0.0,Diverged_in_single-cell
TFIP11,1.0,FALSE,0,1.0,1.0,1.0,1.0,1.0,0.0,Diverged_in_single-cell
TFPI,1.0,FALSE,0,1.0,0.0,1.0,1.0,1.0,0.0,Diverged_in_single-cell
TFPT,1.0,FALSE,0,0.0,1.0,1.0,5.16e-05,0.0545082827334847,0.0,Diverged_in_single-cell
TGFB3,1.0,FALSE,1,0.0,0.0,1.0,0.0519032373145535,1.0,0.0,Diverged_in_single-cell
TGFBR2,1.0,FALSE,1,0.0,0.0,1.0,0.170243893052,1.0,0.0,Diverged_in_single-cell
TGIF2,1.0,FALSE,1,0.0,0.0,1.0,1.0,1.0,0.0,Diverged_in_single-cell
TGM3,1.0,FALSE,0,1.0,1.0,1.0,1.0,1.0,0.0,Diverged_in_single-cell
TGM6,1.0,FALSE,1,0.0,0.0,1.0,0.905442069730776,1.0,0.0,Diverged_in_single-cell
TGS1,1.0,FALSE,1,0.0,0.0,1.0,1.0,1.0,0.0,Diverged_in_single-cell
THAP1,1.0,FALSE,0,0.0,1.0,1.0,1.0,1.0,0.0,Diverged_in_single-cell
THAP10,1.0,FALSE,0,0.0,1.0,1.0,0.0018363599781449,0.402097250245027,0.0,Diverged_in_single-cell
THAP3,1.0,FALSE,0,0.0,1.0,1.0,0.271435489694995,1.0,0.0,Diverged_in_single-cell
THAP4,1.0,FALSE,0,0.0,1.0,1.0,0.588053933914898,1.0,0.0,Diverged_in_single-cell
THAP6,1.0,FALSE,1,0.0,0.0,1.0,1.0,1.0,0.0,Diverged_in_single-cell
THEGL,1.0,FALSE,1,0.0,0.0,1.0,,,0.0,Diverged_in_single-cell
THEM4,1.0,FALSE,1,0.0,0.0,1.0,0.0067269469666621,0.294476401777169,0.0,Diverged_in_single-cell
THEM6,1.0,FALSE,1,1.0,1.0,1.0,0.64554929977655,1.0,0.0,Diverged_in_single-cell
THEMIS,1.0,FALSE,0,1.0,1.0,1.0,0.925028177908773,1.0,0.0,Diverged_in_single-cell
THOC7,1.0,FALSE,0,0.0,1.0,1.0,0.930522751873541,1.0,0.0,Diverged_in_single-cell
THOP1,1.0,FALSE,1,0.0,0.0,1.0,0.998839095183453,1.0,0.0,Diverged_in_single-cell
THPO,1.0,FALSE,0,0.0,1.0,1.0,0.622433660971575,1.0,0.0,Diverged_in_single-cell
THRSP,1.0,FALSE,0,1.0,0.0,1.0,0.0033710039112729,1.0,0.0,Diverged_in_single-cell
THUMPD3,1.0,FALSE,1,1.0,0.0,1.0,0.588053933914898,1.0,0.0,Diverged_in_single-cell
THYN1,1.0,FALSE,0,1.0,1.0,1.0,1.0,1.0,0.0,Diverged_in_single-cell
TICRR,1.0,FALSE,0,1.0,0.0,1.0,0.595267578085224,1.0,0.0,Diverged_in_single-cell
TIGD2,1.0,FALSE,0,0.0,1.0,1.0,,,0.0,Diverged_in_single-cell
TIGD6,1.0,FALSE,0,0.0,1.0,1.0,0.643808167066332,1.0,0.0,Diverged_in_single-cell
TIMELESS,1.0,FALSE,0,0.0,1.0,1.0,1.0,1.0,0.0,Diverged_in_single-cell
TIMM10,1.0,FALSE,0,0.0,1.0,1.0,0.650519566159607,1.0,0.0,Diverged_in_single-cell
TIMM13,1.0,FALSE,1,0.0,0.0,1.0,1.0,1.0,0.0,Diverged_in_single-cell
TIMM17A,1.0,FALSE,0,0.0,1.0,1.0,1.0,1.0,0.0,Diverged_in_single-cell
TIMM17B,1.0,FALSE,1,0.0,0.0,1.0,0.846317384175654,1.0,0.0,Diverged_in_single-cell
TIMM21,1.0,FALSE,0,0.0,1.0,1.0,1.0,1.0,0.0,Diverged_in_single-cell
TIMM8B,1.0,FALSE,0,1.0,1.0,1.0,1.0,1.0,0.0,Diverged_in_single-cell
TIMMDC1,1.0,FALSE,0,0.0,1.0,1.0,1.0,1.0,0.0,Diverged_in_single-cell
TINAG,1.0,FALSE,0,1.0,0.0,1.0,1.0,1.0,0.0,Diverged_in_single-cell
TINF2,1.0,FALSE,1,0.0,0.0,1.0,9.12e-06,0.0001651517261661,1.0,Diverged_in_both
TKTL1,1.0,FALSE,0,1.0,1.0,1.0,0.517259741807098,1.0,0.0,Diverged_in_single-cell
TLE6,1.0,FALSE,0,1.0,0.0,1.0,,,0.0,Diverged_in_single-cell
TLK2,1.0,FALSE,1,0.0,0.0,1.0,1.0,1.0,0.0,Diverged_in_single-cell
TLR4,1.0,FALSE,1,1.0,0.0,1.0,1.0,1.0,0.0,Diverged_in_single-cell
TLR7,1.0,FALSE,0,1.0,0.0,1.0,1.0,1.0,0.0,Diverged_in_single-cell
TM2D2,1.0,FALSE,0,0.0,1.0,1.0,1.0,1.0,0.0,Diverged_in_single-cell
TM4SF1,1.0,FALSE,0,1.0,0.0,1.0,1.0,1.0,0.0,Diverged_in_single-cell
TM4SF18,1.0,FALSE,1,1.0,0.0,1.0,0.39553212221798,1.0,0.0,Diverged_in_single-cell
TM4SF20,1.0,FALSE,1,0.0,0.0,1.0,0.681043024483222,1.0,0.0,Diverged_in_single-cell
TM4SF4,1.0,FALSE,1,1.0,1.0,1.0,0.626090716390976,1.0,0.0,Diverged_in_single-cell
TM4SF5,1.0,FALSE,1,0.0,0.0,1.0,1.0,1.0,0.0,Diverged_in_single-cell
TM9SF2,1.0,FALSE,1,0.0,0.0,1.0,0.140798653790515,1.0,0.0,Diverged_in_single-cell
TMC2,1.0,FALSE,0,1.0,0.0,1.0,0.51887369624393,1.0,0.0,Diverged_in_single-cell
TMC6,1.0,FALSE,0,1.0,0.0,1.0,1.0,1.0,0.0,Diverged_in_single-cell
TMCO5A,1.0,FALSE,0,1.0,0.0,1.0,,,0.0,Diverged_in_single-cell
TMED1,1.0,FALSE,0,0.0,1.0,1.0,1.0,1.0,0.0,Diverged_in_single-cell
TMED10,1.0,FALSE,1,0.0,0.0,1.0,0.0287210015504523,1.0,0.0,Diverged_in_single-cell
TMED2,1.0,FALSE,1,1.0,0.0,1.0,1.0,1.0,0.0,Diverged_in_single-cell
TMED5,1.0,FALSE,0,0.0,1.0,1.0,0.117521761254025,1.0,0.0,Diverged_in_single-cell
TMED7,1.0,FALSE,1,1.0,0.0,1.0,1.0,1.0,0.0,Diverged_in_single-cell
TMED9,1.0,FALSE,1,0.0,0.0,1.0,1.0,1.0,0.0,Diverged_in_single-cell
TMEM101,1.0,FALSE,0,1.0,1.0,1.0,0.667860670067456,1.0,0.0,Diverged_in_single-cell
TMEM109,1.0,FALSE,0,1.0,0.0,1.0,0.487785218453815,1.0,0.0,Diverged_in_single-cell
TMEM126B,1.0,FALSE,0,0.0,1.0,1.0,1.0,1.0,0.0,Diverged_in_single-cell
TMEM141,1.0,FALSE,1,0.0,0.0,1.0,0.998839095183453,1.0,0.0,Diverged_in_single-cell
TMEM150A,1.0,FALSE,1,0.0,0.0,1.0,1.0,1.0,0.0,Diverged_in_single-cell
TMEM151B,1.0,FALSE,0,0.0,1.0,1.0,1.0,1.0,0.0,Diverged_in_single-cell
TMEM155,1.0,FALSE,0,0.0,1.0,1.0,,,0.0,Diverged_in_single-cell
TMEM156,1.0,FALSE,1,1.0,0.0,1.0,0.595881195671307,1.0,0.0,Diverged_in_single-cell
TMEM161B,1.0,FALSE,0,0.0,1.0,1.0,0.689191399818749,1.0,0.0,Diverged_in_single-cell
TMEM167B,1.0,FALSE,1,0.0,1.0,1.0,1.0,1.0,0.0,Diverged_in_single-cell
TMEM17,1.0,FALSE,0,0.0,1.0,1.0,0.891073541293925,1.0,0.0,Diverged_in_single-cell
TMEM176A,1.0,FALSE,1,0.0,0.0,1.0,,,0.0,Diverged_in_single-cell
TMEM182,1.0,FALSE,0,0.0,1.0,1.0,0.0462554931005711,0.330923438699933,0.0,Diverged_in_single-cell
TMEM184C,1.0,FALSE,0,1.0,0.0,1.0,1.0,1.0,0.0,Diverged_in_single-cell
TMEM185B,1.0,FALSE,0,1.0,1.0,1.0,1.0,1.0,0.0,Diverged_in_single-cell
TMEM189,1.0,FALSE,0,1.0,1.0,1.0,1.0,1.0,0.0,Diverged_in_single-cell
TMEM191C,1.0,FALSE,0,0.0,1.0,1.0,,,0.0,Diverged_in_single-cell
TMEM199,1.0,FALSE,0,1.0,0.0,1.0,1.0,1.0,0.0,Diverged_in_single-cell
TMEM203,1.0,FALSE,0,0.0,1.0,1.0,1.0,1.0,0.0,Diverged_in_single-cell
TMEM205,1.0,FALSE,1,1.0,1.0,1.0,0.363878924564395,1.0,0.0,Diverged_in_single-cell
TMEM209,1.0,FALSE,0,0.0,1.0,1.0,1.0,1.0,0.0,Diverged_in_single-cell
TMEM211,1.0,FALSE,1,1.0,1.0,1.0,0.866754878401018,1.0,0.0,Diverged_in_single-cell
TMEM222,1.0,FALSE,0,0.0,1.0,1.0,1.0,1.0,0.0,Diverged_in_single-cell
TMEM223,1.0,FALSE,0,0.0,1.0,1.0,0.565832413798963,1.0,0.0,Diverged_in_single-cell
TMEM235,1.0,FALSE,0,1.0,0.0,1.0,0.611428921893825,1.0,0.0,Diverged_in_single-cell
TMEM238,1.0,FALSE,0,0.0,1.0,1.0,1.0,1.0,0.0,Diverged_in_single-cell
TMEM240,1.0,FALSE,1,1.0,0.0,1.0,0.0484631205971849,1.0,0.0,Diverged_in_single-cell
TMEM248,1.0,FALSE,1,0.0,0.0,1.0,1.0,1.0,0.0,Diverged_in_single-cell
TMEM251,1.0,FALSE,0,1.0,0.0,1.0,8.28e-06,2.72e-05,1.0,Diverged_in_both
TMEM256,1.0,FALSE,0,1.0,0.0,1.0,2.08e-05,0.0974104812203519,0.0,Diverged_in_single-cell
TMEM26,1.0,FALSE,0,0.0,1.0,1.0,1.0,1.0,0.0,Diverged_in_single-cell
TMEM33,1.0,FALSE,0,0.0,1.0,1.0,0.127826491038556,1.0,0.0,Diverged_in_single-cell
TMEM38A,1.0,FALSE,0,0.0,1.0,1.0,0.206489239244972,1.0,0.0,Diverged_in_single-cell
TMEM39A,1.0,FALSE,0,0.0,1.0,1.0,0.770577291987336,1.0,0.0,Diverged_in_single-cell
TMEM40,1.0,FALSE,0,1.0,0.0,1.0,1.0,1.0,0.0,Diverged_in_single-cell
TMEM42,1.0,FALSE,0,1.0,0.0,1.0,0.0004767508573765,1.0,0.0,Diverged_in_single-cell
TMEM45A,1.0,FALSE,1,0.0,0.0,1.0,1.0,1.0,0.0,Diverged_in_single-cell
TMEM50B,1.0,FALSE,0,0.0,1.0,1.0,0.0041843667656246,0.0024957411597949,1.0,Diverged_in_both
TMEM64,1.0,FALSE,1,0.0,0.0,1.0,1.0,1.0,0.0,Diverged_in_single-cell
TMEM69,1.0,FALSE,1,0.0,0.0,1.0,0.745279656258666,1.0,0.0,Diverged_in_single-cell
TMEM71,1.0,FALSE,1,0.0,0.0,1.0,1.0,1.0,0.0,Diverged_in_single-cell
TMEM74B,1.0,FALSE,0,0.0,1.0,1.0,1.0,1.0,0.0,Diverged_in_single-cell
TMEM80,1.0,FALSE,1,0.0,0.0,1.0,1.0,1.0,0.0,Diverged_in_single-cell
TMEM82,1.0,FALSE,1,0.0,0.0,1.0,1.0,1.0,0.0,Diverged_in_single-cell
TMEM9,1.0,FALSE,0,0.0,1.0,1.0,0.544404644008988,1.0,0.0,Diverged_in_single-cell
TMEM98,1.0,FALSE,0,1.0,0.0,1.0,1.0,1.0,0.0,Diverged_in_single-cell
TMEM99,1.0,FALSE,0,1.0,0.0,1.0,,,0.0,Diverged_in_single-cell
TMF1,1.0,FALSE,1,0.0,0.0,1.0,0.549800290789505,1.0,0.0,Diverged_in_single-cell
TMIGD3,1.0,FALSE,1,0.0,0.0,1.0,1.0,1.0,0.0,Diverged_in_single-cell
TMPRSS12,1.0,FALSE,1,1.0,0.0,1.0,1.0,1.0,0.0,Diverged_in_single-cell
TMPRSS7,1.0,FALSE,0,1.0,1.0,1.0,1.0,1.0,0.0,Diverged_in_single-cell
TMPRSS9,1.0,FALSE,0,0.0,1.0,1.0,1.0,1.0,0.0,Diverged_in_single-cell
TMUB1,1.0,FALSE,1,0.0,0.0,1.0,0.601852602662915,1.0,0.0,Diverged_in_single-cell
TMX2,1.0,FALSE,1,1.0,1.0,1.0,0.60234613228456,1.0,0.0,Diverged_in_single-cell
TMX4,1.0,FALSE,0,0.0,1.0,1.0,1.0,1.0,0.0,Diverged_in_single-cell
TNC,1.0,FALSE,1,0.0,0.0,1.0,1.0,1.0,0.0,Diverged_in_single-cell
TNFRSF10A,1.0,FALSE,1,1.0,0.0,1.0,0.996050151940544,1.0,0.0,Diverged_in_single-cell
TNFRSF10B,1.0,FALSE,0,1.0,0.0,1.0,1.0,1.0,0.0,Diverged_in_single-cell
TNFRSF13B,1.0,FALSE,0,1.0,0.0,1.0,1.0,1.0,0.0,Diverged_in_single-cell
TNFRSF1B,1.0,FALSE,0,1.0,0.0,1.0,1.0,1.0,0.0,Diverged_in_single-cell
TNFRSF8,1.0,FALSE,0,1.0,1.0,1.0,1.0,1.0,0.0,Diverged_in_single-cell
TNFSF10,1.0,FALSE,1,1.0,0.0,1.0,1.0,1.0,0.0,Diverged_in_single-cell
TNFSF12,1.0,FALSE,0,0.0,1.0,1.0,0.885003889020494,1.0,0.0,Diverged_in_single-cell
TNFSF4,1.0,FALSE,1,0.0,0.0,1.0,1.0,1.0,0.0,Diverged_in_single-cell
TNIP3,1.0,FALSE,0,1.0,0.0,1.0,1.0,1.0,0.0,Diverged_in_single-cell
TNK1,1.0,FALSE,0,1.0,0.0,1.0,8.26e-06,0.0125452892480756,1.0,Diverged_in_both
TNN,1.0,FALSE,0,0.0,1.0,1.0,1.0,1.0,0.0,Diverged_in_single-cell
TNNC1,1.0,FALSE,1,1.0,0.0,1.0,1.0,1.0,0.0,Diverged_in_single-cell
TNNC2,1.0,FALSE,0,0.0,1.0,1.0,0.472533867168141,0.406926625982329,0.0,Diverged_in_single-cell
TNNI3K,1.0,FALSE,0,1.0,1.0,1.0,1.0,1.0,0.0,Diverged_in_single-cell
TNNT1,1.0,FALSE,0,0.0,1.0,1.0,0.536803460981004,1.0,0.0,Diverged_in_single-cell
TNXB,1.0,FALSE,1,0.0,0.0,1.0,0.077330747899381,1.0,0.0,Diverged_in_single-cell
TOE1,1.0,FALSE,0,1.0,1.0,1.0,1.0,1.0,0.0,Diverged_in_single-cell
TOM1,1.0,FALSE,0,0.0,1.0,1.0,0.573346814997059,1.0,0.0,Diverged_in_single-cell
TOM1L2,1.0,FALSE,0,1.0,0.0,1.0,0.905335908400982,1.0,0.0,Diverged_in_single-cell
TOMM20L,1.0,FALSE,1,1.0,0.0,1.0,,,0.0,Diverged_in_single-cell
TOMM40,1.0,FALSE,0,0.0,1.0,1.0,1.0,1.0,0.0,Diverged_in_single-cell
TOMM40L,1.0,FALSE,0,0.0,1.0,1.0,1.0,1.0,0.0,Diverged_in_single-cell
TOMM5,1.0,FALSE,1,1.0,1.0,1.0,1.47e-05,7.93e-05,1.0,Diverged_in_both
TOMM7,1.0,FALSE,0,0.0,1.0,1.0,0.833776348877527,1.0,0.0,Diverged_in_single-cell
TOP2A,1.0,FALSE,0,1.0,0.0,1.0,1.0,1.0,0.0,Diverged_in_single-cell
TOR1A,1.0,FALSE,0,0.0,1.0,1.0,1.0,1.0,0.0,Diverged_in_single-cell
TOR1B,1.0,FALSE,1,1.0,0.0,1.0,0.0226311801874115,1.0,0.0,Diverged_in_single-cell
TOX4,1.0,FALSE,1,1.0,1.0,1.0,1.0,1.0,0.0,Diverged_in_single-cell
TP73,1.0,FALSE,0,0.0,1.0,1.0,1.0,1.0,0.0,Diverged_in_single-cell
TPH1,1.0,FALSE,0,1.0,1.0,1.0,1.0,1.0,0.0,Diverged_in_single-cell
TPO,1.0,FALSE,0,1.0,0.0,1.0,0.554842827796355,1.0,0.0,Diverged_in_single-cell
TPRKB,1.0,FALSE,0,0.0,1.0,1.0,1.0,1.0,0.0,Diverged_in_single-cell
TPX2,1.0,FALSE,0,0.0,1.0,1.0,1.0,1.0,0.0,Diverged_in_single-cell
TRABD2B,1.0,FALSE,0,1.0,0.0,1.0,1.0,1.0,0.0,Diverged_in_single-cell
TRAF3IP3,1.0,FALSE,0,1.0,0.0,1.0,0.886758647578375,1.0,0.0,Diverged_in_single-cell
TRAPPC12,1.0,FALSE,0,0.0,1.0,1.0,1.0,1.0,0.0,Diverged_in_single-cell
TRAPPC2,1.0,FALSE,0,1.0,0.0,1.0,0.28283471846952,1.0,0.0,Diverged_in_single-cell
TRAPPC5,1.0,FALSE,0,0.0,1.0,1.0,2.08e-05,0.0224358334165585,1.0,Diverged_in_both
TREM2,1.0,FALSE,1,1.0,0.0,1.0,0.542456700803574,1.0,0.0,Diverged_in_single-cell
TRHR,1.0,FALSE,0,1.0,0.0,1.0,0.0079033453773108,0.158535501257651,0.0,Diverged_in_single-cell
TRIAP1,1.0,FALSE,0,1.0,1.0,1.0,1.0,1.0,0.0,Diverged_in_single-cell
TRIM14,1.0,FALSE,0,1.0,0.0,1.0,1.0,1.0,0.0,Diverged_in_single-cell
TRIM22,1.0,FALSE,0,1.0,0.0,1.0,1.0,1.0,0.0,Diverged_in_single-cell
TRIM26,1.0,FALSE,0,0.0,1.0,1.0,2.05e-05,8.16e-06,1.0,Diverged_in_both
TRIM3,1.0,FALSE,0,0.0,1.0,1.0,0.736017561629028,1.0,0.0,Diverged_in_single-cell
TRIM38,1.0,FALSE,0,1.0,0.0,1.0,1.0,1.0,0.0,Diverged_in_single-cell
TRIM55,1.0,FALSE,1,0.0,0.0,1.0,0.231900883314547,0.0573319204685585,0.0,Diverged_in_single-cell
TRIM56,1.0,FALSE,1,0.0,0.0,1.0,,,0.0,Diverged_in_single-cell
TRIM63,1.0,FALSE,1,0.0,1.0,1.0,0.656737562847666,1.0,0.0,Diverged_in_single-cell
TRIM68,1.0,FALSE,0,0.0,1.0,1.0,1.0,1.0,0.0,Diverged_in_single-cell
TRIP10,1.0,FALSE,0,1.0,0.0,1.0,1.0,1.0,0.0,Diverged_in_single-cell
TRMT10B,1.0,FALSE,1,0.0,1.0,1.0,0.363878924564395,1.0,0.0,Diverged_in_single-cell
TRMT12,1.0,FALSE,0,1.0,1.0,1.0,1.0,1.0,0.0,Diverged_in_single-cell
TRMT1L,1.0,FALSE,0,0.0,1.0,1.0,1.0,1.0,0.0,Diverged_in_single-cell
TRMT2A,1.0,FALSE,0,0.0,1.0,1.0,1.0,1.0,0.0,Diverged_in_single-cell
TRMT6,1.0,FALSE,0,1.0,1.0,1.0,0.0385025349947386,1.0,0.0,Diverged_in_single-cell
TRPA1,1.0,FALSE,1,0.0,0.0,1.0,1.0,1.0,0.0,Diverged_in_single-cell
TRPC5OS,1.0,FALSE,0,0.0,1.0,1.0,,,0.0,Diverged_in_single-cell
TRPC7,1.0,FALSE,0,0.0,1.0,1.0,1.0,1.0,0.0,Diverged_in_single-cell
TRPM8,1.0,FALSE,1,0.0,1.0,1.0,1.0,1.0,0.0,Diverged_in_single-cell
TRPV5,1.0,FALSE,1,0.0,0.0,1.0,0.0051779321587849,0.377932522751291,0.0,Diverged_in_single-cell
TRUB2,1.0,FALSE,1,0.0,0.0,1.0,1.0,1.0,0.0,Diverged_in_single-cell
TSACC,1.0,FALSE,0,1.0,0.0,1.0,0.0413845456146196,1.0,0.0,Diverged_in_single-cell
TSEN2,1.0,FALSE,1,0.0,0.0,1.0,1.0,1.0,0.0,Diverged_in_single-cell
TSEN54,1.0,FALSE,0,0.0,1.0,1.0,1.0,1.0,0.0,Diverged_in_single-cell
TSKS,1.0,FALSE,0,0.0,1.0,1.0,,,0.0,Diverged_in_single-cell
TSN,1.0,FALSE,0,1.0,0.0,1.0,0.968844621819293,1.0,0.0,Diverged_in_single-cell
TSNARE1,1.0,FALSE,0,0.0,1.0,1.0,0.879459973059106,1.0,0.0,Diverged_in_single-cell
TSNAX,1.0,FALSE,0,1.0,0.0,1.0,1.0,1.0,0.0,Diverged_in_single-cell
TSPAN10,1.0,FALSE,1,0.0,0.0,1.0,0.504105515255036,0.280329506363949,0.0,Diverged_in_single-cell
TSPAN13,1.0,FALSE,0,0.0,1.0,1.0,1.0,1.0,0.0,Diverged_in_single-cell
TSPAN16,1.0,FALSE,0,0.0,1.0,1.0,,,0.0,Diverged_in_single-cell
TSPAN18,1.0,FALSE,0,0.0,1.0,1.0,0.434922574149419,1.0,0.0,Diverged_in_single-cell
TSPAN8,1.0,FALSE,0,0.0,1.0,1.0,1.0,1.0,0.0,Diverged_in_single-cell
TSPYL5,1.0,FALSE,0,0.0,1.0,1.0,0.975286618848354,1.0,0.0,Diverged_in_single-cell
TSR1,1.0,FALSE,1,0.0,0.0,1.0,1.0,1.0,0.0,Diverged_in_single-cell
TSR2,1.0,FALSE,0,1.0,0.0,1.0,1.0,1.0,0.0,Diverged_in_single-cell
TSSC4,1.0,FALSE,0,0.0,1.0,1.0,0.358329926642059,1.0,0.0,Diverged_in_single-cell
TSSK3,1.0,FALSE,1,0.0,0.0,1.0,1.0,1.0,0.0,Diverged_in_single-cell
TSTD1,1.0,FALSE,0,0.0,1.0,1.0,1.0,1.0,0.0,Diverged_in_single-cell
TTC1,1.0,FALSE,1,0.0,0.0,1.0,0.973429754353776,1.0,0.0,Diverged_in_single-cell
TTC14,1.0,FALSE,1,0.0,0.0,1.0,0.109279965007015,1.0,0.0,Diverged_in_single-cell
TTC16,1.0,FALSE,1,0.0,0.0,1.0,0.542691724973343,1.0,0.0,Diverged_in_single-cell
TTC34,1.0,FALSE,0,0.0,1.0,1.0,1.0,1.0,0.0,Diverged_in_single-cell
TTC36,1.0,FALSE,0,0.0,1.0,1.0,0.0021174263868612,0.146700093798058,0.0,Diverged_in_single-cell
TTC39A,1.0,FALSE,0,0.0,1.0,1.0,0.530501113369397,1.0,0.0,Diverged_in_single-cell
TTC4,1.0,FALSE,0,1.0,0.0,1.0,0.0722330771497585,1.0,0.0,Diverged_in_single-cell
TTC5,1.0,FALSE,1,0.0,1.0,1.0,0.293704320974801,1.0,0.0,Diverged_in_single-cell
TTC6,1.0,FALSE,0,1.0,0.0,1.0,1.0,1.0,0.0,Diverged_in_single-cell
TTC7A,1.0,FALSE,0,0.0,1.0,1.0,0.0186093668324603,1.0,0.0,Diverged_in_single-cell
TTC8,1.0,FALSE,0,0.0,1.0,1.0,0.0435833371052568,1.0,0.0,Diverged_in_single-cell
TTF1,1.0,FALSE,1,0.0,0.0,1.0,0.282610116857323,1.0,0.0,Diverged_in_single-cell
TTK,1.0,FALSE,0,1.0,1.0,1.0,0.389373980161116,1.0,0.0,Diverged_in_single-cell
TTLL10,1.0,FALSE,1,1.0,1.0,1.0,1.0,1.0,0.0,Diverged_in_single-cell
TTLL3,1.0,FALSE,1,1.0,0.0,1.0,1.0,1.0,0.0,Diverged_in_single-cell
TUBB1,1.0,FALSE,0,1.0,1.0,1.0,0.806368642148706,1.0,0.0,Diverged_in_single-cell
TUBB6,1.0,FALSE,0,1.0,0.0,1.0,0.129687810791499,1.0,0.0,Diverged_in_single-cell
TUBE1,1.0,FALSE,0,1.0,1.0,1.0,0.933712412080393,1.0,0.0,Diverged_in_single-cell
TUBG1,1.0,FALSE,1,0.0,0.0,1.0,1.0,1.0,0.0,Diverged_in_single-cell
TUBGCP2,1.0,FALSE,0,1.0,0.0,1.0,0.41927878057754,1.0,0.0,Diverged_in_single-cell
TULP2,1.0,FALSE,1,0.0,0.0,1.0,0.0579786726237546,1.0,0.0,Diverged_in_single-cell
TUSC1,1.0,FALSE,1,0.0,0.0,1.0,,,0.0,Diverged_in_single-cell
TWF1,1.0,FALSE,0,0.0,1.0,1.0,1.0,1.0,0.0,Diverged_in_single-cell
TWIST2,1.0,FALSE,0,1.0,0.0,1.0,1.0,1.0,0.0,Diverged_in_single-cell
TWISTNB,1.0,FALSE,0,1.0,0.0,1.0,,,0.0,Diverged_in_single-cell
TXLNA,1.0,FALSE,0,0.0,1.0,1.0,0.370200599534537,1.0,0.0,Diverged_in_single-cell
TXN2,1.0,FALSE,0,0.0,1.0,1.0,0.258334035019149,1.0,0.0,Diverged_in_single-cell
TXNDC12,1.0,FALSE,0,0.0,1.0,1.0,1.0,1.0,0.0,Diverged_in_single-cell
TXNDC15,1.0,FALSE,0,0.0,1.0,1.0,1.0,1.0,0.0,Diverged_in_single-cell
TXNDC5,1.0,FALSE,1,0.0,1.0,1.0,0.0447459292013891,0.444923021619864,0.0,Diverged_in_single-cell
TXNDC9,1.0,FALSE,0,1.0,0.0,1.0,1.0,1.0,0.0,Diverged_in_single-cell
TXNRD1,1.0,FALSE,0,0.0,1.0,1.0,1.0,1.0,0.0,Diverged_in_single-cell
TYK2,1.0,FALSE,1,0.0,0.0,1.0,1.0,1.0,0.0,Diverged_in_single-cell
TYMS,1.0,FALSE,1,0.0,0.0,1.0,1.0,1.0,0.0,Diverged_in_single-cell
TYR,1.0,FALSE,0,0.0,1.0,1.0,1.0,1.0,0.0,Diverged_in_single-cell
TYROBP,1.0,FALSE,1,1.0,0.0,1.0,0.400101659613201,1.0,0.0,Diverged_in_single-cell
TYSND1,1.0,FALSE,0,0.0,1.0,1.0,1.0,1.0,0.0,Diverged_in_single-cell
U2AF1L4,1.0,FALSE,0,1.0,0.0,1.0,1.0,1.0,0.0,Diverged_in_single-cell
UAP1,1.0,FALSE,0,1.0,0.0,1.0,1.0,1.0,0.0,Diverged_in_single-cell
UBA1,1.0,FALSE,0,0.0,1.0,1.0,0.989498431182434,1.0,0.0,Diverged_in_single-cell
UBA52,1.0,FALSE,0,1.0,0.0,1.0,1.0,1.0,0.0,Diverged_in_single-cell
UBE2F,1.0,FALSE,1,0.0,0.0,1.0,1.0,1.0,0.0,Diverged_in_single-cell
UBE2G2,1.0,FALSE,0,0.0,1.0,1.0,0.370414194994952,1.0,0.0,Diverged_in_single-cell
UBE2M,1.0,FALSE,0,0.0,1.0,1.0,0.424088067611674,1.0,0.0,Diverged_in_single-cell
UBE2Q1,1.0,FALSE,0,0.0,1.0,1.0,1.0,1.0,0.0,Diverged_in_single-cell
UBE2S,1.0,FALSE,0,0.0,1.0,1.0,1.0,1.0,0.0,Diverged_in_single-cell
UBE2T,1.0,FALSE,0,0.0,1.0,1.0,1.0,1.0,0.0,Diverged_in_single-cell
UBE2U,1.0,FALSE,0,1.0,0.0,1.0,,,0.0,Diverged_in_single-cell
UBE2V1,1.0,FALSE,1,1.0,0.0,1.0,0.0355949703772334,0.308539251256109,0.0,Diverged_in_single-cell
UBE2V2,1.0,FALSE,0,1.0,0.0,1.0,0.859108164533028,1.0,0.0,Diverged_in_single-cell
UBE2W,1.0,FALSE,1,0.0,0.0,1.0,1.0,1.0,0.0,Diverged_in_single-cell
UBL5,1.0,FALSE,0,1.0,0.0,1.0,0.47480386769761,1.0,0.0,Diverged_in_single-cell
UBLCP1,1.0,FALSE,0,0.0,1.0,1.0,0.825706055124476,1.0,0.0,Diverged_in_single-cell
UBQLN4,1.0,FALSE,0,0.0,1.0,1.0,1.0,1.0,0.0,Diverged_in_single-cell
UBXN4,1.0,FALSE,1,0.0,0.0,1.0,0.177826798464516,1.0,0.0,Diverged_in_single-cell
UBXN6,1.0,FALSE,1,0.0,1.0,1.0,0.82505076769933,1.0,0.0,Diverged_in_single-cell
UCHL5,1.0,FALSE,0,0.0,1.0,1.0,0.0161437633569464,1.0,0.0,Diverged_in_single-cell
UCMA,1.0,FALSE,0,0.0,1.0,1.0,0.998839095183453,1.0,0.0,Diverged_in_single-cell
UHRF1,1.0,FALSE,1,1.0,0.0,1.0,1.0,1.0,0.0,Diverged_in_single-cell
UMODL1,1.0,FALSE,0,0.0,1.0,1.0,1.0,1.0,0.0,Diverged_in_single-cell
UNC45B,1.0,FALSE,1,1.0,1.0,1.0,0.0259286726029237,1.0,0.0,Diverged_in_single-cell
UNC50,1.0,FALSE,0,1.0,0.0,1.0,0.000522552023757,1.0,0.0,Diverged_in_single-cell
UNC93B1,1.0,FALSE,0,1.0,0.0,1.0,1.0,1.0,0.0,Diverged_in_single-cell
UPF2,1.0,FALSE,0,1.0,0.0,1.0,0.101336143729762,1.0,0.0,Diverged_in_single-cell
UPK1A,1.0,FALSE,1,0.0,1.0,1.0,1.0,1.0,0.0,Diverged_in_single-cell
UPK1B,1.0,FALSE,0,0.0,1.0,1.0,1.0,1.0,0.0,Diverged_in_single-cell
UQCRQ,1.0,FALSE,0,0.0,1.0,1.0,0.112310886413792,1.0,0.0,Diverged_in_single-cell
URGCP,1.0,FALSE,0,0.0,1.0,1.0,0.573346814997059,1.0,0.0,Diverged_in_single-cell
UROC1,1.0,FALSE,0,1.0,0.0,1.0,0.228125307916385,0.587512026019721,0.0,Diverged_in_single-cell
USH1C,1.0,FALSE,0,1.0,0.0,1.0,1.0,1.0,0.0,Diverged_in_single-cell
USHBP1,1.0,FALSE,1,0.0,0.0,1.0,8.31e-06,0.0303633134592655,1.0,Diverged_in_both
USP14,1.0,FALSE,1,0.0,0.0,1.0,0.415380452864446,1.0,0.0,Diverged_in_single-cell
USP20,1.0,FALSE,0,0.0,1.0,1.0,0.509213139520916,1.0,0.0,Diverged_in_single-cell
USP27X,1.0,FALSE,0,1.0,0.0,1.0,0.0265736984760237,1.0,0.0,Diverged_in_single-cell
USP49,1.0,FALSE,0,0.0,1.0,1.0,1.0,1.0,0.0,Diverged_in_single-cell
USP51,1.0,FALSE,0,0.0,1.0,1.0,0.919904553491384,1.0,0.0,Diverged_in_single-cell
USP9X,1.0,FALSE,0,1.0,0.0,1.0,0.825706055124476,1.0,0.0,Diverged_in_single-cell
UTP14A,1.0,FALSE,1,0.0,0.0,1.0,1.0,1.0,0.0,Diverged_in_single-cell
UTP15,1.0,FALSE,0,1.0,1.0,1.0,1.0,1.0,0.0,Diverged_in_single-cell
UTP20,1.0,FALSE,0,0.0,1.0,1.0,1.0,1.0,0.0,Diverged_in_single-cell
UTP23,1.0,FALSE,0,0.0,1.0,1.0,0.370200599534537,1.0,0.0,Diverged_in_single-cell
UTP3,1.0,FALSE,0,0.0,1.0,1.0,0.675054451631611,1.0,0.0,Diverged_in_single-cell
UTS2,1.0,FALSE,1,1.0,0.0,1.0,1.0,1.0,0.0,Diverged_in_single-cell
VAMP2,1.0,FALSE,0,1.0,0.0,1.0,1.0,1.0,0.0,Diverged_in_single-cell
VAMP3,1.0,FALSE,1,0.0,0.0,1.0,1.0,1.0,0.0,Diverged_in_single-cell
VAMP5,1.0,FALSE,1,0.0,0.0,1.0,0.951460084073508,1.0,0.0,Diverged_in_single-cell
VAMP7,1.0,FALSE,0,0.0,1.0,1.0,2.03e-07,0.0069087289923132,1.0,Diverged_in_both
VAV1,1.0,FALSE,1,1.0,0.0,1.0,1.0,1.0,0.0,Diverged_in_single-cell
VAX2,1.0,FALSE,0,1.0,0.0,1.0,1.0,1.0,0.0,Diverged_in_single-cell
VBP1,1.0,FALSE,1,0.0,0.0,1.0,1.0,1.0,0.0,Diverged_in_single-cell
VCAM1,1.0,FALSE,0,1.0,0.0,1.0,1.0,1.0,0.0,Diverged_in_single-cell
VCP,1.0,FALSE,1,0.0,0.0,1.0,0.964871809829319,1.0,0.0,Diverged_in_single-cell
VCPKMT,1.0,FALSE,0,1.0,0.0,1.0,1.0,1.0,0.0,Diverged_in_single-cell
VDR,1.0,FALSE,0,1.0,1.0,1.0,1.0,1.0,0.0,Diverged_in_single-cell
VEPH1,1.0,FALSE,0,1.0,0.0,1.0,1.0,1.0,0.0,Diverged_in_single-cell
VIL1,1.0,FALSE,0,1.0,1.0,1.0,0.461526668623072,1.0,0.0,Diverged_in_single-cell
VIP,1.0,FALSE,1,0.0,0.0,1.0,0.0005579152290724,1.0,0.0,Diverged_in_single-cell
VIT,1.0,FALSE,0,0.0,1.0,1.0,1.33e-05,0.0272839962456898,1.0,Diverged_in_both
VPS11,1.0,FALSE,1,0.0,1.0,1.0,2.9e-05,0.835929119728155,0.0,Diverged_in_single-cell
VPS18,1.0,FALSE,0,0.0,1.0,1.0,1.0,1.0,0.0,Diverged_in_single-cell
VPS33A,1.0,FALSE,0,1.0,1.0,1.0,0.19582313672857,1.0,0.0,Diverged_in_single-cell
VPS8,1.0,FALSE,0,1.0,0.0,1.0,0.770577291987336,1.0,0.0,Diverged_in_single-cell
VRK3,1.0,FALSE,0,0.0,1.0,1.0,1.0,1.0,0.0,Diverged_in_single-cell
VSIG1,1.0,FALSE,0,0.0,1.0,1.0,1.0,1.0,0.0,Diverged_in_single-cell
VSIG2,1.0,FALSE,1,1.0,0.0,1.0,0.134168615476968,1.0,0.0,Diverged_in_single-cell
VSX2,1.0,FALSE,1,0.0,0.0,1.0,1.0,1.0,0.0,Diverged_in_single-cell
VTCN1,1.0,FALSE,0,0.0,1.0,1.0,1.0,1.0,0.0,Diverged_in_single-cell
VTN,1.0,FALSE,0,1.0,0.0,1.0,0.0212764149919947,0.444923021619864,0.0,Diverged_in_single-cell
VWA5B2,1.0,FALSE,0,0.0,1.0,1.0,1.0,1.0,0.0,Diverged_in_single-cell
VWA7,1.0,FALSE,0,0.0,1.0,1.0,8.26e-06,0.0336038293257545,1.0,Diverged_in_both
WARS2,1.0,FALSE,0,0.0,1.0,1.0,0.958260302642452,1.0,0.0,Diverged_in_single-cell
WAS,1.0,FALSE,1,0.0,0.0,1.0,0.760267956250774,1.0,0.0,Diverged_in_single-cell
WASL,1.0,FALSE,1,0.0,0.0,1.0,1.0,1.0,0.0,Diverged_in_single-cell
WBP1,1.0,FALSE,1,1.0,0.0,1.0,0.31123143719318,1.0,0.0,Diverged_in_single-cell
WBP11,1.0,FALSE,1,0.0,0.0,1.0,1.0,1.0,0.0,Diverged_in_single-cell
WDR11,1.0,FALSE,1,0.0,0.0,1.0,1.0,1.0,0.0,Diverged_in_single-cell
WDR18,1.0,FALSE,0,0.0,1.0,1.0,1.0,1.0,0.0,Diverged_in_single-cell
WDR27,1.0,FALSE,0,0.0,1.0,1.0,1.0,1.0,0.0,Diverged_in_single-cell
WDR3,1.0,FALSE,0,0.0,1.0,1.0,1.0,1.0,0.0,Diverged_in_single-cell
WDR36,1.0,FALSE,0,0.0,1.0,1.0,1.0,1.0,0.0,Diverged_in_single-cell
WDR4,1.0,FALSE,0,0.0,1.0,1.0,1.0,1.0,0.0,Diverged_in_single-cell
WDR45B,1.0,FALSE,1,0.0,0.0,1.0,1.0,1.0,0.0,Diverged_in_single-cell
WDR54,1.0,FALSE,0,0.0,1.0,1.0,0.998839095183453,1.0,0.0,Diverged_in_single-cell
WDR55,1.0,FALSE,0,1.0,0.0,1.0,1.0,1.0,0.0,Diverged_in_single-cell
WDR72,1.0,FALSE,1,0.0,1.0,1.0,1.0,1.0,0.0,Diverged_in_single-cell
WDR75,1.0,FALSE,0,0.0,1.0,1.0,1.0,1.0,0.0,Diverged_in_single-cell
WDR76,1.0,FALSE,0,0.0,1.0,1.0,1.0,1.0,0.0,Diverged_in_single-cell
WDR77,1.0,FALSE,1,0.0,0.0,1.0,1.0,1.0,0.0,Diverged_in_single-cell
WDR83,1.0,FALSE,0,1.0,0.0,1.0,1.0,1.0,0.0,Diverged_in_single-cell
WDR83OS,1.0,FALSE,0,1.0,0.0,1.0,0.000510431491665,1.0,0.0,Diverged_in_single-cell
WDR86,1.0,FALSE,0,0.0,1.0,1.0,1.0,1.0,0.0,Diverged_in_single-cell
WDR87,1.0,FALSE,1,0.0,1.0,1.0,,,0.0,Diverged_in_single-cell
WDR92,1.0,FALSE,0,1.0,0.0,1.0,0.274837626638335,1.0,0.0,Diverged_in_single-cell
WDTC1,1.0,FALSE,0,0.0,1.0,1.0,0.900169843553097,1.0,0.0,Diverged_in_single-cell
WEE2,1.0,FALSE,1,0.0,1.0,1.0,0.402502769457934,1.0,0.0,Diverged_in_single-cell
WNT10B,1.0,FALSE,0,0.0,1.0,1.0,1.0,1.0,0.0,Diverged_in_single-cell
WNT16,1.0,FALSE,0,0.0,1.0,1.0,0.332683384341988,1.0,0.0,Diverged_in_single-cell
WNT3A,1.0,FALSE,0,1.0,0.0,1.0,1.0,1.0,0.0,Diverged_in_single-cell
WNT8B,1.0,FALSE,0,1.0,0.0,1.0,1.0,1.0,0.0,Diverged_in_single-cell
WRAP53,1.0,FALSE,0,0.0,1.0,1.0,1.0,1.0,0.0,Diverged_in_single-cell
WRAP73,1.0,FALSE,0,1.0,0.0,1.0,1.0,1.0,0.0,Diverged_in_single-cell
WT1,1.0,FALSE,0,1.0,0.0,1.0,0.958260302642452,1.0,0.0,Diverged_in_single-cell
WTAP,1.0,FALSE,0,1.0,0.0,1.0,0.667860670067456,1.0,0.0,Diverged_in_single-cell
XAB2,1.0,FALSE,0,0.0,1.0,1.0,1.0,1.0,0.0,Diverged_in_single-cell
XAF1,1.0,FALSE,0,1.0,0.0,1.0,0.228393505826229,1.0,0.0,Diverged_in_single-cell
XBP1,1.0,FALSE,1,0.0,0.0,1.0,0.271435489694995,1.0,0.0,Diverged_in_single-cell
XDH,1.0,FALSE,1,0.0,0.0,1.0,0.0385303757884108,0.123045839241125,0.0,Diverged_in_single-cell
XG,1.0,FALSE,1,0.0,1.0,1.0,0.0371285575350257,1.0,0.0,Diverged_in_single-cell
XKR5,1.0,FALSE,1,0.0,0.0,1.0,0.924303216605725,1.0,0.0,Diverged_in_single-cell
XKR7,1.0,FALSE,0,0.0,1.0,1.0,0.469886449477786,0.934616463193783,0.0,Diverged_in_single-cell
XKR8,1.0,FALSE,0,0.0,1.0,1.0,1.0,1.0,0.0,Diverged_in_single-cell
XPNPEP2,1.0,FALSE,0,1.0,1.0,1.0,1.0,1.0,0.0,Diverged_in_single-cell
XPO5,1.0,FALSE,0,1.0,1.0,1.0,0.681043024483222,1.0,0.0,Diverged_in_single-cell
XPOT,1.0,FALSE,0,0.0,1.0,1.0,0.662777204320715,1.0,0.0,Diverged_in_single-cell
XRCC2,1.0,FALSE,1,1.0,0.0,1.0,1.0,1.0,0.0,Diverged_in_single-cell
XRCC6,1.0,FALSE,0,1.0,0.0,1.0,1.0,1.0,0.0,Diverged_in_single-cell
XRRA1,1.0,FALSE,0,1.0,0.0,1.0,0.0079033453773108,1.0,0.0,Diverged_in_single-cell
XYLB,1.0,FALSE,0,0.0,1.0,1.0,0.0397622747886885,1.0,0.0,Diverged_in_single-cell
YARS,1.0,FALSE,0,0.0,1.0,1.0,,,0.0,Diverged_in_single-cell
YARS2,1.0,FALSE,0,0.0,1.0,1.0,1.0,1.0,0.0,Diverged_in_single-cell
YBEY,1.0,FALSE,0,0.0,1.0,1.0,1.0,1.0,0.0,Diverged_in_single-cell
YEATS4,1.0,FALSE,0,1.0,1.0,1.0,0.267735146499456,1.0,0.0,Diverged_in_single-cell
YIPF2,1.0,FALSE,0,0.0,1.0,1.0,0.121452606177983,1.0,0.0,Diverged_in_single-cell
YIPF5,1.0,FALSE,1,1.0,0.0,1.0,0.0016929606279738,1.0,0.0,Diverged_in_single-cell
YIPF7,1.0,FALSE,0,0.0,1.0,1.0,0.184697765625712,1.0,0.0,Diverged_in_single-cell
YKT6,1.0,FALSE,0,0.0,1.0,1.0,1.0,1.0,0.0,Diverged_in_single-cell
YOD1,1.0,FALSE,1,0.0,1.0,1.0,0.499068880971403,1.0,0.0,Diverged_in_single-cell
ZAN,1.0,FALSE,0,0.0,1.0,1.0,1.0,1.0,0.0,Diverged_in_single-cell
ZBBX,1.0,FALSE,0,0.0,1.0,1.0,1.0,1.0,0.0,Diverged_in_single-cell
ZBED4,1.0,FALSE,1,0.0,0.0,1.0,1.0,1.0,0.0,Diverged_in_single-cell
ZBED9,1.0,FALSE,0,0.0,1.0,1.0,,,0.0,Diverged_in_single-cell
ZBTB14,1.0,FALSE,1,0.0,0.0,1.0,0.247432088678094,1.0,0.0,Diverged_in_single-cell
ZBTB22,1.0,FALSE,0,0.0,1.0,1.0,0.0028346560883896,1.0,0.0,Diverged_in_single-cell
ZBTB24,1.0,FALSE,0,1.0,0.0,1.0,0.995401267590976,1.0,0.0,Diverged_in_single-cell
ZBTB3,1.0,FALSE,1,0.0,0.0,1.0,1.0,1.0,0.0,Diverged_in_single-cell
ZBTB33,1.0,FALSE,0,0.0,1.0,1.0,0.412946656264295,1.0,0.0,Diverged_in_single-cell
ZBTB39,1.0,FALSE,0,1.0,0.0,1.0,1.0,1.0,0.0,Diverged_in_single-cell
ZBTB41,1.0,FALSE,1,0.0,1.0,1.0,0.469886449477786,1.0,0.0,Diverged_in_single-cell
ZBTB45,1.0,FALSE,1,1.0,0.0,1.0,0.888429506770308,1.0,0.0,Diverged_in_single-cell
ZBTB5,1.0,FALSE,0,0.0,1.0,1.0,0.536803460981004,1.0,0.0,Diverged_in_single-cell
ZBTB6,1.0,FALSE,1,0.0,1.0,1.0,0.792058327238349,1.0,0.0,Diverged_in_single-cell
ZC2HC1C,1.0,FALSE,0,0.0,1.0,1.0,1.0,1.0,0.0,Diverged_in_single-cell
ZC3H10,1.0,FALSE,1,1.0,1.0,1.0,0.70354665918428,1.0,0.0,Diverged_in_single-cell
ZC3H12D,1.0,FALSE,1,0.0,0.0,1.0,0.172116511917152,1.0,0.0,Diverged_in_single-cell
ZC3H14,1.0,FALSE,0,0.0,1.0,1.0,0.703391262539842,1.0,0.0,Diverged_in_single-cell
ZC3H15,1.0,FALSE,1,0.0,0.0,1.0,0.792250856636946,1.0,0.0,Diverged_in_single-cell
ZC3H8,1.0,FALSE,0,0.0,1.0,1.0,,,0.0,Diverged_in_single-cell
ZCCHC3,1.0,FALSE,0,1.0,0.0,1.0,,,0.0,Diverged_in_single-cell
ZCCHC4,1.0,FALSE,0,0.0,1.0,1.0,1.0,1.0,0.0,Diverged_in_single-cell
ZCCHC8,1.0,FALSE,0,0.0,1.0,1.0,1.0,1.0,0.0,Diverged_in_single-cell
ZDHHC19,1.0,FALSE,0,0.0,1.0,1.0,,,0.0,Diverged_in_single-cell
ZDHHC2,1.0,FALSE,0,0.0,1.0,1.0,0.866754878401018,1.0,0.0,Diverged_in_single-cell
ZDHHC4,1.0,FALSE,0,1.0,0.0,1.0,0.124433050895349,1.0,0.0,Diverged_in_single-cell
ZDHHC5,1.0,FALSE,0,1.0,0.0,1.0,1.0,1.0,0.0,Diverged_in_single-cell
ZFAND2A,1.0,FALSE,0,0.0,1.0,1.0,1.0,1.0,0.0,Diverged_in_single-cell
ZFAT,1.0,FALSE,0,0.0,1.0,1.0,0.128350057524579,1.0,0.0,Diverged_in_single-cell
ZFHX2,1.0,FALSE,0,1.0,0.0,1.0,1.0,1.0,0.0,Diverged_in_single-cell
ZFP36,1.0,FALSE,0,1.0,0.0,1.0,1.0,1.0,0.0,Diverged_in_single-cell
ZFP41,1.0,FALSE,0,1.0,0.0,1.0,1.0,1.0,0.0,Diverged_in_single-cell
ZFP91,1.0,FALSE,1,1.0,1.0,1.0,1.0,1.0,0.0,Diverged_in_single-cell
ZFPL1,1.0,FALSE,1,0.0,0.0,1.0,0.922893430289821,1.0,0.0,Diverged_in_single-cell
ZFR2,1.0,FALSE,0,0.0,1.0,1.0,0.742739432829093,1.0,0.0,Diverged_in_single-cell
ZFYVE19,1.0,FALSE,0,0.0,1.0,1.0,1.0,1.0,0.0,Diverged_in_single-cell
ZGLP1,1.0,FALSE,1,0.0,0.0,1.0,0.838768161085514,1.0,0.0,Diverged_in_single-cell
ZGPAT,1.0,FALSE,0,0.0,1.0,1.0,1.0,1.0,0.0,Diverged_in_single-cell
ZHX1,1.0,FALSE,1,1.0,1.0,1.0,0.850579889851105,1.0,0.0,Diverged_in_single-cell
ZIC2,1.0,FALSE,1,0.0,0.0,1.0,1.0,1.0,0.0,Diverged_in_single-cell
ZIC4,1.0,FALSE,1,1.0,0.0,1.0,0.305011421388901,1.0,0.0,Diverged_in_single-cell
ZKSCAN3,1.0,FALSE,0,0.0,1.0,1.0,,,0.0,Diverged_in_single-cell
ZKSCAN7,1.0,FALSE,0,1.0,0.0,1.0,1.29e-06,0.0001651517261661,1.0,Diverged_in_both
ZMAT2,1.0,FALSE,0,0.0,1.0,1.0,0.745245947353574,1.0,0.0,Diverged_in_single-cell
ZMYM1,1.0,FALSE,0,0.0,1.0,1.0,1.0,1.0,0.0,Diverged_in_single-cell
ZMYND19,1.0,FALSE,1,0.0,1.0,1.0,0.487785218453815,1.0,0.0,Diverged_in_single-cell
ZNF10,1.0,FALSE,0,0.0,1.0,1.0,0.531326757053904,1.0,0.0,Diverged_in_single-cell
ZNF101,1.0,FALSE,0,0.0,1.0,1.0,1.0,1.0,0.0,Diverged_in_single-cell
ZNF121,1.0,FALSE,0,0.0,1.0,1.0,1.0,1.0,0.0,Diverged_in_single-cell
ZNF131,1.0,FALSE,0,1.0,0.0,1.0,0.697158798820581,1.0,0.0,Diverged_in_single-cell
ZNF133,1.0,FALSE,0,0.0,1.0,1.0,1.0,1.0,0.0,Diverged_in_single-cell
ZNF14,1.0,FALSE,0,0.0,1.0,1.0,1.0,1.0,0.0,Diverged_in_single-cell
ZNF16,1.0,FALSE,1,0.0,0.0,1.0,0.0016929606279738,0.001706929381068,1.0,Diverged_in_both
ZNF160,1.0,FALSE,1,0.0,0.0,1.0,0.953024356341435,1.0,0.0,Diverged_in_single-cell
ZNF165,1.0,FALSE,0,1.0,1.0,1.0,1.0,1.0,0.0,Diverged_in_single-cell
ZNF17,1.0,FALSE,0,0.0,1.0,1.0,1.0,1.0,0.0,Diverged_in_single-cell
ZNF18,1.0,FALSE,0,0.0,1.0,1.0,1.0,1.0,0.0,Diverged_in_single-cell
ZNF180,1.0,FALSE,0,0.0,1.0,1.0,1.0,1.0,0.0,Diverged_in_single-cell
ZNF182,1.0,FALSE,0,0.0,1.0,1.0,0.136844439058465,1.0,0.0,Diverged_in_single-cell
ZNF184,1.0,FALSE,0,0.0,1.0,1.0,1.0,1.0,0.0,Diverged_in_single-cell
ZNF185,1.0,FALSE,0,0.0,1.0,1.0,0.0004535451497214,0.378594392739613,0.0,Diverged_in_single-cell
ZNF207,1.0,FALSE,0,0.0,1.0,1.0,1.0,1.0,0.0,Diverged_in_single-cell
ZNF212,1.0,FALSE,0,0.0,1.0,1.0,1.0,1.0,0.0,Diverged_in_single-cell
ZNF217,1.0,FALSE,1,0.0,0.0,1.0,1.0,1.0,0.0,Diverged_in_single-cell
ZNF221,1.0,FALSE,0,0.0,1.0,1.0,,,0.0,Diverged_in_single-cell
ZNF232,1.0,FALSE,0,1.0,0.0,1.0,,,0.0,Diverged_in_single-cell
ZNF234,1.0,FALSE,0,0.0,1.0,1.0,1.0,1.0,0.0,Diverged_in_single-cell
ZNF235,1.0,FALSE,0,0.0,1.0,1.0,0.498678347786041,1.0,0.0,Diverged_in_single-cell
ZNF24,1.0,FALSE,1,0.0,0.0,1.0,,,0.0,Diverged_in_single-cell
ZNF250,1.0,FALSE,0,0.0,1.0,1.0,1.0,0.233061656440308,0.0,Diverged_in_single-cell
ZNF260,1.0,FALSE,1,0.0,0.0,1.0,1.0,1.0,0.0,Diverged_in_single-cell
ZNF284,1.0,FALSE,0,0.0,1.0,1.0,0.849716681197072,1.0,0.0,Diverged_in_single-cell
ZNF316,1.0,FALSE,0,0.0,1.0,1.0,0.497059487536639,1.0,0.0,Diverged_in_single-cell
ZNF317,1.0,FALSE,0,0.0,1.0,1.0,0.020886820478913,0.172339021070908,0.0,Diverged_in_single-cell
ZNF322,1.0,FALSE,0,0.0,1.0,1.0,1.0,1.0,0.0,Diverged_in_single-cell
ZNF329,1.0,FALSE,0,0.0,1.0,1.0,1.0,1.0,0.0,Diverged_in_single-cell
ZNF331,1.0,FALSE,1,0.0,0.0,1.0,1.0,1.0,0.0,Diverged_in_single-cell
ZNF333,1.0,FALSE,1,0.0,1.0,1.0,1.0,1.0,0.0,Diverged_in_single-cell
ZNF335,1.0,FALSE,1,0.0,1.0,1.0,1.0,1.0,0.0,Diverged_in_single-cell
ZNF34,1.0,FALSE,0,1.0,0.0,1.0,0.59818048430507,1.0,0.0,Diverged_in_single-cell
ZNF341,1.0,FALSE,0,0.0,1.0,1.0,1.0,1.0,0.0,Diverged_in_single-cell
ZNF345,1.0,FALSE,0,0.0,1.0,1.0,0.893783225198146,1.0,0.0,Diverged_in_single-cell
ZNF346,1.0,FALSE,0,0.0,1.0,1.0,0.72568575656584,1.0,0.0,Diverged_in_single-cell
ZNF358,1.0,FALSE,0,0.0,1.0,1.0,1.0,1.0,0.0,Diverged_in_single-cell
ZNF366,1.0,FALSE,0,1.0,0.0,1.0,0.041478934817115,1.0,0.0,Diverged_in_single-cell
ZNF382,1.0,FALSE,0,0.0,1.0,1.0,1.0,1.0,0.0,Diverged_in_single-cell
ZNF383,1.0,FALSE,0,0.0,1.0,1.0,1.0,1.0,0.0,Diverged_in_single-cell
ZNF385C,1.0,FALSE,1,0.0,0.0,1.0,1.0,1.0,0.0,Diverged_in_single-cell
ZNF394,1.0,FALSE,0,1.0,0.0,1.0,,,0.0,Diverged_in_single-cell
ZNF396,1.0,FALSE,1,0.0,0.0,1.0,,,0.0,Diverged_in_single-cell
ZNF408,1.0,FALSE,1,0.0,0.0,1.0,0.645162448952797,1.0,0.0,Diverged_in_single-cell
ZNF41,1.0,FALSE,0,0.0,1.0,1.0,0.34814572036066,1.0,0.0,Diverged_in_single-cell
ZNF414,1.0,FALSE,1,0.0,0.0,1.0,0.0159390646039253,1.0,0.0,Diverged_in_single-cell
ZNF420,1.0,FALSE,0,0.0,1.0,1.0,1.0,1.0,0.0,Diverged_in_single-cell
ZNF425,1.0,FALSE,1,0.0,0.0,1.0,1.0,1.0,0.0,Diverged_in_single-cell
ZNF432,1.0,FALSE,0,0.0,1.0,1.0,1.0,1.0,0.0,Diverged_in_single-cell
ZNF436,1.0,FALSE,0,1.0,0.0,1.0,8.26e-06,2.49e-06,1.0,Diverged_in_both
ZNF441,1.0,FALSE,0,0.0,1.0,1.0,1.0,1.0,0.0,Diverged_in_single-cell
ZNF445,1.0,FALSE,0,0.0,1.0,1.0,1.0,1.0,0.0,Diverged_in_single-cell
ZNF473,1.0,FALSE,0,1.0,0.0,1.0,1.0,1.0,0.0,Diverged_in_single-cell
ZNF496,1.0,FALSE,1,0.0,0.0,1.0,1.0,1.0,0.0,Diverged_in_single-cell
ZNF501,1.0,FALSE,1,1.0,0.0,1.0,0.0084256224202381,0.0050953174792184,1.0,Diverged_in_both
ZNF502,1.0,FALSE,1,0.0,0.0,1.0,4.79e-05,0.0014228945088242,1.0,Diverged_in_both
ZNF507,1.0,FALSE,0,0.0,1.0,1.0,0.0622965506338449,1.0,0.0,Diverged_in_single-cell
ZNF512,1.0,FALSE,0,1.0,0.0,1.0,0.004067656285219,1.0,0.0,Diverged_in_single-cell
ZNF513,1.0,FALSE,1,0.0,1.0,1.0,0.820030451421339,1.0,0.0,Diverged_in_single-cell
ZNF514,1.0,FALSE,0,0.0,1.0,1.0,0.807502917406187,1.0,0.0,Diverged_in_single-cell
ZNF517,1.0,FALSE,0,0.0,1.0,1.0,1.0,1.0,0.0,Diverged_in_single-cell
ZNF541,1.0,FALSE,1,0.0,1.0,1.0,1.0,1.0,0.0,Diverged_in_single-cell
ZNF548,1.0,FALSE,0,0.0,1.0,1.0,1.0,1.0,0.0,Diverged_in_single-cell
ZNF551,1.0,FALSE,1,1.0,0.0,1.0,1.0,1.0,0.0,Diverged_in_single-cell
ZNF558,1.0,FALSE,0,0.0,1.0,1.0,0.192336197690887,0.0125231198180115,0.0,Diverged_in_single-cell
ZNF564,1.0,FALSE,0,1.0,1.0,1.0,1.0,1.0,0.0,Diverged_in_single-cell
ZNF567,1.0,FALSE,0,0.0,1.0,1.0,0.992486762975978,1.0,0.0,Diverged_in_single-cell
ZNF572,1.0,FALSE,0,0.0,1.0,1.0,1.0,1.0,0.0,Diverged_in_single-cell
ZNF574,1.0,FALSE,1,0.0,0.0,1.0,0.0041928923701367,1.0,0.0,Diverged_in_single-cell
ZNF576,1.0,FALSE,0,1.0,0.0,1.0,0.541564196082956,1.0,0.0,Diverged_in_single-cell
ZNF580,1.0,FALSE,0,1.0,1.0,1.0,,,0.0,Diverged_in_single-cell
ZNF581,1.0,FALSE,1,1.0,1.0,1.0,,,0.0,Diverged_in_single-cell
ZNF582,1.0,FALSE,0,0.0,1.0,1.0,1.0,1.0,0.0,Diverged_in_single-cell
ZNF584,1.0,FALSE,0,0.0,1.0,1.0,1.0,1.0,0.0,Diverged_in_single-cell
ZNF596,1.0,FALSE,1,0.0,0.0,1.0,1.0,1.0,0.0,Diverged_in_single-cell
ZNF599,1.0,FALSE,1,1.0,1.0,1.0,0.11644051532934,1.0,0.0,Diverged_in_single-cell
ZNF605,1.0,FALSE,0,1.0,0.0,1.0,1.0,1.0,0.0,Diverged_in_single-cell
ZNF614,1.0,FALSE,0,1.0,0.0,1.0,0.0295737274105606,1.0,0.0,Diverged_in_single-cell
ZNF619,1.0,FALSE,0,0.0,1.0,1.0,,,0.0,Diverged_in_single-cell
ZNF622,1.0,FALSE,0,0.0,1.0,1.0,1.0,1.0,0.0,Diverged_in_single-cell
ZNF624,1.0,FALSE,1,0.0,0.0,1.0,0.0895341733906801,1.0,0.0,Diverged_in_single-cell
ZNF627,1.0,FALSE,0,0.0,1.0,1.0,1.0,1.0,0.0,Diverged_in_single-cell
ZNF630,1.0,FALSE,1,1.0,0.0,1.0,1.0,1.0,0.0,Diverged_in_single-cell
ZNF654,1.0,FALSE,0,0.0,1.0,1.0,1.0,1.0,0.0,Diverged_in_single-cell
ZNF660,1.0,FALSE,1,0.0,0.0,1.0,0.0452012072434608,0.314635854341737,0.0,Diverged_in_single-cell
ZNF662,1.0,FALSE,1,0.0,0.0,1.0,1.0,0.102232908089741,0.0,Diverged_in_single-cell
ZNF664,1.0,FALSE,0,0.0,1.0,1.0,,,0.0,Diverged_in_single-cell
ZNF667,1.0,FALSE,0,0.0,1.0,1.0,1.0,1.0,0.0,Diverged_in_single-cell
ZNF669,1.0,FALSE,0,1.0,1.0,1.0,0.237071117613134,1.0,0.0,Diverged_in_single-cell
ZNF670,1.0,FALSE,0,1.0,0.0,1.0,0.872992227979275,1.0,0.0,Diverged_in_single-cell
ZNF687,1.0,FALSE,0,0.0,1.0,1.0,0.277002670135788,1.0,0.0,Diverged_in_single-cell
ZNF696,1.0,FALSE,1,0.0,1.0,1.0,1.0,1.0,0.0,Diverged_in_single-cell
ZNF740,1.0,FALSE,1,0.0,0.0,1.0,1.0,1.0,0.0,Diverged_in_single-cell
ZNF749,1.0,FALSE,0,1.0,0.0,1.0,0.0031567998353442,1.0,0.0,Diverged_in_single-cell
ZNF750,1.0,FALSE,0,1.0,1.0,1.0,1.0,1.0,0.0,Diverged_in_single-cell
ZNF75D,1.0,FALSE,0,0.0,1.0,1.0,,,0.0,Diverged_in_single-cell
ZNF77,1.0,FALSE,0,0.0,1.0,1.0,1.0,0.153716146866832,0.0,Diverged_in_single-cell
ZNF782,1.0,FALSE,1,0.0,1.0,1.0,0.486860735329727,1.0,0.0,Diverged_in_single-cell
ZNF784,1.0,FALSE,1,1.0,1.0,1.0,,,0.0,Diverged_in_single-cell
ZNF786,1.0,FALSE,1,0.0,0.0,1.0,1.0,1.0,0.0,Diverged_in_single-cell
ZNF79,1.0,FALSE,0,0.0,1.0,1.0,0.662777204320715,0.297031404878151,0.0,Diverged_in_single-cell
ZNF791,1.0,FALSE,0,0.0,1.0,1.0,1.0,1.0,0.0,Diverged_in_single-cell
ZNF8,1.0,FALSE,0,1.0,1.0,1.0,1.0,0.517817628618846,0.0,Diverged_in_single-cell
ZNF81,1.0,FALSE,0,0.0,1.0,1.0,1.0,1.0,0.0,Diverged_in_single-cell
ZNF823,1.0,FALSE,0,0.0,1.0,1.0,1.0,1.0,0.0,Diverged_in_single-cell
ZNF830,1.0,FALSE,1,0.0,0.0,1.0,0.516437235717352,1.0,0.0,Diverged_in_single-cell
ZNF831,1.0,FALSE,0,0.0,1.0,1.0,1.0,1.0,0.0,Diverged_in_single-cell
ZNF835,1.0,FALSE,0,0.0,1.0,1.0,1.0,1.0,0.0,Diverged_in_single-cell
ZNF836,1.0,FALSE,0,1.0,0.0,1.0,1.0,1.0,0.0,Diverged_in_single-cell
ZNF839,1.0,FALSE,0,1.0,1.0,1.0,0.542691724973343,1.0,0.0,Diverged_in_single-cell
ZNF841,1.0,FALSE,1,0.0,0.0,1.0,1.0,1.0,0.0,Diverged_in_single-cell
ZNF865,1.0,FALSE,1,0.0,0.0,1.0,0.957947378035882,1.0,0.0,Diverged_in_single-cell
ZNFX1,1.0,FALSE,1,0.0,0.0,1.0,1.0,1.0,0.0,Diverged_in_single-cell
ZNHIT2,1.0,FALSE,1,0.0,0.0,1.0,1.0,1.0,0.0,Diverged_in_single-cell
ZNHIT3,1.0,FALSE,1,0.0,0.0,1.0,1.79e-05,8.16e-06,1.0,Diverged_in_both
ZNHIT6,1.0,FALSE,0,1.0,0.0,1.0,0.536803460981004,1.0,0.0,Diverged_in_single-cell
ZNRD1,1.0,FALSE,0,0.0,1.0,1.0,,,0.0,Diverged_in_single-cell
ZP3,1.0,FALSE,1,0.0,0.0,1.0,0.101906894177573,0.0545082827334847,0.0,Diverged_in_single-cell
ZPLD1,1.0,FALSE,0,0.0,1.0,1.0,0.997213955059575,1.0,0.0,Diverged_in_single-cell
ZPR1,1.0,FALSE,1,1.0,1.0,1.0,1.0,1.0,0.0,Diverged_in_single-cell
ZSCAN12,1.0,FALSE,0,1.0,0.0,1.0,1.0,1.0,0.0,Diverged_in_single-cell
ZSCAN16,1.0,FALSE,0,0.0,1.0,1.0,,,0.0,Diverged_in_single-cell
ZSCAN21,1.0,FALSE,1,0.0,0.0,1.0,,,0.0,Diverged_in_single-cell
ZSCAN22,1.0,FALSE,0,1.0,1.0,1.0,1.0,1.0,0.0,Diverged_in_single-cell
ZSCAN25,1.0,FALSE,0,0.0,1.0,1.0,,,0.0,Diverged_in_single-cell
ZSCAN26,1.0,FALSE,1,1.0,1.0,1.0,0.866754878401018,1.0,0.0,Diverged_in_single-cell
ZSCAN4,1.0,FALSE,0,1.0,0.0,1.0,0.507764956704501,1.0,0.0,Diverged_in_single-cell
ZSWIM1,1.0,FALSE,0,0.0,1.0,1.0,1.0,1.0,0.0,Diverged_in_single-cell
ZW10,1.0,FALSE,1,0.0,0.0,1.0,1.0,1.0,0.0,Diverged_in_single-cell
ZXDB,1.0,FALSE,1,1.0,0.0,1.0,1.0,1.0,0.0,Diverged_in_single-cell
ZYG11A,1.0,FALSE,1,1.0,0.0,1.0,1.0,1.0,0.0,Diverged_in_single-cell
APBB1IP,1.0,FALSE,1,0.0,0.0,1.0,1.0,1.0,0.0,Diverged_in_single-cell
C1RL,1.0,FALSE,0,1.0,0.0,1.0,0.0622965506338449,1.0,0.0,Diverged_in_single-cell
CEL,1.0,FALSE,1,1.0,0.0,1.0,1.0,1.0,0.0,Diverged_in_single-cell
CHMP1B,1.0,FALSE,0,1.0,0.0,1.0,0.766071709426265,1.0,0.0,Diverged_in_single-cell
CYP11A1,1.0,FALSE,0,1.0,0.0,1.0,1.0,1.0,0.0,Diverged_in_single-cell
HMG20B,1.0,FALSE,0,0.0,1.0,1.0,1.0,1.0,0.0,Diverged_in_single-cell
RFX8,1.0,FALSE,0,0.0,1.0,1.0,0.318644620932899,0.413213054775573,0.0,Diverged_in_single-cell
COMP,1.0,FALSE,1,0.0,0.0,1.0,1.0,1.0,0.0,Diverged_in_single-cell
POLQ,1.0,FALSE,0,0.0,1.0,1.0,1.0,1.0,0.0,Diverged_in_single-cell
VSIG8,1.0,FALSE,0,1.0,0.0,1.0,0.94990092006713,1.0,0.0,Diverged_in_single-cell
OR2K2,1.0,FALSE,1,1.0,0.0,1.0,,,0.0,Diverged_in_single-cell
BNIP2,1.0,FALSE,0,1.0,0.0,1.0,1.0,1.0,0.0,Diverged_in_single-cell
ZNF474,1.0,FALSE,0,1.0,1.0,1.0,0.0184435262937723,1.0,0.0,Diverged_in_single-cell
BRD4,1.0,FALSE,1,0.0,0.0,1.0,0.665303189576321,1.0,0.0,Diverged_in_single-cell
ALYREF,1.0,FALSE,1,0.0,0.0,1.0,1.0,1.0,0.0,Diverged_in_single-cell
GSDMA,1.0,FALSE,0,1.0,0.0,1.0,0.953243234358046,1.0,0.0,Diverged_in_single-cell
ZNF107,1.0,FALSE,0,1.0,0.0,1.0,1.0,1.0,0.0,Diverged_in_single-cell
ZNF717,1.0,FALSE,0,0.0,1.0,1.0,0.647470550765929,1.0,0.0,Diverged_in_single-cell
MEGF6,1.0,FALSE,0,1.0,0.0,1.0,1.0,1.0,0.0,Diverged_in_single-cell
PAICS,1.0,FALSE,1,0.0,0.0,1.0,1.0,1.0,0.0,Diverged_in_single-cell
PCDH8,1.0,FALSE,0,0.0,1.0,1.0,1.0,1.0,0.0,Diverged_in_single-cell
PRPF6,1.0,FALSE,0,1.0,0.0,1.0,0.859108164533028,1.0,0.0,Diverged_in_single-cell
SEC16B,1.0,FALSE,0,0.0,1.0,1.0,0.0005584084477514,1.0,0.0,Diverged_in_single-cell
TREH,1.0,FALSE,0,1.0,0.0,1.0,1.0,1.0,0.0,Diverged_in_single-cell
VWDE,1.0,FALSE,0,0.0,1.0,1.0,0.299115369088719,1.0,0.0,Diverged_in_single-cell
ZNF570,1.0,FALSE,0,0.0,1.0,1.0,0.944878695070727,1.0,0.0,Diverged_in_single-cell
